control_over_dns,domain_indexed,known_hosting,is_archived,is_on_root,is_subdomain,between_archives_distance,phish_archives_distance,new_domain,sample_id,actual,predicted
0.0,0.0,0.0,1.0,0.0,1.0,69,196,1.0,66239a74a9efe18f4d85b32d,attackers_domain,attackers_domain
1.0,0.0,0.0,0.0,0.0,1.0,-2,-2,1.0,66239a74a9efe18f4d85b32e,attackers_domain,attackers_domain
0.0,0.0,0.0,1.0,0.0,1.0,387,401,1.0,66239a74a9efe18f4d85b32f,shared_domain,attackers_domain
1.0,1.0,0.0,1.0,1.0,0.0,14,189,1.0,66239a74a9efe18f4d85b332,attackers_domain,attackers_domain
1.0,0.0,0.0,0.0,0.0,1.0,-2,-2,1.0,66239a74a9efe18f4d85b333,attackers_domain,attackers_domain
1.0,0.0,0.0,0.0,1.0,0.0,-2,-2,1.0,66239a74a9efe18f4d85b33e,attackers_domain,attackers_domain
1.0,1.0,1.0,1.0,0.0,0.0,0,175,0.0,66239a74a9efe18f4d85b350,shared_domain,shared_domain
1.0,1.0,1.0,1.0,0.0,0.0,0,175,0.0,66239a74a9efe18f4d85b352,shared_domain,shared_domain
1.0,1.0,1.0,1.0,0.0,1.0,115,48,0.0,6623a094a9efe18f4d85b364,shared_domain,shared_domain
1.0,1.0,1.0,1.0,0.0,1.0,-1,203,0.0,6623a094a9efe18f4d85b368,shared_domain,shared_domain
1.0,1.0,1.0,1.0,0.0,1.0,-1,203,0.0,6623a901a9efe18f4d85b37f,shared_domain,shared_domain
1.0,1.0,1.0,1.0,0.0,1.0,49,554,0.0,6623af30a9efe18f4d85b3b5,shared_domain,shared_domain
0.0,1.0,0.0,1.0,0.0,1.0,42,41,0.0,6623af31a9efe18f4d85b3b9,shared_domain,shared_domain
0.0,1.0,1.0,1.0,0.0,1.0,378,200,0.0,6623af32a9efe18f4d85b3bb,shared_domain,shared_domain
1.0,1.0,0.0,1.0,0.0,0.0,133,246,0.0,6623af33a9efe18f4d85b3be,attackers_domain,compromised_domain
1.0,0.0,0.0,0.0,0.0,1.0,-2,-2,1.0,6623b027a9efe18f4d85b3d5,attackers_domain,attackers_domain
1.0,0.0,0.0,1.0,1.0,0.0,-1,24,1.0,6623b029a9efe18f4d85b3d9,attackers_domain,attackers_domain
1.0,1.0,1.0,1.0,0.0,1.0,49,554,0.0,6623b02ba9efe18f4d85b3e0,shared_domain,shared_domain
0.0,1.0,1.0,1.0,0.0,1.0,54,199,0.0,6623b02ca9efe18f4d85b3e2,shared_domain,shared_domain
0.0,1.0,0.0,1.0,0.0,1.0,1368,77,0.0,6623b030a9efe18f4d85b3ec,shared_domain,shared_domain
1.0,1.0,0.0,1.0,0.0,1.0,1995,53,0.0,6623b035a9efe18f4d85b3f6,shared_domain,shared_domain
0.0,1.0,1.0,1.0,0.0,1.0,378,156,0.0,6623b03da9efe18f4d85b404,shared_domain,shared_domain
1.0,1.0,1.0,1.0,0.0,1.0,115,53,0.0,6623b04aa9efe18f4d85b424,shared_domain,shared_domain
1.0,0.0,0.0,0.0,1.0,0.0,-2,-2,1.0,6623b04ca9efe18f4d85b42a,attackers_domain,attackers_domain
1.0,0.0,0.0,0.0,1.0,0.0,-2,-2,1.0,6623b04da9efe18f4d85b42c,attackers_domain,attackers_domain
1.0,0.0,0.0,1.0,1.0,0.0,-1,9,1.0,6623b04fa9efe18f4d85b430,attackers_domain,attackers_domain
1.0,0.0,0.0,0.0,1.0,0.0,-2,-2,1.0,6623b050a9efe18f4d85b433,attackers_domain,attackers_domain
1.0,1.0,0.0,1.0,0.0,1.0,21,167,0.0,6623b055a9efe18f4d85b443,shared_domain,shared_domain
1.0,1.0,1.0,1.0,0.0,1.0,225,73,0.0,6623b05aa9efe18f4d85b456,shared_domain,shared_domain
1.0,1.0,1.0,1.0,0.0,1.0,652,250,0.0,6623b05ca9efe18f4d85b45c,shared_domain,shared_domain
0.0,1.0,0.0,0.0,0.0,1.0,-2,-2,0.0,6623b05fa9efe18f4d85b463,shared_domain,shared_domain
0.0,0.0,0.0,0.0,0.0,1.0,-2,-2,1.0,6623b061a9efe18f4d85b46a,attackers_domain,attackers_domain
0.0,1.0,0.0,1.0,0.0,1.0,304,222,0.0,6623b061a9efe18f4d85b46b,shared_domain,shared_domain
0.0,0.0,0.0,0.0,0.0,1.0,-2,-2,1.0,6623b066a9efe18f4d85b479,attackers_domain,attackers_domain
1.0,0.0,0.0,1.0,1.0,0.0,0,203,1.0,6623b068a9efe18f4d85b482,attackers_domain,attackers_domain
1.0,0.0,0.0,0.0,0.0,1.0,-2,-2,1.0,6623b06ba9efe18f4d85b48a,attackers_domain,attackers_domain
0.0,0.0,0.0,0.0,0.0,1.0,-2,-2,1.0,6623b06ba9efe18f4d85b48c,attackers_domain,attackers_domain
0.0,0.0,0.0,0.0,0.0,1.0,-2,-2,1.0,6623b06da9efe18f4d85b491,attackers_domain,attackers_domain
1.0,0.0,0.0,0.0,0.0,1.0,-2,-2,1.0,6623b06da9efe18f4d85b492,attackers_domain,attackers_domain
0.0,0.0,0.0,0.0,0.0,1.0,-2,-2,1.0,6623b06fa9efe18f4d85b497,attackers_domain,attackers_domain
0.0,0.0,0.0,0.0,0.0,1.0,-2,-2,1.0,6623b070a9efe18f4d85b49b,attackers_domain,attackers_domain
1.0,0.0,0.0,1.0,0.0,1.0,-2,-2,1.0,6623b072a9efe18f4d85b4a3,attackers_domain,attackers_domain
0.0,0.0,0.0,0.0,0.0,1.0,-2,-2,1.0,6623b073a9efe18f4d85b4a4,attackers_domain,attackers_domain
0.0,0.0,0.0,0.0,0.0,1.0,-2,-2,1.0,6623b075a9efe18f4d85b4ab,attackers_domain,attackers_domain
0.0,1.0,0.0,1.0,0.0,1.0,555,27,0.0,6623b07da9efe18f4d85b4c5,shared_domain,shared_domain
1.0,1.0,0.0,1.0,0.0,1.0,387,3670,0.0,6623b07fa9efe18f4d85b4ca,shared_domain,compromised_domain
0.0,1.0,0.0,1.0,0.0,1.0,555,20,0.0,6623b083a9efe18f4d85b4d5,shared_domain,shared_domain
0.0,1.0,0.0,1.0,0.0,1.0,555,30,0.0,6623b083a9efe18f4d85b4d6,shared_domain,shared_domain
0.0,1.0,0.0,1.0,0.0,1.0,555,23,0.0,6623b088a9efe18f4d85b4e4,shared_domain,shared_domain
1.0,0.0,0.0,1.0,0.0,1.0,-2,-2,1.0,6623b08ba9efe18f4d85b4e9,attackers_domain,attackers_domain
0.0,1.0,0.0,1.0,0.0,1.0,555,27,0.0,6623b08da9efe18f4d85b4ef,shared_domain,shared_domain
0.0,1.0,0.0,1.0,0.0,1.0,555,30,0.0,6623b090a9efe18f4d85b4f8,shared_domain,shared_domain
0.0,1.0,0.0,1.0,0.0,1.0,555,29,0.0,6623b091a9efe18f4d85b4f9,shared_domain,shared_domain
1.0,0.0,0.0,0.0,0.0,0.0,-2,-2,1.0,6623b095a9efe18f4d85b501,attackers_domain,attackers_domain
1.0,1.0,1.0,1.0,0.0,1.0,115,404,0.0,6623b099a9efe18f4d85b50b,shared_domain,shared_domain
1.0,1.0,1.0,1.0,0.0,1.0,115,404,0.0,6623b09aa9efe18f4d85b50e,shared_domain,shared_domain
1.0,1.0,1.0,1.0,0.0,1.0,115,404,0.0,6623b09ba9efe18f4d85b513,shared_domain,shared_domain
1.0,1.0,1.0,1.0,0.0,1.0,115,404,0.0,6623b09ca9efe18f4d85b516,shared_domain,shared_domain
1.0,0.0,0.0,1.0,0.0,1.0,106,177,1.0,6623b09da9efe18f4d85b518,attackers_domain,attackers_domain
0.0,0.0,0.0,1.0,0.0,1.0,69,196,1.0,6623b09ea9efe18f4d85b51c,attackers_domain,attackers_domain
1.0,1.0,1.0,1.0,0.0,1.0,115,404,0.0,6623b0a2a9efe18f4d85b529,shared_domain,shared_domain
1.0,1.0,1.0,1.0,0.0,1.0,115,404,0.0,6623b0a4a9efe18f4d85b530,shared_domain,shared_domain
1.0,1.0,1.0,1.0,0.0,1.0,115,404,0.0,6623b0a6a9efe18f4d85b539,shared_domain,shared_domain
1.0,1.0,1.0,1.0,0.0,1.0,115,404,0.0,6623b0a7a9efe18f4d85b53b,shared_domain,shared_domain
1.0,1.0,1.0,1.0,0.0,1.0,115,404,0.0,6623b0aaa9efe18f4d85b544,shared_domain,shared_domain
1.0,1.0,1.0,1.0,0.0,1.0,115,404,0.0,6623b0aba9efe18f4d85b547,shared_domain,shared_domain
1.0,1.0,1.0,1.0,0.0,1.0,115,404,0.0,6623b0aba9efe18f4d85b549,shared_domain,shared_domain
1.0,1.0,1.0,1.0,0.0,1.0,115,404,0.0,6623b0aca9efe18f4d85b54b,shared_domain,shared_domain
1.0,1.0,1.0,1.0,0.0,1.0,115,404,0.0,6623b0aca9efe18f4d85b54c,shared_domain,shared_domain
1.0,1.0,1.0,1.0,0.0,1.0,115,404,0.0,6623b0aea9efe18f4d85b552,shared_domain,shared_domain
1.0,1.0,1.0,1.0,0.0,1.0,115,404,0.0,6623b0afa9efe18f4d85b554,shared_domain,shared_domain
1.0,1.0,1.0,1.0,0.0,1.0,115,404,0.0,6623b0afa9efe18f4d85b555,shared_domain,shared_domain
1.0,1.0,1.0,1.0,0.0,1.0,49,43,0.0,6623b67ba9efe18f4d85b582,shared_domain,shared_domain
1.0,1.0,1.0,1.0,0.0,1.0,-1,203,0.0,6623b67ba9efe18f4d85b583,shared_domain,shared_domain
1.0,0.0,0.0,0.0,1.0,0.0,-2,-2,1.0,6623ba37a9efe18f4d85b58b,attackers_domain,attackers_domain
1.0,0.0,0.0,0.0,0.0,1.0,-2,-2,1.0,6623bdd7a9efe18f4d85b58f,attackers_domain,attackers_domain
1.0,0.0,0.0,1.0,1.0,0.0,-1,11,1.0,6623cc4aa9efe18f4d85b5c8,attackers_domain,attackers_domain
0.0,1.0,1.0,1.0,0.0,1.0,378,179,0.0,6623cc4aa9efe18f4d85b5d0,shared_domain,shared_domain
1.0,1.0,1.0,1.0,0.0,1.0,49,43,0.0,6623d3a7a9efe18f4d85b5db,shared_domain,shared_domain
1.0,1.0,1.0,1.0,0.0,1.0,115,525,0.0,6623d3a7a9efe18f4d85b5e0,shared_domain,shared_domain
1.0,1.0,1.0,1.0,0.0,1.0,4,207,0.0,6623d4e9a9efe18f4d85b5ee,shared_domain,shared_domain
1.0,0.0,0.0,0.0,0.0,1.0,-2,-2,1.0,6623de70a9efe18f4d85b60f,attackers_domain,attackers_domain
1.0,1.0,0.0,1.0,0.0,1.0,1644,479,0.0,6623e365a9efe18f4d85b627,shared_domain,shared_domain
1.0,1.0,1.0,1.0,0.0,1.0,115,48,0.0,6623e961a9efe18f4d85b635,shared_domain,shared_domain
1.0,1.0,0.0,0.0,0.0,0.0,-2,-2,1.0,6623ecfca9efe18f4d85b643,attackers_domain,attackers_domain
1.0,1.0,1.0,1.0,0.0,1.0,-1,205,0.0,6623f1f3a9efe18f4d85b657,shared_domain,shared_domain
1.0,0.0,0.0,0.0,1.0,0.0,-2,-2,1.0,6623f807a9efe18f4d85b65e,attackers_domain,attackers_domain
0.0,1.0,1.0,1.0,0.0,1.0,4,183,0.0,6623f807a9efe18f4d85b664,shared_domain,shared_domain
1.0,0.0,0.0,1.0,0.0,0.0,-2,-2,1.0,6624008da9efe18f4d85b689,attackers_domain,attackers_domain
0.0,1.0,0.0,1.0,0.0,1.0,42,44,0.0,6624030ca9efe18f4d85b690,shared_domain,shared_domain
1.0,1.0,1.0,1.0,0.0,1.0,-1,204,0.0,66240a46a9efe18f4d85b6b6,shared_domain,shared_domain
0.0,1.0,1.0,1.0,0.0,1.0,77,149,0.0,66240f2aa9efe18f4d85b6cd,shared_domain,shared_domain
1.0,1.0,0.0,1.0,0.0,1.0,430,241,0.0,66240f2aa9efe18f4d85b6d4,shared_domain,shared_domain
0.0,1.0,1.0,1.0,0.0,1.0,77,136,0.0,66240f2aa9efe18f4d85b6d5,shared_domain,shared_domain
0.0,1.0,1.0,1.0,0.0,1.0,4,211,0.0,66240f2aa9efe18f4d85b6d7,shared_domain,shared_domain
0.0,1.0,1.0,1.0,0.0,1.0,77,152,0.0,66240f2aa9efe18f4d85b6d8,shared_domain,shared_domain
0.0,1.0,0.0,1.0,0.0,1.0,336,73,0.0,66240f2aa9efe18f4d85b6da,shared_domain,shared_domain
0.0,1.0,1.0,1.0,0.0,1.0,4,48,0.0,66240f2aa9efe18f4d85b6dc,shared_domain,shared_domain
1.0,1.0,0.0,1.0,0.0,1.0,391,98,0.0,66240f2aa9efe18f4d85b6de,shared_domain,shared_domain
1.0,1.0,1.0,1.0,0.0,1.0,320,61,0.0,66240f2aa9efe18f4d85b6e0,shared_domain,shared_domain
1.0,0.0,0.0,0.0,1.0,0.0,-2,-2,1.0,66240f2aa9efe18f4d85b6e2,attackers_domain,attackers_domain
1.0,1.0,0.0,1.0,0.0,0.0,4432,461,0.0,66240f2aa9efe18f4d85b6eb,shared_domain,shared_domain
1.0,1.0,1.0,1.0,0.0,1.0,115,57,0.0,6624117da9efe18f4d85b6f3,shared_domain,shared_domain
0.0,1.0,0.0,1.0,0.0,1.0,42,60,0.0,662418b1a9efe18f4d85b6f8,shared_domain,shared_domain
1.0,1.0,1.0,1.0,0.0,1.0,115,41,0.0,66241c50a9efe18f4d85b707,shared_domain,shared_domain
1.0,1.0,0.0,1.0,0.0,0.0,9,1559,0.0,66241c50a9efe18f4d85b70e,compromised_domain,compromised_domain
1.0,1.0,1.0,1.0,0.0,1.0,-1,204,0.0,66241c50a9efe18f4d85b716,shared_domain,shared_domain
0.0,1.0,0.0,1.0,0.0,1.0,43,11,0.0,66241d83a9efe18f4d85b71a,shared_domain,shared_domain
0.0,1.0,0.0,1.0,0.0,1.0,43,54,0.0,66241d83a9efe18f4d85b71b,shared_domain,shared_domain
1.0,1.0,1.0,1.0,0.0,1.0,54,208,0.0,66241d83a9efe18f4d85b71e,shared_domain,shared_domain
0.0,1.0,1.0,1.0,0.0,1.0,378,174,0.0,6624273ca9efe18f4d85b73b,shared_domain,shared_domain
1.0,1.0,1.0,1.0,0.0,1.0,115,41,0.0,66242ca5a9efe18f4d85b754,shared_domain,shared_domain
1.0,1.0,1.0,1.0,0.0,1.0,225,651,0.0,66242ca5a9efe18f4d85b757,shared_domain,shared_domain
1.0,0.0,0.0,0.0,0.0,1.0,-2,-2,1.0,66242e73a9efe18f4d85b758,attackers_domain,attackers_domain
1.0,0.0,0.0,0.0,0.0,1.0,-2,-2,1.0,66242e73a9efe18f4d85b75a,attackers_domain,attackers_domain
1.0,1.0,1.0,1.0,0.0,1.0,49,61,0.0,662435a7a9efe18f4d85b76c,shared_domain,shared_domain
1.0,1.0,0.0,1.0,0.0,1.0,42,60,0.0,662435a7a9efe18f4d85b770,shared_domain,shared_domain
1.0,1.0,1.0,1.0,0.0,1.0,115,51,0.0,662435a7a9efe18f4d85b775,shared_domain,shared_domain
1.0,1.0,1.0,1.0,0.0,1.0,49,60,0.0,662435a7a9efe18f4d85b786,shared_domain,shared_domain
1.0,1.0,1.0,1.0,0.0,1.0,115,51,0.0,662435a7a9efe18f4d85b788,shared_domain,shared_domain
1.0,1.0,1.0,1.0,0.0,1.0,-1,204,0.0,6624395da9efe18f4d85b78e,shared_domain,shared_domain
0.0,0.0,0.0,0.0,0.0,1.0,-2,-2,1.0,66243aeca9efe18f4d85b78f,attackers_domain,attackers_domain
1.0,0.0,0.0,1.0,1.0,0.0,-1,7,1.0,66243cf8a9efe18f4d85b79d,attackers_domain,attackers_domain
1.0,1.0,1.0,1.0,0.0,1.0,-1,203,0.0,66244978a9efe18f4d85b897,shared_domain,shared_domain
0.0,1.0,0.0,1.0,0.0,1.0,538,5,0.0,662457cea9efe18f4d85b8b6,shared_domain,shared_domain
0.0,1.0,0.0,0.0,0.0,1.0,-2,-2,0.0,662457cea9efe18f4d85b8bc,shared_domain,shared_domain
1.0,1.0,0.0,1.0,0.0,0.0,-1,102,1.0,662457cfa9efe18f4d85b8c1,attackers_domain,attackers_domain
1.0,1.0,0.0,1.0,0.0,1.0,1995,141,0.0,662457d0a9efe18f4d85b8c4,shared_domain,shared_domain
0.0,1.0,0.0,1.0,0.0,1.0,1995,141,0.0,662457d3a9efe18f4d85b8ce,shared_domain,shared_domain
0.0,1.0,0.0,1.0,0.0,1.0,21,70,0.0,662457d5a9efe18f4d85b8d3,shared_domain,shared_domain
0.0,1.0,0.0,1.0,0.0,1.0,12,180,0.0,662457e2a9efe18f4d85b8fc,shared_domain,shared_domain
0.0,1.0,0.0,1.0,0.0,1.0,12,180,0.0,662457e4a9efe18f4d85b902,shared_domain,shared_domain
1.0,1.0,0.0,1.0,0.0,1.0,1995,156,0.0,662457e6a9efe18f4d85b909,shared_domain,shared_domain
0.0,1.0,0.0,1.0,0.0,1.0,0,24,0.0,662457e9a9efe18f4d85b913,shared_domain,shared_domain
1.0,0.0,0.0,0.0,0.0,1.0,-2,-2,1.0,662457eba9efe18f4d85b918,attackers_domain,attackers_domain
0.0,1.0,1.0,1.0,0.0,1.0,378,164,0.0,662457f3a9efe18f4d85b92d,shared_domain,shared_domain
0.0,1.0,1.0,1.0,0.0,1.0,378,164,0.0,662457f3a9efe18f4d85b92e,shared_domain,shared_domain
1.0,1.0,1.0,1.0,0.0,1.0,115,316,0.0,662457fca9efe18f4d85b93e,shared_domain,shared_domain
0.0,1.0,0.0,1.0,0.0,1.0,-1,686,0.0,662457fca9efe18f4d85b93f,attackers_domain,attackers_domain
1.0,1.0,0.0,1.0,0.0,1.0,2435,18,0.0,66245804a9efe18f4d85b950,shared_domain,shared_domain
1.0,1.0,0.0,1.0,0.0,0.0,-1,1146,1.0,6624580aa9efe18f4d85b962,attackers_domain,attackers_domain
0.0,1.0,1.0,1.0,0.0,1.0,77,198,0.0,6624580da9efe18f4d85b96b,shared_domain,shared_domain
1.0,1.0,0.0,1.0,0.0,0.0,4432,454,0.0,66245812a9efe18f4d85b972,shared_domain,shared_domain
0.0,1.0,0.0,1.0,0.0,1.0,304,111,0.0,6624581ca9efe18f4d85b97c,shared_domain,shared_domain
1.0,0.0,0.0,0.0,1.0,0.0,-2,-2,1.0,6624581ca9efe18f4d85b97d,attackers_domain,attackers_domain
1.0,1.0,1.0,1.0,0.0,1.0,115,525,0.0,6624581fa9efe18f4d85b982,shared_domain,shared_domain
0.0,0.0,0.0,0.0,0.0,1.0,-2,-2,1.0,66245820a9efe18f4d85b983,attackers_domain,attackers_domain
1.0,0.0,0.0,0.0,0.0,0.0,-2,-2,1.0,66245821a9efe18f4d85b986,attackers_domain,attackers_domain
0.0,1.0,0.0,1.0,0.0,1.0,4,101,0.0,66245826a9efe18f4d85b992,shared_domain,shared_domain
0.0,1.0,0.0,1.0,0.0,1.0,304,565,0.0,6624582aa9efe18f4d85b99c,shared_domain,shared_domain
1.0,1.0,0.0,1.0,0.0,0.0,4432,393,0.0,6624582ba9efe18f4d85b99d,shared_domain,shared_domain
0.0,1.0,1.0,1.0,0.0,1.0,378,199,0.0,6624582ea9efe18f4d85b9a4,shared_domain,shared_domain
1.0,1.0,0.0,1.0,0.0,1.0,2435,127,0.0,66245830a9efe18f4d85b9a9,shared_domain,shared_domain
0.0,1.0,1.0,1.0,0.0,1.0,378,185,0.0,6624583da9efe18f4d85b9d5,shared_domain,shared_domain
1.0,1.0,1.0,1.0,0.0,1.0,115,404,0.0,6624583fa9efe18f4d85b9db,shared_domain,shared_domain
1.0,1.0,1.0,1.0,0.0,1.0,115,404,0.0,66245841a9efe18f4d85b9e1,shared_domain,shared_domain
0.0,1.0,0.0,1.0,0.0,1.0,387,130,0.0,66245842a9efe18f4d85b9e5,shared_domain,shared_domain
1.0,0.0,0.0,1.0,0.0,0.0,-2,-2,1.0,66245846a9efe18f4d85b9f3,attackers_domain,attackers_domain
1.0,1.0,1.0,1.0,0.0,1.0,115,404,0.0,66245847a9efe18f4d85b9f4,shared_domain,shared_domain
1.0,1.0,1.0,1.0,0.0,1.0,115,404,0.0,66245847a9efe18f4d85b9f5,shared_domain,shared_domain
1.0,1.0,1.0,1.0,0.0,1.0,115,404,0.0,66245848a9efe18f4d85b9f7,shared_domain,shared_domain
0.0,1.0,0.0,1.0,0.0,1.0,304,66,0.0,6624584aa9efe18f4d85b9fd,shared_domain,shared_domain
1.0,1.0,1.0,1.0,0.0,1.0,115,404,0.0,6624584ca9efe18f4d85ba03,shared_domain,shared_domain
1.0,1.0,1.0,1.0,0.0,1.0,115,404,0.0,6624584da9efe18f4d85ba09,shared_domain,shared_domain
1.0,1.0,1.0,1.0,0.0,1.0,115,404,0.0,6624584ea9efe18f4d85ba0c,shared_domain,shared_domain
1.0,1.0,1.0,1.0,0.0,1.0,115,404,0.0,66245852a9efe18f4d85ba19,shared_domain,shared_domain
1.0,1.0,1.0,1.0,0.0,1.0,115,404,0.0,66245854a9efe18f4d85ba1d,shared_domain,shared_domain
1.0,1.0,1.0,1.0,0.0,1.0,115,404,0.0,66245855a9efe18f4d85ba21,shared_domain,shared_domain
1.0,1.0,1.0,1.0,0.0,1.0,115,404,0.0,66245858a9efe18f4d85ba2a,shared_domain,shared_domain
1.0,1.0,1.0,1.0,0.0,1.0,115,404,0.0,66245858a9efe18f4d85ba2b,shared_domain,shared_domain
1.0,1.0,1.0,1.0,0.0,1.0,115,404,0.0,6624585aa9efe18f4d85ba30,shared_domain,shared_domain
1.0,1.0,1.0,1.0,0.0,1.0,115,404,0.0,6624585da9efe18f4d85ba3a,shared_domain,shared_domain
1.0,1.0,1.0,1.0,0.0,1.0,115,404,0.0,6624585ea9efe18f4d85ba3f,shared_domain,shared_domain
1.0,1.0,1.0,1.0,0.0,1.0,115,404,0.0,6624585fa9efe18f4d85ba41,shared_domain,shared_domain
1.0,1.0,1.0,1.0,0.0,1.0,115,404,0.0,66245865a9efe18f4d85ba54,shared_domain,shared_domain
1.0,1.0,1.0,1.0,0.0,1.0,115,404,0.0,66245866a9efe18f4d85ba56,shared_domain,shared_domain
1.0,0.0,0.0,0.0,0.0,0.0,-2,-2,1.0,66245a56a9efe18f4d85ba5a,attackers_domain,attackers_domain
1.0,1.0,1.0,1.0,0.0,1.0,115,48,0.0,66246458a9efe18f4d85c15c,shared_domain,shared_domain
1.0,1.0,1.0,1.0,0.0,1.0,115,44,0.0,66246458a9efe18f4d85c167,shared_domain,shared_domain
1.0,0.0,0.0,1.0,0.0,0.0,-1,7,1.0,662467e0a9efe18f4d85c1b5,attackers_domain,attackers_domain
1.0,1.0,1.0,1.0,0.0,1.0,-1,204,0.0,66246b8ca9efe18f4d85c1de,shared_domain,shared_domain
0.0,1.0,0.0,1.0,0.0,1.0,42,44,0.0,66246f25a9efe18f4d85c1f2,shared_domain,shared_domain
0.0,1.0,0.0,1.0,0.0,1.0,42,48,0.0,66246f25a9efe18f4d85c1f3,shared_domain,shared_domain
0.0,1.0,1.0,1.0,0.0,1.0,378,167,0.0,66246f25a9efe18f4d85c1fa,shared_domain,shared_domain
1.0,1.0,0.0,1.0,0.0,1.0,1995,149,0.0,66246f25a9efe18f4d85c209,shared_domain,shared_domain
1.0,0.0,0.0,0.0,0.0,1.0,-2,-2,1.0,66246f26a9efe18f4d85c20c,attackers_domain,attackers_domain
1.0,1.0,1.0,1.0,0.0,1.0,115,44,0.0,66246f26a9efe18f4d85c20e,shared_domain,shared_domain
0.0,1.0,0.0,1.0,0.0,1.0,42,43,0.0,66246f26a9efe18f4d85c212,shared_domain,shared_domain
1.0,1.0,1.0,1.0,0.0,1.0,115,188,0.0,66247680a9efe18f4d85c24b,shared_domain,shared_domain
0.0,0.0,0.0,0.0,0.0,1.0,-2,-2,1.0,66247dbba9efe18f4d85c264,attackers_domain,attackers_domain
1.0,1.0,1.0,1.0,0.0,1.0,115,44,0.0,66247dbba9efe18f4d85c26a,shared_domain,shared_domain
1.0,1.0,1.0,1.0,0.0,1.0,115,48,0.0,66247dbba9efe18f4d85c270,shared_domain,shared_domain
1.0,1.0,1.0,1.0,0.0,1.0,115,48,0.0,66247dbba9efe18f4d85c275,shared_domain,shared_domain
1.0,1.0,1.0,1.0,0.0,1.0,115,48,0.0,66247dbba9efe18f4d85c278,shared_domain,shared_domain
1.0,1.0,1.0,1.0,0.0,1.0,115,48,0.0,66247dbba9efe18f4d85c27c,shared_domain,shared_domain
1.0,1.0,1.0,1.0,0.0,1.0,115,48,0.0,66248158a9efe18f4d85c28b,shared_domain,shared_domain
1.0,1.0,1.0,1.0,0.0,1.0,115,48,0.0,662488b8a9efe18f4d85c2ac,shared_domain,shared_domain
1.0,1.0,1.0,1.0,0.0,1.0,115,48,0.0,662488b8a9efe18f4d85c2b7,shared_domain,shared_domain
1.0,1.0,1.0,1.0,0.0,1.0,49,61,0.0,662488b9a9efe18f4d85c2bf,shared_domain,shared_domain
1.0,1.0,1.0,1.0,0.0,1.0,115,48,0.0,66249744a9efe18f4d85c2f1,shared_domain,shared_domain
1.0,1.0,1.0,1.0,0.0,1.0,115,48,0.0,66249744a9efe18f4d85c2f3,shared_domain,shared_domain
1.0,1.0,1.0,1.0,0.0,1.0,115,48,0.0,66249744a9efe18f4d85c2fa,shared_domain,shared_domain
1.0,1.0,1.0,1.0,0.0,1.0,115,48,0.0,66249744a9efe18f4d85c2fc,shared_domain,shared_domain
1.0,1.0,1.0,1.0,0.0,1.0,115,48,0.0,66249744a9efe18f4d85c2ff,shared_domain,shared_domain
1.0,1.0,1.0,1.0,0.0,1.0,115,48,0.0,66249744a9efe18f4d85c303,shared_domain,shared_domain
1.0,1.0,1.0,1.0,0.0,1.0,49,595,0.0,66249e72a9efe18f4d85c30f,shared_domain,shared_domain
1.0,1.0,1.0,1.0,0.0,1.0,115,48,0.0,66249e72a9efe18f4d85c312,shared_domain,shared_domain
1.0,1.0,1.0,1.0,0.0,1.0,115,48,0.0,66249e72a9efe18f4d85c313,shared_domain,shared_domain
0.0,1.0,0.0,1.0,0.0,1.0,42,31,0.0,66249fb5a9efe18f4d85c326,shared_domain,shared_domain
1.0,1.0,1.0,1.0,0.0,1.0,115,48,0.0,6624acd4a9efe18f4d85c345,shared_domain,shared_domain
1.0,1.0,1.0,1.0,0.0,1.0,115,48,0.0,6624acd4a9efe18f4d85c347,shared_domain,shared_domain
1.0,1.0,1.0,1.0,0.0,1.0,115,48,0.0,6624acd4a9efe18f4d85c34c,shared_domain,shared_domain
1.0,1.0,1.0,1.0,0.0,1.0,115,316,0.0,6624ae16a9efe18f4d85c353,shared_domain,shared_domain
0.0,1.0,1.0,1.0,0.0,1.0,77,187,0.0,6624ae16a9efe18f4d85c356,shared_domain,shared_domain
1.0,1.0,1.0,1.0,0.0,1.0,115,48,0.0,6624b430a9efe18f4d85c362,shared_domain,shared_domain
1.0,1.0,1.0,1.0,0.0,1.0,115,48,0.0,6624b431a9efe18f4d85c3a6,shared_domain,shared_domain
1.0,1.0,1.0,1.0,0.0,1.0,115,48,0.0,6624b431a9efe18f4d85c3a8,shared_domain,shared_domain
1.0,1.0,1.0,1.0,0.0,1.0,115,48,0.0,6624b431a9efe18f4d85c3a9,shared_domain,shared_domain
1.0,1.0,1.0,1.0,0.0,1.0,115,48,0.0,6624b431a9efe18f4d85c3ae,shared_domain,shared_domain
1.0,0.0,0.0,0.0,0.0,1.0,-2,-2,1.0,6624bb61a9efe18f4d85c3bc,attackers_domain,attackers_domain
1.0,1.0,1.0,1.0,0.0,1.0,4,211,0.0,6624bc9ca9efe18f4d85c3c5,shared_domain,shared_domain
0.0,1.0,0.0,1.0,0.0,1.0,82,3789,0.0,6624c2b4a9efe18f4d85c3cc,shared_domain,shared_domain
1.0,1.0,1.0,1.0,0.0,1.0,49,47,0.0,6624c2b4a9efe18f4d85c3ce,shared_domain,shared_domain
1.0,1.0,1.0,1.0,0.0,1.0,115,48,0.0,6624c2b4a9efe18f4d85c3d5,shared_domain,shared_domain
1.0,0.0,0.0,0.0,0.0,1.0,-2,-2,1.0,6624c2b4a9efe18f4d85c3d7,attackers_domain,attackers_domain
1.0,1.0,1.0,1.0,0.0,1.0,115,48,0.0,6624c2b4a9efe18f4d85c3d8,shared_domain,shared_domain
0.0,1.0,0.0,1.0,0.0,1.0,42,48,0.0,6624c2b4a9efe18f4d85c3db,shared_domain,shared_domain
1.0,0.0,0.0,0.0,0.0,1.0,-2,-2,1.0,6624c9eba9efe18f4d85c3e9,attackers_domain,attackers_domain
1.0,1.0,1.0,1.0,0.0,1.0,115,48,0.0,6624c9eba9efe18f4d85c3f4,shared_domain,shared_domain
1.0,1.0,0.0,1.0,0.0,1.0,1995,116,0.0,6624d848a9efe18f4d85c40c,shared_domain,shared_domain
1.0,1.0,1.0,1.0,0.0,1.0,115,48,0.0,6624d848a9efe18f4d85c412,shared_domain,shared_domain
1.0,1.0,1.0,1.0,0.0,1.0,115,48,0.0,6624d848a9efe18f4d85c414,shared_domain,shared_domain
1.0,1.0,1.0,1.0,0.0,1.0,115,48,0.0,6624df71a9efe18f4d85c426,shared_domain,shared_domain
1.0,1.0,1.0,1.0,0.0,1.0,115,48,0.0,6624e6cea9efe18f4d85c42d,shared_domain,shared_domain
1.0,1.0,0.0,1.0,0.0,0.0,0,9,1.0,6624e86aa9efe18f4d85c437,attackers_domain,attackers_domain
1.0,1.0,1.0,1.0,0.0,1.0,115,48,0.0,6624ee08a9efe18f4d85c43d,shared_domain,shared_domain
1.0,1.0,1.0,1.0,0.0,1.0,115,57,0.0,6624f1c6a9efe18f4d85c449,shared_domain,shared_domain
1.0,1.0,0.0,1.0,0.0,1.0,1995,116,0.0,6624f1c6a9efe18f4d85c44a,shared_domain,shared_domain
1.0,1.0,0.0,1.0,0.0,1.0,430,228,0.0,6624f6d9a9efe18f4d85c450,shared_domain,shared_domain
1.0,1.0,1.0,1.0,0.0,1.0,115,48,0.0,6624f91fa9efe18f4d85c455,shared_domain,shared_domain
1.0,1.0,1.0,1.0,0.0,1.0,72,101,0.0,6624fcb6a9efe18f4d85c458,shared_domain,shared_domain
0.0,1.0,0.0,1.0,0.0,1.0,42,44,0.0,662501a1a9efe18f4d85c49a,shared_domain,shared_domain
1.0,1.0,1.0,1.0,0.0,1.0,652,53,0.0,662501a3a9efe18f4d85c49f,shared_domain,shared_domain
1.0,1.0,1.0,1.0,0.0,1.0,49,554,0.0,662501a7a9efe18f4d85c4aa,shared_domain,shared_domain
1.0,1.0,1.0,1.0,0.0,1.0,472,70,0.0,662501a8a9efe18f4d85c4ac,shared_domain,shared_domain
0.0,0.0,0.0,0.0,0.0,1.0,-2,-2,1.0,662501d0a9efe18f4d85c4f2,attackers_domain,attackers_domain
1.0,1.0,0.0,1.0,0.0,0.0,4432,483,0.0,662501efa9efe18f4d85c550,shared_domain,shared_domain
1.0,0.0,0.0,0.0,0.0,1.0,-2,-2,1.0,662501f9a9efe18f4d85c55c,attackers_domain,attackers_domain
1.0,0.0,0.0,0.0,0.0,1.0,-2,-2,1.0,66250200a9efe18f4d85c570,attackers_domain,attackers_domain
0.0,0.0,0.0,0.0,0.0,1.0,-2,-2,1.0,66250205a9efe18f4d85c583,attackers_domain,attackers_domain
1.0,1.0,1.0,1.0,0.0,1.0,115,61,0.0,66250205a9efe18f4d85c584,shared_domain,shared_domain
0.0,1.0,0.0,1.0,0.0,1.0,42,48,0.0,66250af3a9efe18f4d85c609,shared_domain,shared_domain
0.0,0.0,0.0,0.0,0.0,1.0,-2,-2,1.0,662527d2a9efe18f4d85c6b3,attackers_domain,attackers_domain
0.0,0.0,0.0,0.0,0.0,1.0,-2,-2,1.0,66252b79a9efe18f4d85c6c2,attackers_domain,attackers_domain
0.0,0.0,0.0,0.0,0.0,1.0,-2,-2,1.0,66252b7aa9efe18f4d85c6cf,attackers_domain,attackers_domain
1.0,0.0,0.0,1.0,0.0,1.0,-2,-2,1.0,66252b7aa9efe18f4d85c6d2,attackers_domain,attackers_domain
1.0,0.0,0.0,0.0,0.0,0.0,-2,-2,1.0,66252b7aa9efe18f4d85c6d6,attackers_domain,attackers_domain
1.0,1.0,1.0,1.0,0.0,1.0,49,554,0.0,66252b7aa9efe18f4d85c6db,shared_domain,shared_domain
0.0,0.0,0.0,0.0,0.0,1.0,-2,-2,1.0,66252f1ca9efe18f4d85c6eb,attackers_domain,attackers_domain
0.0,1.0,1.0,1.0,0.0,1.0,72,96,0.0,66252f1ca9efe18f4d85c6fd,shared_domain,shared_domain
1.0,1.0,1.0,1.0,0.0,1.0,49,595,0.0,662532c0a9efe18f4d85c7c6,shared_domain,shared_domain
1.0,1.0,1.0,1.0,0.0,1.0,115,525,0.0,662532c0a9efe18f4d85c7cf,shared_domain,shared_domain
1.0,1.0,1.0,1.0,0.0,1.0,54,197,0.0,662539f0a9efe18f4d85c80d,shared_domain,shared_domain
1.0,1.0,1.0,1.0,0.0,1.0,115,525,0.0,662539f0a9efe18f4d85c81d,shared_domain,shared_domain
1.0,0.0,0.0,0.0,0.0,1.0,-2,-2,1.0,662539f0a9efe18f4d85c820,attackers_domain,attackers_domain
1.0,1.0,1.0,1.0,0.0,1.0,72,101,0.0,66253ecea9efe18f4d85c830,shared_domain,shared_domain
0.0,1.0,0.0,1.0,0.0,1.0,169,211,0.0,66253ecea9efe18f4d85c83b,shared_domain,shared_domain
1.0,1.0,0.0,0.0,0.0,1.0,-2,-2,0.0,66253ecfa9efe18f4d85c848,shared_domain,shared_domain
0.0,1.0,1.0,1.0,0.0,1.0,72,96,0.0,66254118a9efe18f4d85c84b,shared_domain,shared_domain
1.0,0.0,0.0,0.0,0.0,1.0,-2,-2,1.0,66254118a9efe18f4d85c851,attackers_domain,attackers_domain
1.0,1.0,1.0,1.0,0.0,1.0,115,525,0.0,66254118a9efe18f4d85c857,shared_domain,shared_domain
0.0,1.0,0.0,1.0,0.0,1.0,42,43,0.0,66254859a9efe18f4d85c869,shared_domain,shared_domain
1.0,1.0,1.0,1.0,0.0,1.0,49,49,0.0,6625485aa9efe18f4d85c86c,shared_domain,shared_domain
0.0,1.0,1.0,1.0,0.0,1.0,4,203,0.0,66254d37a9efe18f4d85c883,shared_domain,shared_domain
1.0,1.0,1.0,1.0,0.0,1.0,49,554,0.0,66254f7ca9efe18f4d85c88a,shared_domain,shared_domain
1.0,1.0,1.0,1.0,0.0,1.0,115,48,0.0,66254f7ca9efe18f4d85c88c,shared_domain,shared_domain
1.0,1.0,1.0,1.0,0.0,1.0,115,48,0.0,66254f7ca9efe18f4d85c890,shared_domain,shared_domain
1.0,0.0,0.0,0.0,0.0,1.0,-2,-2,1.0,662556b4a9efe18f4d85c895,attackers_domain,attackers_domain
1.0,1.0,1.0,1.0,0.0,1.0,115,48,0.0,662556b4a9efe18f4d85c898,shared_domain,shared_domain
1.0,0.0,0.0,0.0,0.0,1.0,-2,-2,1.0,662556b4a9efe18f4d85c899,attackers_domain,attackers_domain
1.0,1.0,1.0,1.0,0.0,1.0,115,525,0.0,662556b4a9efe18f4d85c89b,shared_domain,shared_domain
0.0,1.0,1.0,1.0,0.0,1.0,378,184,0.0,662556b4a9efe18f4d85c89c,shared_domain,shared_domain
1.0,0.0,0.0,0.0,0.0,1.0,-2,-2,1.0,662556b4a9efe18f4d85c89d,attackers_domain,attackers_domain
1.0,1.0,1.0,1.0,0.0,1.0,49,554,0.0,66255b90a9efe18f4d85c8aa,shared_domain,shared_domain
1.0,1.0,0.0,1.0,0.0,0.0,-1,32,0.0,66255b90a9efe18f4d85c8ac,compromised_domain,compromised_domain
0.0,1.0,0.0,1.0,0.0,1.0,42,48,0.0,66255b90a9efe18f4d85c8b5,shared_domain,shared_domain
1.0,1.0,0.0,1.0,0.0,0.0,4432,447,0.0,66255b90a9efe18f4d85c8be,shared_domain,shared_domain
1.0,1.0,1.0,1.0,0.0,1.0,115,48,0.0,66255e12a9efe18f4d85c8c5,shared_domain,shared_domain
1.0,1.0,1.0,1.0,0.0,1.0,115,48,0.0,66255e12a9efe18f4d85c8ca,shared_domain,shared_domain
1.0,0.0,0.0,0.0,0.0,1.0,-2,-2,1.0,66255e12a9efe18f4d85c8cc,attackers_domain,attackers_domain
0.0,1.0,1.0,1.0,0.0,1.0,378,174,0.0,66256550a9efe18f4d85c8d5,shared_domain,shared_domain
0.0,1.0,0.0,1.0,0.0,1.0,42,43,0.0,662568eca9efe18f4d85c8e4,shared_domain,shared_domain
0.0,0.0,0.0,0.0,0.0,1.0,-2,-2,1.0,66256ca9a9efe18f4d85c902,attackers_domain,attackers_domain
1.0,1.0,1.0,1.0,0.0,1.0,115,525,0.0,66256ca9a9efe18f4d85c906,shared_domain,shared_domain
0.0,1.0,1.0,1.0,0.0,1.0,378,171,0.0,66256ca9a9efe18f4d85c908,shared_domain,shared_domain
0.0,1.0,1.0,1.0,0.0,1.0,378,155,0.0,66256caaa9efe18f4d85c90d,shared_domain,shared_domain
1.0,0.0,0.0,0.0,0.0,1.0,-2,-2,1.0,66256caaa9efe18f4d85c90f,attackers_domain,attackers_domain
1.0,1.0,1.0,1.0,0.0,1.0,49,554,0.0,662573d4a9efe18f4d85c913,shared_domain,shared_domain
1.0,1.0,1.0,1.0,0.0,1.0,49,554,0.0,662573d4a9efe18f4d85c915,shared_domain,shared_domain
0.0,1.0,1.0,1.0,0.0,1.0,378,173,0.0,662573d4a9efe18f4d85c919,shared_domain,shared_domain
1.0,1.0,1.0,1.0,0.0,1.0,115,525,0.0,662573d4a9efe18f4d85c92a,shared_domain,shared_domain
1.0,1.0,1.0,1.0,0.0,1.0,115,525,0.0,66257eb0a9efe18f4d85c961,shared_domain,shared_domain
1.0,0.0,0.0,0.0,0.0,1.0,-2,-2,1.0,66257eb0a9efe18f4d85c96a,attackers_domain,attackers_domain
0.0,1.0,1.0,1.0,0.0,1.0,4,212,0.0,66257eb1a9efe18f4d85c975,shared_domain,shared_domain
1.0,1.0,1.0,1.0,0.0,1.0,115,48,0.0,662585dfa9efe18f4d85c97b,shared_domain,shared_domain
1.0,1.0,0.0,0.0,0.0,1.0,-2,-2,0.0,66258726a9efe18f4d85c995,shared_domain,shared_domain
1.0,1.0,1.0,1.0,0.0,1.0,-1,236,0.0,66258735a9efe18f4d85c9a5,shared_domain,shared_domain
1.0,0.0,0.0,0.0,0.0,1.0,-2,-2,1.0,66258d01a9efe18f4d85c9b3,attackers_domain,attackers_domain
1.0,0.0,0.0,0.0,0.0,0.0,-2,-2,1.0,66258d01a9efe18f4d85c9b7,attackers_domain,attackers_domain
0.0,0.0,0.0,0.0,0.0,1.0,-2,-2,1.0,66258d01a9efe18f4d85c9c1,attackers_domain,attackers_domain
1.0,0.0,0.0,0.0,0.0,1.0,-2,-2,1.0,66258d02a9efe18f4d85c9cd,attackers_domain,attackers_domain
1.0,1.0,1.0,1.0,0.0,1.0,72,96,0.0,66259098a9efe18f4d85c9d8,shared_domain,shared_domain
1.0,1.0,1.0,1.0,0.0,1.0,49,554,0.0,66259444a9efe18f4d85ca0a,shared_domain,shared_domain
1.0,0.0,0.0,0.0,0.0,0.0,-2,-2,1.0,66259444a9efe18f4d85ca0e,attackers_domain,attackers_domain
1.0,0.0,0.0,0.0,0.0,1.0,-2,-2,1.0,66259b70a9efe18f4d85ca2e,attackers_domain,attackers_domain
1.0,0.0,0.0,0.0,0.0,1.0,-2,-2,1.0,6625a2aca9efe18f4d85ca3c,attackers_domain,attackers_domain
0.0,1.0,0.0,1.0,0.0,1.0,1995,156,0.0,6625a8dfa9efe18f4d85ca57,shared_domain,shared_domain
1.0,1.0,0.0,1.0,0.0,1.0,1995,158,0.0,6625a8dfa9efe18f4d85ca58,shared_domain,shared_domain
1.0,1.0,0.0,1.0,0.0,0.0,21,5,0.0,6625a8eda9efe18f4d85ca89,shared_domain,shared_domain
1.0,1.0,1.0,1.0,0.0,1.0,115,404,0.0,6625a8efa9efe18f4d85ca8b,shared_domain,shared_domain
1.0,1.0,1.0,1.0,0.0,1.0,115,404,0.0,6625a8efa9efe18f4d85ca8d,shared_domain,shared_domain
1.0,1.0,1.0,1.0,0.0,1.0,72,96,0.0,6625a8f3a9efe18f4d85ca99,shared_domain,shared_domain
1.0,1.0,1.0,1.0,0.0,1.0,115,404,0.0,6625a8f4a9efe18f4d85ca9f,shared_domain,shared_domain
1.0,1.0,1.0,1.0,0.0,1.0,115,404,0.0,6625a8f6a9efe18f4d85caa6,shared_domain,shared_domain
1.0,1.0,0.0,1.0,0.0,1.0,1995,141,0.0,6625a8f7a9efe18f4d85caab,shared_domain,shared_domain
1.0,1.0,1.0,1.0,0.0,1.0,115,404,0.0,6625a902a9efe18f4d85cacf,shared_domain,shared_domain
1.0,1.0,1.0,1.0,0.0,1.0,115,404,0.0,6625a904a9efe18f4d85cad7,shared_domain,shared_domain
1.0,1.0,1.0,1.0,0.0,1.0,115,404,0.0,6625a904a9efe18f4d85cad8,shared_domain,shared_domain
0.0,1.0,1.0,1.0,0.0,1.0,4,212,0.0,6625a90da9efe18f4d85caf2,shared_domain,shared_domain
1.0,1.0,1.0,1.0,0.0,1.0,115,404,0.0,6625a90ea9efe18f4d85caf7,shared_domain,shared_domain
1.0,1.0,0.0,1.0,0.0,1.0,1995,141,0.0,6625a910a9efe18f4d85cafc,shared_domain,shared_domain
1.0,1.0,0.0,1.0,0.0,1.0,1995,141,0.0,6625a914a9efe18f4d85cb0c,shared_domain,shared_domain
1.0,1.0,1.0,1.0,0.0,1.0,115,404,0.0,6625a918a9efe18f4d85cb1a,shared_domain,shared_domain
1.0,1.0,0.0,1.0,0.0,1.0,21,167,0.0,6625a919a9efe18f4d85cb1b,shared_domain,shared_domain
1.0,1.0,1.0,1.0,0.0,1.0,115,404,0.0,6625a91ea9efe18f4d85cb2b,shared_domain,shared_domain
1.0,1.0,1.0,1.0,0.0,1.0,115,404,0.0,6625a928a9efe18f4d85cb4e,shared_domain,shared_domain
1.0,1.0,0.0,1.0,0.0,1.0,1644,511,0.0,6625a92ba9efe18f4d85cb58,shared_domain,shared_domain
1.0,1.0,1.0,1.0,0.0,1.0,115,404,0.0,6625a92ca9efe18f4d85cb5a,shared_domain,shared_domain
1.0,1.0,1.0,1.0,0.0,1.0,115,404,0.0,6625a92da9efe18f4d85cb5e,shared_domain,shared_domain
1.0,1.0,1.0,1.0,0.0,1.0,115,404,0.0,6625a92da9efe18f4d85cb5f,shared_domain,shared_domain
1.0,1.0,0.0,1.0,0.0,1.0,42,60,0.0,6625a930a9efe18f4d85cb69,shared_domain,shared_domain
1.0,1.0,1.0,1.0,0.0,1.0,115,404,0.0,6625a931a9efe18f4d85cb6d,shared_domain,shared_domain
1.0,1.0,1.0,1.0,0.0,1.0,115,404,0.0,6625a933a9efe18f4d85cb75,shared_domain,shared_domain
1.0,1.0,1.0,1.0,0.0,1.0,115,404,0.0,6625a937a9efe18f4d85cb83,shared_domain,shared_domain
1.0,1.0,1.0,1.0,0.0,1.0,115,404,0.0,6625a93ba9efe18f4d85cb90,shared_domain,shared_domain
1.0,0.0,0.0,0.0,0.0,1.0,-2,-2,1.0,6625a93ea9efe18f4d85cb97,attackers_domain,attackers_domain
1.0,0.0,0.0,0.0,0.0,1.0,-2,-2,1.0,6625a93fa9efe18f4d85cb9b,attackers_domain,attackers_domain
0.0,0.0,0.0,0.0,0.0,1.0,-2,-2,1.0,6625a93fa9efe18f4d85cb9d,attackers_domain,attackers_domain
1.0,1.0,1.0,1.0,0.0,1.0,72,96,0.0,6625a944a9efe18f4d85cba4,shared_domain,shared_domain
1.0,1.0,1.0,1.0,0.0,1.0,4,220,0.0,6625a949a9efe18f4d85cbae,shared_domain,shared_domain
1.0,1.0,1.0,1.0,0.0,1.0,115,322,0.0,6625a94ea9efe18f4d85cbb9,shared_domain,shared_domain
0.0,1.0,1.0,1.0,0.0,1.0,378,191,0.0,6625a950a9efe18f4d85cbc0,shared_domain,shared_domain
1.0,1.0,1.0,1.0,0.0,1.0,652,37,0.0,6625a951a9efe18f4d85cbc1,shared_domain,shared_domain
1.0,1.0,0.0,1.0,0.0,1.0,1995,141,0.0,6625a952a9efe18f4d85cbc4,shared_domain,shared_domain
1.0,1.0,1.0,1.0,0.0,1.0,115,404,0.0,6625a952a9efe18f4d85cbc5,shared_domain,shared_domain
1.0,1.0,1.0,1.0,0.0,1.0,115,404,0.0,6625a952a9efe18f4d85cbc6,shared_domain,shared_domain
1.0,1.0,0.0,1.0,0.0,1.0,2435,127,0.0,6625a955a9efe18f4d85cbce,shared_domain,shared_domain
1.0,0.0,0.0,1.0,1.0,0.0,85,193,1.0,6625a957a9efe18f4d85cbd1,attackers_domain,attackers_domain
1.0,1.0,1.0,1.0,0.0,1.0,115,404,0.0,6625a95ca9efe18f4d85cbda,shared_domain,shared_domain
0.0,1.0,1.0,1.0,0.0,1.0,378,188,0.0,6625a95fa9efe18f4d85cbe3,shared_domain,shared_domain
1.0,1.0,1.0,1.0,0.0,1.0,115,404,0.0,6625a961a9efe18f4d85cbeb,shared_domain,shared_domain
1.0,1.0,1.0,1.0,0.0,1.0,115,404,0.0,6625a963a9efe18f4d85cbef,shared_domain,shared_domain
0.0,0.0,0.0,0.0,0.0,1.0,-2,-2,1.0,6625b139a9efe18f4d85cc12,attackers_domain,attackers_domain
0.0,0.0,0.0,0.0,0.0,1.0,-2,-2,1.0,6625b139a9efe18f4d85cc16,attackers_domain,attackers_domain
1.0,0.0,0.0,0.0,0.0,0.0,-2,-2,1.0,6625b139a9efe18f4d85cc17,attackers_domain,attackers_domain
1.0,1.0,0.0,1.0,0.0,1.0,1995,110,0.0,6625b139a9efe18f4d85cc1b,shared_domain,shared_domain
1.0,1.0,0.0,1.0,0.0,1.0,1995,118,0.0,6625b139a9efe18f4d85cc1d,shared_domain,shared_domain
1.0,1.0,1.0,1.0,0.0,1.0,72,96,0.0,6625b285a9efe18f4d85cc30,shared_domain,shared_domain
1.0,1.0,1.0,1.0,0.0,1.0,72,93,0.0,6625b285a9efe18f4d85cc38,shared_domain,shared_domain
1.0,0.0,0.0,1.0,1.0,0.0,-2,-2,1.0,6625b28aa9efe18f4d85cc55,attackers_domain,attackers_domain
1.0,1.0,1.0,1.0,0.0,1.0,72,93,0.0,6625b4c9a9efe18f4d85cc58,shared_domain,shared_domain
0.0,1.0,0.0,1.0,0.0,1.0,42,60,0.0,6625bf95a9efe18f4d85cd3f,shared_domain,shared_domain
1.0,1.0,1.0,1.0,0.0,1.0,115,101,0.0,6625ce51a9efe18f4d85cdaa,shared_domain,shared_domain
0.0,0.0,0.0,0.0,0.0,1.0,-2,-2,1.0,6625d1f4a9efe18f4d85cdd8,attackers_domain,attackers_domain
1.0,1.0,1.0,1.0,0.0,0.0,0,550,0.0,6625dccfa9efe18f4d85cdef,shared_domain,shared_domain
1.0,1.0,1.0,1.0,0.0,1.0,115,51,0.0,6625dccfa9efe18f4d85cdf3,shared_domain,shared_domain
1.0,0.0,0.0,1.0,1.0,0.0,-1,6,1.0,6625de07a9efe18f4d85ce00,attackers_domain,attackers_domain
1.0,1.0,1.0,1.0,0.0,1.0,-1,128,0.0,6625e425a9efe18f4d85ce0c,shared_domain,shared_domain
0.0,0.0,0.0,0.0,0.0,1.0,-2,-2,1.0,6625f658a9efe18f4d85ce56,attackers_domain,attackers_domain
1.0,0.0,0.0,0.0,0.0,1.0,-2,-2,1.0,6625fda6a9efe18f4d85ce77,attackers_domain,attackers_domain
1.0,1.0,1.0,1.0,0.0,1.0,49,595,0.0,6625fda6a9efe18f4d85ce82,shared_domain,shared_domain
0.0,1.0,0.0,1.0,0.0,1.0,42,60,0.0,6625fda7a9efe18f4d85ce86,shared_domain,shared_domain
1.0,1.0,0.0,1.0,0.0,1.0,42,415,0.0,6625fda7a9efe18f4d85ce87,shared_domain,shared_domain
0.0,1.0,0.0,1.0,0.0,1.0,303,488,0.0,662604fea9efe18f4d85cea3,shared_domain,shared_domain
1.0,1.0,1.0,1.0,0.0,0.0,0,11,0.0,662609e8a9efe18f4d85cec6,shared_domain,shared_domain
1.0,1.0,0.0,1.0,0.0,1.0,452,654,0.0,662609e8a9efe18f4d85cef1,compromised_domain,compromised_domain
1.0,0.0,0.0,0.0,0.0,1.0,-2,-2,1.0,662609e9a9efe18f4d85cf1a,attackers_domain,attackers_domain
1.0,0.0,0.0,0.0,0.0,1.0,-2,-2,1.0,662609e9a9efe18f4d85cf1e,attackers_domain,attackers_domain
1.0,1.0,1.0,1.0,0.0,1.0,225,194,0.0,662609e9a9efe18f4d85cf71,shared_domain,shared_domain
0.0,0.0,0.0,0.0,0.0,1.0,-2,-2,1.0,662609eaa9efe18f4d85cf7b,attackers_domain,attackers_domain
0.0,0.0,0.0,0.0,0.0,1.0,-2,-2,1.0,662609eaa9efe18f4d85cf7c,attackers_domain,attackers_domain
0.0,0.0,0.0,0.0,0.0,1.0,-2,-2,1.0,662609eaa9efe18f4d85cf80,attackers_domain,attackers_domain
1.0,0.0,0.0,1.0,0.0,0.0,-1,1048,1.0,662609eaa9efe18f4d85cf8a,compromised_domain,attackers_domain
1.0,1.0,0.0,1.0,0.0,0.0,0,1207,1.0,662609eaa9efe18f4d85cf99,compromised_domain,attackers_domain
1.0,0.0,0.0,0.0,0.0,1.0,-2,-2,1.0,662609eaa9efe18f4d85cfa2,attackers_domain,attackers_domain
0.0,0.0,0.0,1.0,0.0,1.0,4,182,1.0,662609eaa9efe18f4d85cfa5,attackers_domain,attackers_domain
0.0,0.0,0.0,1.0,0.0,1.0,69,196,1.0,662609eaa9efe18f4d85cfa9,attackers_domain,attackers_domain
1.0,0.0,0.0,0.0,1.0,0.0,-2,-2,1.0,662609eaa9efe18f4d85cfab,attackers_domain,attackers_domain
1.0,0.0,0.0,0.0,0.0,1.0,-2,-2,1.0,662609eaa9efe18f4d85cfad,attackers_domain,attackers_domain
0.0,0.0,0.0,0.0,0.0,1.0,-2,-2,1.0,662609eaa9efe18f4d85cfb5,attackers_domain,attackers_domain
0.0,0.0,0.0,1.0,0.0,1.0,-1,363,1.0,662609eaa9efe18f4d85cfb6,attackers_domain,attackers_domain
0.0,0.0,0.0,1.0,0.0,1.0,106,193,1.0,662609eaa9efe18f4d85cfb7,attackers_domain,attackers_domain
1.0,1.0,1.0,1.0,0.0,1.0,115,55,0.0,662609eaa9efe18f4d85cfcb,shared_domain,shared_domain
1.0,1.0,1.0,1.0,0.0,1.0,115,55,0.0,662609eaa9efe18f4d85cfde,shared_domain,shared_domain
1.0,1.0,1.0,1.0,0.0,1.0,115,55,0.0,662609eaa9efe18f4d85cfe1,shared_domain,shared_domain
1.0,1.0,1.0,1.0,0.0,1.0,115,55,0.0,662609eaa9efe18f4d85cff0,shared_domain,shared_domain
1.0,1.0,1.0,1.0,0.0,1.0,115,55,0.0,662609eaa9efe18f4d85cff9,shared_domain,shared_domain
1.0,1.0,1.0,1.0,0.0,1.0,115,55,0.0,662609eaa9efe18f4d85cffa,shared_domain,shared_domain
1.0,1.0,1.0,1.0,0.0,1.0,115,55,0.0,662609eba9efe18f4d85cffd,shared_domain,shared_domain
1.0,1.0,1.0,1.0,0.0,1.0,115,55,0.0,662609eba9efe18f4d85cfff,shared_domain,shared_domain
1.0,1.0,1.0,1.0,0.0,1.0,115,55,0.0,662609eba9efe18f4d85d002,shared_domain,shared_domain
1.0,1.0,1.0,1.0,0.0,1.0,115,55,0.0,662609eba9efe18f4d85d008,shared_domain,shared_domain
1.0,0.0,0.0,1.0,1.0,0.0,-1,82,1.0,66260c36a9efe18f4d85d023,attackers_domain,attackers_domain
1.0,1.0,1.0,1.0,0.0,1.0,115,48,0.0,66260c36a9efe18f4d85d02d,shared_domain,shared_domain
1.0,1.0,1.0,1.0,0.0,1.0,49,595,0.0,66260c36a9efe18f4d85d03e,shared_domain,shared_domain
1.0,0.0,0.0,0.0,0.0,1.0,-2,-2,1.0,66260c37a9efe18f4d85d03f,attackers_domain,attackers_domain
1.0,0.0,0.0,0.0,0.0,1.0,-2,-2,1.0,66260c37a9efe18f4d85d040,attackers_domain,attackers_domain
1.0,1.0,1.0,1.0,0.0,1.0,115,111,0.0,66261872a9efe18f4d85d065,shared_domain,shared_domain
1.0,1.0,1.0,1.0,0.0,1.0,-1,203,0.0,66261872a9efe18f4d85d070,shared_domain,shared_domain
1.0,1.0,1.0,1.0,0.0,1.0,652,90,0.0,66261872a9efe18f4d85d071,shared_domain,shared_domain
1.0,0.0,0.0,0.0,0.0,0.0,-2,-2,1.0,66261872a9efe18f4d85d079,attackers_domain,attackers_domain
1.0,1.0,0.0,1.0,0.0,0.0,9,79,0.0,66261872a9efe18f4d85d07b,compromised_domain,shared_domain
1.0,1.0,1.0,1.0,0.0,1.0,-1,204,0.0,66261872a9efe18f4d85d07d,shared_domain,shared_domain
1.0,1.0,1.0,1.0,0.0,1.0,115,196,0.0,66261872a9efe18f4d85d083,shared_domain,shared_domain
1.0,1.0,0.0,1.0,0.0,0.0,269,38,0.0,66261872a9efe18f4d85d087,shared_domain,shared_domain
1.0,1.0,1.0,1.0,0.0,1.0,-1,204,0.0,66261872a9efe18f4d85d092,shared_domain,shared_domain
0.0,1.0,1.0,1.0,0.0,1.0,72,90,0.0,66261872a9efe18f4d85d093,shared_domain,shared_domain
1.0,1.0,0.0,1.0,0.0,1.0,430,228,0.0,66261872a9efe18f4d85d098,shared_domain,shared_domain
0.0,1.0,0.0,1.0,0.0,1.0,42,12,0.0,66261872a9efe18f4d85d0a0,shared_domain,shared_domain
1.0,1.0,1.0,1.0,0.0,1.0,115,195,0.0,66261872a9efe18f4d85d0ae,shared_domain,shared_domain
1.0,1.0,0.0,1.0,0.0,1.0,2435,325,0.0,66261872a9efe18f4d85d0b1,shared_domain,shared_domain
1.0,1.0,0.0,1.0,0.0,0.0,0,905,0.0,66261872a9efe18f4d85d0d3,compromised_domain,attackers_domain
1.0,1.0,0.0,1.0,0.0,1.0,391,92,0.0,66261872a9efe18f4d85d0d4,shared_domain,shared_domain
1.0,0.0,0.0,0.0,0.0,1.0,-2,-2,1.0,66261873a9efe18f4d85d104,attackers_domain,attackers_domain
0.0,1.0,0.0,0.0,0.0,1.0,-2,-2,0.0,66261873a9efe18f4d85d117,shared_domain,shared_domain
0.0,0.0,0.0,1.0,0.0,1.0,-1,129,1.0,6626291aa9efe18f4d85d167,attackers_domain,attackers_domain
1.0,0.0,0.0,0.0,1.0,0.0,-2,-2,1.0,6626291aa9efe18f4d85d168,attackers_domain,attackers_domain
1.0,1.0,0.0,1.0,0.0,1.0,0,115,0.0,66263049a9efe18f4d85d18e,shared_domain,compromised_domain
1.0,0.0,0.0,0.0,0.0,1.0,-2,-2,1.0,66263773a9efe18f4d85d1b3,attackers_domain,attackers_domain
1.0,1.0,0.0,0.0,0.0,1.0,-2,-2,0.0,66264259a9efe18f4d85d1f5,shared_domain,shared_domain
1.0,0.0,0.0,0.0,0.0,1.0,-2,-2,1.0,662645eba9efe18f4d85d22c,attackers_domain,attackers_domain
1.0,1.0,1.0,1.0,0.0,1.0,72,96,0.0,66264d2ba9efe18f4d85d2d8,shared_domain,shared_domain
0.0,1.0,0.0,1.0,0.0,1.0,1043,1257,0.0,6626523ba9efe18f4d85d384,shared_domain,shared_domain
1.0,0.0,0.0,0.0,0.0,1.0,-2,-2,1.0,66265242a9efe18f4d85d39a,attackers_domain,attackers_domain
0.0,0.0,0.0,1.0,0.0,1.0,-2,-2,1.0,66265243a9efe18f4d85d39d,attackers_domain,attackers_domain
0.0,1.0,0.0,0.0,0.0,1.0,-2,-2,1.0,66265245a9efe18f4d85d3a2,attackers_domain,attackers_domain
0.0,0.0,0.0,0.0,0.0,1.0,-2,-2,1.0,66265248a9efe18f4d85d3ac,attackers_domain,attackers_domain
1.0,1.0,0.0,1.0,0.0,1.0,1995,131,0.0,6626524aa9efe18f4d85d3b1,shared_domain,shared_domain
1.0,1.0,1.0,1.0,0.0,1.0,225,112,0.0,6626524aa9efe18f4d85d3b2,shared_domain,shared_domain
1.0,1.0,0.0,1.0,0.0,1.0,1995,131,0.0,6626524ca9efe18f4d85d3b6,shared_domain,shared_domain
1.0,0.0,0.0,0.0,0.0,1.0,-2,-2,1.0,66265252a9efe18f4d85d3c6,attackers_domain,attackers_domain
1.0,0.0,0.0,0.0,0.0,1.0,-2,-2,1.0,66265254a9efe18f4d85d3cb,attackers_domain,attackers_domain
1.0,1.0,1.0,1.0,0.0,1.0,652,59,0.0,66265274a9efe18f4d85d40b,shared_domain,shared_domain
1.0,1.0,0.0,1.0,0.0,0.0,92,278,,66265276a9efe18f4d85d410,shared_domain,compromised_domain
1.0,1.0,0.0,1.0,0.0,0.0,269,38,0.0,66265277a9efe18f4d85d412,shared_domain,shared_domain
1.0,1.0,0.0,1.0,0.0,1.0,-2,-2,0.0,6626528ea9efe18f4d85d442,attackers_domain,attackers_domain
0.0,1.0,0.0,1.0,0.0,1.0,555,31,0.0,66265297a9efe18f4d85d453,shared_domain,shared_domain
0.0,1.0,0.0,1.0,0.0,1.0,555,36,0.0,66265297a9efe18f4d85d454,shared_domain,shared_domain
0.0,1.0,0.0,1.0,0.0,1.0,555,16,0.0,6626529da9efe18f4d85d45f,shared_domain,shared_domain
0.0,1.0,0.0,1.0,0.0,1.0,555,33,0.0,662652a1a9efe18f4d85d46c,shared_domain,shared_domain
1.0,1.0,1.0,1.0,0.0,1.0,115,44,0.0,662652a3a9efe18f4d85d46f,shared_domain,shared_domain
1.0,0.0,0.0,0.0,0.0,1.0,-2,-2,1.0,662652a9a9efe18f4d85d477,attackers_domain,attackers_domain
0.0,1.0,0.0,1.0,0.0,1.0,555,32,0.0,662652aaa9efe18f4d85d47a,shared_domain,shared_domain
0.0,1.0,1.0,1.0,0.0,1.0,4,197,0.0,662652aba9efe18f4d85d47c,shared_domain,shared_domain
0.0,1.0,0.0,1.0,0.0,1.0,211,130,1.0,662652b0a9efe18f4d85d487,attackers_domain,attackers_domain
1.0,0.0,0.0,0.0,0.0,0.0,-2,-2,1.0,662652b2a9efe18f4d85d48f,attackers_domain,attackers_domain
1.0,1.0,0.0,1.0,0.0,0.0,-2,-2,1.0,6626546ea9efe18f4d85d4b7,attackers_domain,compromised_domain
1.0,0.0,0.0,0.0,0.0,1.0,-2,-2,1.0,6626546ea9efe18f4d85d4ba,attackers_domain,attackers_domain
1.0,0.0,0.0,0.0,0.0,1.0,-2,-2,1.0,6626546ea9efe18f4d85d4bb,attackers_domain,attackers_domain
1.0,0.0,0.0,1.0,1.0,0.0,-2,-2,1.0,6626546ea9efe18f4d85d4bd,attackers_domain,attackers_domain
1.0,1.0,0.0,1.0,1.0,0.0,-2,-2,1.0,6626546ea9efe18f4d85d4c4,attackers_domain,attackers_domain
1.0,0.0,0.0,0.0,0.0,1.0,-2,-2,1.0,66265822a9efe18f4d85d4e3,attackers_domain,attackers_domain
0.0,0.0,0.0,0.0,0.0,1.0,-2,-2,1.0,66265bcea9efe18f4d85d4fe,attackers_domain,attackers_domain
0.0,0.0,0.0,0.0,0.0,1.0,-2,-2,1.0,66265bcea9efe18f4d85d4ff,attackers_domain,attackers_domain
1.0,0.0,0.0,0.0,0.0,1.0,-2,-2,1.0,66265bcea9efe18f4d85d500,attackers_domain,attackers_domain
1.0,0.0,0.0,0.0,0.0,1.0,-2,-2,1.0,66265bcea9efe18f4d85d501,attackers_domain,attackers_domain
0.0,1.0,1.0,1.0,0.0,1.0,77,156,0.0,662660afa9efe18f4d85d513,shared_domain,shared_domain
1.0,1.0,0.0,1.0,0.0,1.0,77,46,,66266331a9efe18f4d85d519,shared_domain,shared_domain
1.0,1.0,0.0,1.0,0.0,1.0,77,48,,66266a72a9efe18f4d85d54e,shared_domain,shared_domain
1.0,0.0,0.0,1.0,0.0,0.0,-2,-2,1.0,66266a73a9efe18f4d85d551,attackers_domain,attackers_domain
1.0,1.0,1.0,1.0,0.0,1.0,49,595,0.0,66266e14a9efe18f4d85d55d,shared_domain,shared_domain
1.0,1.0,1.0,1.0,0.0,1.0,49,595,0.0,66266e14a9efe18f4d85d55f,shared_domain,shared_domain
1.0,1.0,1.0,1.0,0.0,1.0,49,595,0.0,66266e14a9efe18f4d85d561,shared_domain,shared_domain
1.0,1.0,1.0,1.0,0.0,1.0,-1,1193,0.0,66266e14a9efe18f4d85d565,shared_domain,shared_domain
1.0,1.0,0.0,0.0,0.0,1.0,-2,-2,0.0,66266f5aa9efe18f4d85d587,shared_domain,shared_domain
1.0,1.0,0.0,0.0,0.0,1.0,-2,-2,0.0,66266f5aa9efe18f4d85d589,shared_domain,shared_domain
0.0,1.0,0.0,0.0,0.0,1.0,-2,-2,0.0,66267540a9efe18f4d85d5a0,shared_domain,shared_domain
1.0,1.0,0.0,0.0,0.0,1.0,-2,-2,0.0,66267540a9efe18f4d85d5a2,shared_domain,shared_domain
1.0,1.0,1.0,1.0,0.0,1.0,49,595,0.0,66267540a9efe18f4d85d5a4,shared_domain,shared_domain
1.0,1.0,1.0,1.0,0.0,1.0,49,595,0.0,66267540a9efe18f4d85d5a7,shared_domain,shared_domain
1.0,1.0,1.0,1.0,0.0,1.0,49,61,0.0,662678e4a9efe18f4d85d5c6,shared_domain,shared_domain
0.0,1.0,0.0,1.0,0.0,1.0,42,73,0.0,66267c8da9efe18f4d85d5c9,shared_domain,shared_domain
1.0,1.0,1.0,1.0,0.0,1.0,49,595,0.0,66267c8da9efe18f4d85d5cf,shared_domain,shared_domain
1.0,1.0,1.0,1.0,0.0,1.0,49,595,0.0,66267c8da9efe18f4d85d5d7,shared_domain,shared_domain
1.0,1.0,1.0,1.0,0.0,1.0,49,554,0.0,66267c8da9efe18f4d85d5d8,shared_domain,shared_domain
1.0,1.0,1.0,1.0,0.0,1.0,4,207,0.0,66267c8da9efe18f4d85d5e3,shared_domain,shared_domain
1.0,1.0,1.0,1.0,0.0,1.0,-1,202,0.0,66267dd0a9efe18f4d85d5fc,shared_domain,shared_domain
0.0,1.0,1.0,1.0,0.0,1.0,72,91,0.0,66267dd0a9efe18f4d85d5fe,shared_domain,shared_domain
1.0,1.0,1.0,1.0,0.0,1.0,-1,203,0.0,66268013a9efe18f4d85d616,shared_domain,shared_domain
0.0,1.0,1.0,1.0,0.0,1.0,54,204,0.0,662683a1a9efe18f4d85d617,shared_domain,shared_domain
1.0,1.0,1.0,1.0,0.0,1.0,115,525,0.0,662683a1a9efe18f4d85d626,shared_domain,shared_domain
1.0,1.0,1.0,1.0,0.0,1.0,-1,205,0.0,662683a1a9efe18f4d85d627,shared_domain,shared_domain
1.0,1.0,1.0,1.0,0.0,1.0,54,275,0.0,66268acba9efe18f4d85d634,shared_domain,shared_domain
1.0,1.0,1.0,1.0,0.0,1.0,-1,204,0.0,66268acba9efe18f4d85d636,shared_domain,shared_domain
0.0,1.0,0.0,1.0,0.0,1.0,42,60,0.0,66268acba9efe18f4d85d640,shared_domain,shared_domain
1.0,1.0,0.0,1.0,0.0,0.0,4432,422,0.0,66268c11a9efe18f4d85d64b,shared_domain,shared_domain
1.0,1.0,0.0,1.0,0.0,0.0,4432,422,0.0,66268c11a9efe18f4d85d64c,shared_domain,shared_domain
1.0,1.0,1.0,1.0,0.0,1.0,660,158,0.0,66268c11a9efe18f4d85d655,shared_domain,shared_domain
1.0,1.0,1.0,1.0,0.0,1.0,660,158,0.0,66268c11a9efe18f4d85d656,shared_domain,shared_domain
1.0,1.0,0.0,1.0,1.0,0.0,-2,-2,1.0,662691f9a9efe18f4d85d843,attackers_domain,attackers_domain
0.0,0.0,0.0,0.0,0.0,1.0,-2,-2,1.0,662691f9a9efe18f4d85d84e,attackers_domain,attackers_domain
1.0,1.0,0.0,1.0,1.0,0.0,-2,-2,1.0,6626959ba9efe18f4d85da3d,attackers_domain,attackers_domain
1.0,0.0,0.0,0.0,0.0,0.0,-2,-2,1.0,6626994fa9efe18f4d85da9b,attackers_domain,attackers_domain
1.0,1.0,1.0,1.0,0.0,1.0,-1,205,0.0,66269a9aa9efe18f4d85dab6,shared_domain,shared_domain
1.0,1.0,1.0,1.0,0.0,1.0,115,38,0.0,66269a9aa9efe18f4d85dab7,shared_domain,shared_domain
0.0,0.0,0.0,0.0,0.0,1.0,-2,-2,1.0,66269cdea9efe18f4d85daba,attackers_domain,attackers_domain
0.0,1.0,1.0,1.0,0.0,1.0,4,48,0.0,6626a085a9efe18f4d85dac1,shared_domain,shared_domain
0.0,1.0,1.0,1.0,0.0,1.0,4,213,0.0,6626a425a9efe18f4d85dac7,shared_domain,shared_domain
1.0,0.0,0.0,1.0,1.0,0.0,-2,-2,1.0,6626ab55a9efe18f4d85dadb,attackers_domain,attackers_domain
1.0,1.0,1.0,1.0,0.0,1.0,-1,204,0.0,6626b645a9efe18f4d85dafb,shared_domain,shared_domain
1.0,1.0,1.0,1.0,0.0,1.0,115,66,0.0,6626b784a9efe18f4d85daff,shared_domain,shared_domain
0.0,1.0,1.0,1.0,0.0,1.0,54,335,0.0,6626b784a9efe18f4d85db01,shared_domain,shared_domain
1.0,0.0,0.0,0.0,0.0,1.0,-2,-2,1.0,6626b784a9efe18f4d85db02,attackers_domain,attackers_domain
1.0,1.0,1.0,1.0,0.0,1.0,72,94,0.0,6626c5faa9efe18f4d85db34,shared_domain,shared_domain
1.0,1.0,0.0,1.0,0.0,1.0,430,232,0.0,6626c5faa9efe18f4d85db4b,shared_domain,shared_domain
1.0,0.0,0.0,0.0,1.0,0.0,-2,-2,1.0,6626cbd8a9efe18f4d85db5b,attackers_domain,attackers_domain
1.0,0.0,0.0,0.0,1.0,0.0,-2,-2,1.0,6626cbd8a9efe18f4d85db5c,attackers_domain,attackers_domain
1.0,0.0,0.0,1.0,1.0,0.0,-2,-2,1.0,6626cbd8a9efe18f4d85db67,attackers_domain,attackers_domain
1.0,1.0,0.0,1.0,1.0,0.0,-2,-2,1.0,6626cbd8a9efe18f4d85db6e,attackers_domain,attackers_domain
1.0,0.0,0.0,0.0,1.0,0.0,-2,-2,1.0,6626cf8aa9efe18f4d85db80,attackers_domain,attackers_domain
1.0,1.0,0.0,1.0,1.0,0.0,-2,-2,1.0,6626cf8aa9efe18f4d85db84,attackers_domain,attackers_domain
1.0,1.0,0.0,1.0,1.0,0.0,-2,-2,1.0,6626cf8aa9efe18f4d85db86,attackers_domain,attackers_domain
1.0,1.0,1.0,1.0,0.0,1.0,-1,204,0.0,6626da79a9efe18f4d85dbbe,shared_domain,shared_domain
1.0,1.0,1.0,1.0,0.0,1.0,115,525,0.0,6626da79a9efe18f4d85dbcb,shared_domain,shared_domain
1.0,1.0,1.0,1.0,0.0,1.0,-1,204,0.0,6626de15a9efe18f4d85dbdd,shared_domain,shared_domain
1.0,1.0,1.0,1.0,0.0,1.0,-1,205,0.0,6626e1cea9efe18f4d85dbf5,shared_domain,shared_domain
1.0,1.0,1.0,1.0,0.0,1.0,-1,205,0.0,6626e316a9efe18f4d85dbf7,shared_domain,shared_domain
1.0,1.0,1.0,1.0,0.0,0.0,57,145,,6626e316a9efe18f4d85dbfa,shared_domain,shared_domain
0.0,1.0,1.0,1.0,0.0,1.0,378,151,0.0,6626e316a9efe18f4d85dc06,shared_domain,shared_domain
1.0,1.0,0.0,1.0,0.0,1.0,12,11,0.0,6626e557a9efe18f4d85dc15,shared_domain,shared_domain
1.0,1.0,1.0,1.0,0.0,1.0,115,525,0.0,6626e557a9efe18f4d85dc18,shared_domain,shared_domain
1.0,1.0,1.0,1.0,0.0,1.0,115,48,0.0,6626e557a9efe18f4d85dc1a,shared_domain,shared_domain
1.0,0.0,0.0,1.0,0.0,0.0,-2,-2,1.0,6626ec9aa9efe18f4d85dc20,attackers_domain,attackers_domain
0.0,1.0,1.0,1.0,0.0,1.0,378,179,0.0,6626ec9aa9efe18f4d85dc2d,shared_domain,shared_domain
1.0,0.0,0.0,0.0,1.0,0.0,-2,-2,1.0,6626f03ca9efe18f4d85dc35,attackers_domain,attackers_domain
1.0,1.0,1.0,1.0,0.0,1.0,-1,204,0.0,6626f03ca9efe18f4d85dc36,shared_domain,shared_domain
0.0,1.0,0.0,1.0,0.0,1.0,304,222,0.0,6626fa3ca9efe18f4d85dcd9,shared_domain,shared_domain
1.0,0.0,0.0,1.0,0.0,0.0,-1,357,1.0,6626fa42a9efe18f4d85dcef,attackers_domain,attackers_domain
1.0,1.0,1.0,1.0,0.0,1.0,652,40,0.0,6626fa47a9efe18f4d85dcff,shared_domain,shared_domain
0.0,1.0,0.0,1.0,0.0,1.0,304,124,0.0,6626fa48a9efe18f4d85dd02,shared_domain,shared_domain
1.0,1.0,1.0,1.0,0.0,1.0,652,110,0.0,6626fa49a9efe18f4d85dd03,shared_domain,shared_domain
1.0,1.0,0.0,1.0,0.0,1.0,452,655,0.0,6626fa4fa9efe18f4d85dd19,compromised_domain,compromised_domain
1.0,1.0,0.0,1.0,0.0,1.0,28,55,0.0,6626fa50a9efe18f4d85dd1d,shared_domain,shared_domain
1.0,1.0,1.0,1.0,0.0,1.0,115,68,0.0,6626fa53a9efe18f4d85dd27,shared_domain,shared_domain
0.0,1.0,0.0,1.0,0.0,1.0,304,96,0.0,6626fa59a9efe18f4d85dd39,shared_domain,shared_domain
1.0,1.0,1.0,1.0,0.0,1.0,115,61,0.0,6626fa5ba9efe18f4d85dd41,shared_domain,shared_domain
1.0,1.0,0.0,1.0,0.0,1.0,2435,399,0.0,6626fa5ea9efe18f4d85dd47,shared_domain,shared_domain
1.0,1.0,0.0,1.0,0.0,1.0,197,21,0.0,6626fa62a9efe18f4d85dd54,shared_domain,shared_domain
1.0,1.0,1.0,1.0,0.0,1.0,-1,62,0.0,6626fa65a9efe18f4d85dd5c,shared_domain,shared_domain
1.0,1.0,1.0,1.0,0.0,1.0,225,184,0.0,6626fa79a9efe18f4d85dd96,shared_domain,shared_domain
0.0,0.0,0.0,0.0,0.0,1.0,-2,-2,1.0,6626fa79a9efe18f4d85dd97,attackers_domain,attackers_domain
1.0,1.0,0.0,1.0,0.0,0.0,310,414,0.0,6626fa80a9efe18f4d85ddaf,shared_domain,shared_domain
0.0,1.0,0.0,1.0,0.0,1.0,12,177,0.0,6626fa83a9efe18f4d85ddb8,shared_domain,shared_domain
1.0,1.0,1.0,1.0,0.0,1.0,115,88,0.0,6626fa84a9efe18f4d85ddb9,shared_domain,shared_domain
0.0,1.0,1.0,1.0,0.0,1.0,378,140,0.0,6626fa86a9efe18f4d85ddbf,shared_domain,shared_domain
1.0,1.0,1.0,1.0,0.0,1.0,225,184,0.0,6626faa1a9efe18f4d85de0f,shared_domain,shared_domain
0.0,1.0,1.0,1.0,0.0,1.0,4,403,0.0,6626faa8a9efe18f4d85de21,shared_domain,shared_domain
1.0,0.0,0.0,0.0,0.0,0.0,-2,-2,1.0,6626faaaa9efe18f4d85de25,attackers_domain,attackers_domain
1.0,1.0,1.0,1.0,0.0,1.0,225,990,0.0,6626faaaa9efe18f4d85de26,shared_domain,shared_domain
0.0,1.0,1.0,1.0,0.0,1.0,378,157,0.0,6626fab2a9efe18f4d85de36,shared_domain,shared_domain
1.0,1.0,1.0,1.0,0.0,1.0,115,525,0.0,6626fab3a9efe18f4d85de37,shared_domain,shared_domain
1.0,1.0,0.0,1.0,0.0,1.0,2435,105,0.0,6626fab4a9efe18f4d85de39,shared_domain,shared_domain
1.0,1.0,0.0,1.0,0.0,1.0,2435,59,0.0,6626fab4a9efe18f4d85de3b,shared_domain,shared_domain
1.0,0.0,0.0,1.0,1.0,0.0,73,217,1.0,6626fab9a9efe18f4d85de48,attackers_domain,attackers_domain
0.0,1.0,1.0,1.0,0.0,1.0,378,194,0.0,6626fac0a9efe18f4d85de4f,shared_domain,shared_domain
1.0,1.0,1.0,1.0,0.0,1.0,225,415,0.0,6626fac1a9efe18f4d85de50,shared_domain,shared_domain
0.0,1.0,0.0,1.0,0.0,1.0,-1,307,0.0,6626fac6a9efe18f4d85de5a,attackers_domain,attackers_domain
1.0,1.0,0.0,1.0,0.0,0.0,4432,390,0.0,6626fac9a9efe18f4d85de61,shared_domain,shared_domain
1.0,1.0,1.0,1.0,0.0,1.0,115,525,0.0,6626fac9a9efe18f4d85de62,shared_domain,shared_domain
1.0,1.0,1.0,1.0,0.0,1.0,652,73,0.0,6626facda9efe18f4d85de6d,shared_domain,shared_domain
0.0,1.0,0.0,1.0,0.0,1.0,430,235,0.0,6626facea9efe18f4d85de73,shared_domain,shared_domain
0.0,1.0,0.0,1.0,0.0,1.0,304,265,0.0,6626facfa9efe18f4d85de76,shared_domain,shared_domain
1.0,1.0,0.0,1.0,0.0,1.0,15,24,0.0,6626fb84a9efe18f4d85de83,shared_domain,shared_domain
1.0,1.0,1.0,1.0,0.0,1.0,-1,204,0.0,6626ff32a9efe18f4d85de8b,shared_domain,shared_domain
1.0,0.0,0.0,1.0,0.0,0.0,201,135,,66270069a9efe18f4d85de9c,shared_domain,shared_domain
1.0,1.0,0.0,1.0,0.0,0.0,-1,85,1.0,66270069a9efe18f4d85dea0,attackers_domain,attackers_domain
0.0,1.0,1.0,1.0,0.0,1.0,54,208,0.0,66270688a9efe18f4d85dead,shared_domain,shared_domain
0.0,1.0,1.0,1.0,0.0,1.0,54,208,0.0,66270f05a9efe18f4d85deb6,shared_domain,shared_domain
1.0,1.0,1.0,1.0,0.0,1.0,-1,203,0.0,66270f05a9efe18f4d85deb8,shared_domain,shared_domain
0.0,1.0,1.0,1.0,0.0,1.0,77,140,0.0,66270f05a9efe18f4d85deb9,shared_domain,shared_domain
0.0,1.0,0.0,1.0,0.0,1.0,336,65,0.0,66270f05a9efe18f4d85dec0,shared_domain,shared_domain
1.0,1.0,1.0,1.0,0.0,1.0,-1,204,0.0,66270f05a9efe18f4d85ded3,shared_domain,shared_domain
1.0,0.0,0.0,0.0,0.0,0.0,-2,-2,1.0,6627114ca9efe18f4d85dee1,attackers_domain,attackers_domain
1.0,1.0,1.0,1.0,0.0,1.0,-1,74,0.0,6627114ca9efe18f4d85dee2,shared_domain,shared_domain
1.0,0.0,0.0,0.0,0.0,1.0,-2,-2,1.0,6627187fa9efe18f4d85df27,attackers_domain,attackers_domain
1.0,0.0,0.0,0.0,0.0,1.0,-2,-2,1.0,66271fbaa9efe18f4d85df34,attackers_domain,attackers_domain
0.0,1.0,1.0,1.0,0.0,1.0,378,157,0.0,66271fbaa9efe18f4d85df36,shared_domain,shared_domain
0.0,0.0,0.0,0.0,0.0,1.0,-2,-2,1.0,66272356a9efe18f4d85df3c,attackers_domain,attackers_domain
0.0,0.0,0.0,0.0,0.0,1.0,-2,-2,1.0,66272356a9efe18f4d85df3f,attackers_domain,attackers_domain
0.0,1.0,1.0,1.0,0.0,1.0,378,154,0.0,66273567a9efe18f4d85df97,shared_domain,shared_domain
1.0,0.0,0.0,0.0,0.0,1.0,-2,-2,1.0,66273568a9efe18f4d85df9d,attackers_domain,attackers_domain
1.0,1.0,1.0,1.0,0.0,1.0,115,48,0.0,66273568a9efe18f4d85df9e,shared_domain,shared_domain
1.0,1.0,0.0,1.0,0.0,0.0,381,2034,0.0,66273a4fa9efe18f4d85dfe9,shared_domain,shared_domain
1.0,1.0,1.0,1.0,0.0,0.0,0,177,0.0,66273a4fa9efe18f4d85e006,shared_domain,shared_domain
1.0,1.0,1.0,1.0,0.0,1.0,115,43,0.0,662747aaa9efe18f4d85e049,shared_domain,shared_domain
1.0,1.0,1.0,1.0,0.0,1.0,115,43,0.0,662747aaa9efe18f4d85e04e,shared_domain,shared_domain
1.0,1.0,1.0,1.0,0.0,1.0,115,43,0.0,662747aaa9efe18f4d85e050,shared_domain,shared_domain
1.0,1.0,1.0,1.0,0.0,1.0,115,39,0.0,662747aaa9efe18f4d85e055,shared_domain,shared_domain
0.0,1.0,0.0,1.0,0.0,1.0,430,235,0.0,662748eba9efe18f4d85e05b,shared_domain,shared_domain
0.0,1.0,1.0,1.0,0.0,1.0,4,229,0.0,662748eba9efe18f4d85e05c,shared_domain,shared_domain
0.0,1.0,0.0,1.0,0.0,1.0,430,235,0.0,662748eca9efe18f4d85e064,shared_domain,shared_domain
1.0,1.0,1.0,1.0,0.0,1.0,115,44,0.0,66274ee5a9efe18f4d85e06f,shared_domain,shared_domain
1.0,0.0,0.0,0.0,0.0,1.0,-2,-2,1.0,66275757a9efe18f4d85e08a,attackers_domain,attackers_domain
1.0,1.0,0.0,0.0,0.0,0.0,-2,-2,1.0,66275757a9efe18f4d85e08c,attackers_domain,attackers_domain
1.0,1.0,1.0,1.0,0.0,1.0,115,48,0.0,66275d76a9efe18f4d85e096,shared_domain,shared_domain
1.0,1.0,0.0,1.0,0.0,1.0,2435,453,0.0,66275d76a9efe18f4d85e0a0,shared_domain,shared_domain
0.0,1.0,1.0,1.0,0.0,1.0,378,165,0.0,662764b9a9efe18f4d85e0ac,shared_domain,shared_domain
1.0,1.0,0.0,1.0,0.0,0.0,4432,464,0.0,662765eea9efe18f4d85e0b7,shared_domain,shared_domain
1.0,1.0,0.0,0.0,0.0,1.0,-2,-2,0.0,662765eea9efe18f4d85e0ba,shared_domain,shared_domain
1.0,1.0,0.0,1.0,0.0,0.0,302,731,0.0,6627686da9efe18f4d85e0be,shared_domain,shared_domain
0.0,1.0,0.0,0.0,0.0,1.0,-2,-2,0.0,6627686da9efe18f4d85e0c0,shared_domain,shared_domain
1.0,0.0,0.0,0.0,0.0,0.0,-2,-2,1.0,66276c0ca9efe18f4d85e0c4,attackers_domain,attackers_domain
1.0,0.0,0.0,0.0,0.0,1.0,-2,-2,1.0,66276c0ca9efe18f4d85e0c8,attackers_domain,attackers_domain
1.0,1.0,0.0,1.0,0.0,0.0,10,453,0.0,6627759da9efe18f4d85e23c,compromised_domain,compromised_domain
1.0,1.0,0.0,0.0,0.0,0.0,-2,-2,1.0,6627759da9efe18f4d85e246,attackers_domain,attackers_domain
1.0,0.0,0.0,0.0,0.0,1.0,-2,-2,1.0,6627759da9efe18f4d85e24b,attackers_domain,attackers_domain
0.0,1.0,1.0,1.0,0.0,1.0,378,163,0.0,66277a8fa9efe18f4d85e25a,shared_domain,shared_domain
1.0,0.0,0.0,1.0,1.0,0.0,-1,7,1.0,662781d9a9efe18f4d85e26c,attackers_domain,attackers_domain
1.0,1.0,1.0,1.0,0.0,1.0,115,48,0.0,662781d9a9efe18f4d85e26e,shared_domain,shared_domain
1.0,1.0,0.0,1.0,0.0,0.0,603,144,0.0,662783d1a9efe18f4d85e27c,shared_domain,shared_domain
1.0,1.0,0.0,1.0,0.0,0.0,603,96,0.0,662783d1a9efe18f4d85e27e,shared_domain,shared_domain
1.0,1.0,0.0,1.0,0.0,0.0,603,144,0.0,662783d2a9efe18f4d85e28e,shared_domain,shared_domain
1.0,1.0,0.0,1.0,0.0,0.0,603,143,0.0,662783d5a9efe18f4d85e294,shared_domain,shared_domain
0.0,1.0,1.0,1.0,0.0,1.0,378,150,0.0,66279082a9efe18f4d85e2b0,shared_domain,shared_domain
1.0,1.0,0.0,1.0,0.0,0.0,381,2034,0.0,66279202a9efe18f4d85e2bc,shared_domain,shared_domain
1.0,1.0,0.0,0.0,0.0,1.0,-2,-2,0.0,66279202a9efe18f4d85e2be,shared_domain,shared_domain
1.0,1.0,0.0,1.0,0.0,1.0,41,82,0.0,66279202a9efe18f4d85e2c2,shared_domain,shared_domain
0.0,0.0,0.0,0.0,0.0,1.0,-2,-2,1.0,6627a2bea9efe18f4d85e33c,attackers_domain,attackers_domain
0.0,1.0,1.0,1.0,0.0,1.0,378,146,0.0,6627a3ffa9efe18f4d85e344,shared_domain,shared_domain
0.0,1.0,0.0,1.0,0.0,1.0,555,69,0.0,6627a40ba9efe18f4d85e362,shared_domain,shared_domain
1.0,1.0,0.0,1.0,0.0,0.0,4432,486,0.0,6627a415a9efe18f4d85e379,shared_domain,shared_domain
1.0,1.0,0.0,1.0,0.0,0.0,4432,486,0.0,6627a419a9efe18f4d85e37d,shared_domain,shared_domain
1.0,0.0,0.0,1.0,1.0,0.0,0,199,1.0,6627a41ba9efe18f4d85e381,attackers_domain,attackers_domain
1.0,0.0,0.0,0.0,0.0,1.0,-2,-2,1.0,6627a41ca9efe18f4d85e383,attackers_domain,attackers_domain
1.0,0.0,0.0,0.0,0.0,1.0,-2,-2,1.0,6627a41ca9efe18f4d85e386,attackers_domain,attackers_domain
1.0,1.0,0.0,1.0,0.0,0.0,4432,484,0.0,6627a424a9efe18f4d85e394,shared_domain,shared_domain
1.0,1.0,0.0,1.0,0.0,0.0,45,393,0.0,6627a425a9efe18f4d85e395,compromised_domain,compromised_domain
0.0,1.0,0.0,1.0,0.0,1.0,304,114,0.0,6627a43ca9efe18f4d85e3c2,shared_domain,shared_domain
0.0,0.0,0.0,0.0,0.0,1.0,-2,-2,1.0,6627a43fa9efe18f4d85e3c5,attackers_domain,attackers_domain
1.0,1.0,0.0,1.0,0.0,0.0,4432,436,0.0,6627a441a9efe18f4d85e3cb,shared_domain,shared_domain
1.0,1.0,0.0,1.0,0.0,1.0,391,98,0.0,6627a445a9efe18f4d85e3d2,shared_domain,shared_domain
1.0,1.0,1.0,1.0,0.0,1.0,652,42,0.0,6627a44da9efe18f4d85e3e4,shared_domain,shared_domain
1.0,1.0,1.0,1.0,0.0,1.0,652,241,0.0,6627a45aa9efe18f4d85e40b,shared_domain,shared_domain
1.0,1.0,1.0,1.0,0.0,1.0,115,54,0.0,6627a45da9efe18f4d85e411,shared_domain,shared_domain
0.0,1.0,0.0,1.0,0.0,1.0,304,98,0.0,6627a45ea9efe18f4d85e412,shared_domain,shared_domain
1.0,1.0,0.0,0.0,0.0,1.0,-2,-2,0.0,6627a466a9efe18f4d85e426,shared_domain,shared_domain
1.0,1.0,1.0,1.0,0.0,1.0,115,76,0.0,6627a467a9efe18f4d85e428,shared_domain,shared_domain
1.0,1.0,1.0,1.0,0.0,1.0,652,100,0.0,6627a47ca9efe18f4d85e449,shared_domain,shared_domain
0.0,1.0,0.0,1.0,0.0,1.0,430,233,0.0,6627a486a9efe18f4d85e468,shared_domain,shared_domain
1.0,1.0,0.0,1.0,0.0,0.0,4432,467,0.0,6627a48ba9efe18f4d85e475,shared_domain,shared_domain
1.0,1.0,1.0,1.0,0.0,1.0,115,585,0.0,6627a48ba9efe18f4d85e476,shared_domain,shared_domain
1.0,1.0,1.0,1.0,0.0,1.0,-1,205,0.0,6627a676a9efe18f4d85e490,shared_domain,shared_domain
1.0,1.0,1.0,1.0,0.0,1.0,115,48,0.0,6627aa0ea9efe18f4d85e4ac,shared_domain,shared_domain
0.0,1.0,0.0,1.0,0.0,1.0,430,240,0.0,6627adaaa9efe18f4d85e4b8,shared_domain,shared_domain
1.0,1.0,1.0,1.0,0.0,0.0,0,569,0.0,6627b133a9efe18f4d85e4ea,shared_domain,shared_domain
1.0,0.0,0.0,0.0,0.0,1.0,-2,-2,1.0,6627b133a9efe18f4d85e4ec,attackers_domain,attackers_domain
1.0,1.0,1.0,1.0,0.0,1.0,115,56,0.0,6627b869a9efe18f4d85e4ff,shared_domain,shared_domain
1.0,1.0,1.0,1.0,0.0,1.0,115,168,0.0,6627b869a9efe18f4d85e500,shared_domain,shared_domain
1.0,1.0,0.0,1.0,0.0,0.0,0,247,0.0,6627b869a9efe18f4d85e50c,compromised_domain,compromised_domain
1.0,1.0,1.0,1.0,0.0,1.0,115,44,0.0,6627b869a9efe18f4d85e51a,shared_domain,shared_domain
1.0,1.0,0.0,1.0,0.0,1.0,92,57,0.0,6627b869a9efe18f4d85e520,shared_domain,shared_domain
0.0,1.0,1.0,1.0,0.0,1.0,72,80,0.0,6627bd04a9efe18f4d85e529,shared_domain,shared_domain
1.0,0.0,0.0,0.0,0.0,0.0,-2,-2,1.0,6627c35fa9efe18f4d85e557,attackers_domain,attackers_domain
1.0,0.0,0.0,0.0,0.0,0.0,-2,-2,1.0,6627cb1aa9efe18f4d85e57c,attackers_domain,attackers_domain
1.0,1.0,1.0,1.0,0.0,1.0,-1,204,0.0,6627d57da9efe18f4d85e589,shared_domain,shared_domain
0.0,0.0,0.0,0.0,0.0,1.0,-2,-2,1.0,6627d57da9efe18f4d85e58e,attackers_domain,attackers_domain
0.0,0.0,0.0,1.0,0.0,1.0,-1,193,1.0,6627d57ea9efe18f4d85e592,attackers_domain,attackers_domain
1.0,1.0,0.0,1.0,0.0,1.0,2435,19,0.0,6627d961a9efe18f4d85e5a4,shared_domain,shared_domain
0.0,1.0,1.0,1.0,0.0,1.0,378,190,0.0,6627dcd4a9efe18f4d85e5b7,shared_domain,shared_domain
0.0,1.0,0.0,1.0,0.0,1.0,304,109,0.0,6627e7a7a9efe18f4d85e5e5,shared_domain,shared_domain
1.0,1.0,0.0,1.0,0.0,0.0,4432,463,0.0,6627e7a7a9efe18f4d85e5e6,shared_domain,shared_domain
0.0,0.0,0.0,1.0,0.0,1.0,-2,-2,1.0,6627eb5ba9efe18f4d85e5f3,attackers_domain,attackers_domain
1.0,1.0,1.0,1.0,0.0,1.0,49,43,0.0,6627eb5ba9efe18f4d85e5f6,shared_domain,shared_domain
0.0,1.0,0.0,1.0,0.0,1.0,64,214,0.0,6627f290a9efe18f4d85e61e,shared_domain,shared_domain
0.0,1.0,1.0,1.0,0.0,1.0,72,89,0.0,6627f5eda9efe18f4d85e626,shared_domain,shared_domain
1.0,1.0,0.0,1.0,1.0,0.0,45,634,1.0,6627fa9da9efe18f4d85e631,attackers_domain,attackers_domain
1.0,0.0,0.0,1.0,0.0,0.0,12,202,0.0,6627fa9ea9efe18f4d85e64d,compromised_domain,compromised_domain
1.0,0.0,0.0,1.0,1.0,0.0,10,749,1.0,662801c2a9efe18f4d85e6a2,attackers_domain,attackers_domain
1.0,0.0,0.0,1.0,1.0,0.0,-1,6,1.0,662801c2a9efe18f4d85e6aa,attackers_domain,attackers_domain
0.0,1.0,0.0,1.0,0.0,1.0,12,13,0.0,662801c2a9efe18f4d85e6ad,shared_domain,shared_domain
0.0,1.0,0.0,1.0,0.0,1.0,42,32,0.0,6628042fa9efe18f4d85e6b7,shared_domain,shared_domain
0.0,1.0,0.0,1.0,0.0,1.0,1368,48,0.0,6628042fa9efe18f4d85e6c4,shared_domain,shared_domain
1.0,0.0,0.0,1.0,1.0,0.0,-2,-2,1.0,6628091ba9efe18f4d85e6ec,attackers_domain,attackers_domain
1.0,1.0,0.0,0.0,1.0,0.0,-2,-2,1.0,6628091ba9efe18f4d85e6f9,attackers_domain,attackers_domain
1.0,0.0,0.0,1.0,0.0,0.0,-1,151,0.0,66280cb7a9efe18f4d85e6fb,attackers_domain,compromised_domain
0.0,1.0,1.0,1.0,0.0,1.0,378,147,0.0,66280cb7a9efe18f4d85e6fd,shared_domain,shared_domain
1.0,1.0,1.0,1.0,0.0,1.0,481,701,0.0,66280cb7a9efe18f4d85e704,shared_domain,shared_domain
0.0,1.0,1.0,1.0,0.0,1.0,4,198,0.0,66281244a9efe18f4d85e727,shared_domain,shared_domain
0.0,1.0,0.0,1.0,0.0,1.0,430,215,0.0,66281245a9efe18f4d85e728,shared_domain,shared_domain
0.0,1.0,1.0,1.0,0.0,1.0,54,359,0.0,66281245a9efe18f4d85e730,shared_domain,shared_domain
1.0,1.0,0.0,1.0,0.0,0.0,260,29,0.0,66281412a9efe18f4d85e74f,shared_domain,shared_domain
1.0,1.0,0.0,1.0,0.0,0.0,52,29,0.0,66281b4aa9efe18f4d85e759,shared_domain,shared_domain
0.0,1.0,1.0,1.0,0.0,1.0,378,190,0.0,66281ee4a9efe18f4d85e760,shared_domain,shared_domain
0.0,1.0,0.0,1.0,0.0,1.0,430,240,0.0,66282060a9efe18f4d85e772,shared_domain,shared_domain
0.0,1.0,0.0,1.0,0.0,1.0,430,238,0.0,66282060a9efe18f4d85e773,shared_domain,shared_domain
0.0,1.0,0.0,1.0,0.0,1.0,169,237,0.0,66282060a9efe18f4d85e778,shared_domain,shared_domain
0.0,1.0,0.0,1.0,0.0,1.0,430,210,0.0,66282060a9efe18f4d85e77a,shared_domain,shared_domain
0.0,1.0,1.0,1.0,0.0,1.0,4,204,0.0,66282060a9efe18f4d85e77c,shared_domain,shared_domain
0.0,1.0,1.0,1.0,0.0,1.0,72,102,0.0,66282060a9efe18f4d85e77f,shared_domain,shared_domain
1.0,1.0,1.0,1.0,0.0,1.0,481,735,0.0,66282060a9efe18f4d85e786,shared_domain,shared_domain
1.0,1.0,1.0,1.0,0.0,1.0,115,401,0.0,66282060a9efe18f4d85e788,shared_domain,shared_domain
0.0,1.0,0.0,1.0,0.0,1.0,336,74,0.0,66282060a9efe18f4d85e789,shared_domain,shared_domain
0.0,1.0,1.0,1.0,0.0,1.0,54,196,0.0,66282060a9efe18f4d85e796,shared_domain,shared_domain
0.0,1.0,0.0,1.0,0.0,1.0,245,79,0.0,66282060a9efe18f4d85e7a0,shared_domain,shared_domain
1.0,0.0,0.0,0.0,0.0,1.0,-2,-2,1.0,6628229ca9efe18f4d85e7a5,attackers_domain,attackers_domain
1.0,1.0,1.0,1.0,0.0,1.0,115,188,0.0,662829cda9efe18f4d85e7c5,shared_domain,shared_domain
0.0,1.0,1.0,1.0,0.0,1.0,77,149,0.0,66282e9ea9efe18f4d85e7dd,shared_domain,shared_domain
0.0,1.0,0.0,1.0,0.0,1.0,430,238,0.0,66282e9ea9efe18f4d85e7e3,shared_domain,shared_domain
1.0,1.0,1.0,1.0,0.0,1.0,-1,205,0.0,6628311aa9efe18f4d85e7fe,shared_domain,shared_domain
1.0,1.0,1.0,1.0,0.0,1.0,115,525,0.0,66283867a9efe18f4d85e9b0,shared_domain,shared_domain
1.0,1.0,1.0,1.0,0.0,1.0,225,73,0.0,66283867a9efe18f4d85e9b3,shared_domain,shared_domain
1.0,1.0,1.0,1.0,0.0,1.0,-1,204,0.0,66283cc3a9efe18f4d85e9c1,shared_domain,shared_domain
0.0,1.0,0.0,1.0,0.0,1.0,538,6,0.0,66283cc3a9efe18f4d85e9c4,shared_domain,shared_domain
1.0,1.0,1.0,1.0,0.0,1.0,660,158,0.0,66283cc3a9efe18f4d85e9c8,shared_domain,shared_domain
1.0,0.0,0.0,1.0,1.0,0.0,-1,9,1.0,66283fbca9efe18f4d85e9d3,attackers_domain,attackers_domain
1.0,1.0,0.0,0.0,0.0,1.0,-2,-2,0.0,662846dca9efe18f4d85eaad,shared_domain,shared_domain
1.0,1.0,1.0,1.0,0.0,1.0,115,44,0.0,662846dca9efe18f4d85eaaf,shared_domain,shared_domain
1.0,1.0,1.0,1.0,0.0,1.0,-1,205,0.0,66284a77a9efe18f4d85eab6,shared_domain,shared_domain
0.0,1.0,0.0,1.0,0.0,1.0,430,214,0.0,66284c0da9efe18f4d85eabd,shared_domain,shared_domain
0.0,1.0,1.0,1.0,0.0,1.0,378,136,0.0,66284c10a9efe18f4d85eac8,shared_domain,shared_domain
1.0,1.0,0.0,1.0,0.0,1.0,28,61,0.0,66284c13a9efe18f4d85ead0,shared_domain,shared_domain
1.0,1.0,0.0,1.0,0.0,1.0,-2,-2,0.0,66284c13a9efe18f4d85ead2,attackers_domain,attackers_domain
1.0,1.0,0.0,1.0,0.0,1.0,-2,-2,0.0,66284c15a9efe18f4d85ead7,attackers_domain,attackers_domain
1.0,1.0,0.0,1.0,0.0,1.0,-2,-2,0.0,66284c17a9efe18f4d85eade,attackers_domain,attackers_domain
0.0,1.0,0.0,1.0,0.0,1.0,555,29,0.0,66284c18a9efe18f4d85eae1,shared_domain,shared_domain
0.0,1.0,0.0,1.0,0.0,1.0,555,36,0.0,66284c1aa9efe18f4d85eae7,shared_domain,shared_domain
1.0,1.0,0.0,1.0,0.0,1.0,-2,-2,0.0,66284c1aa9efe18f4d85eae9,attackers_domain,attackers_domain
1.0,1.0,1.0,1.0,0.0,1.0,115,404,0.0,66284c1fa9efe18f4d85eaf9,shared_domain,shared_domain
1.0,1.0,1.0,1.0,0.0,1.0,115,404,0.0,66284c23a9efe18f4d85eb05,shared_domain,shared_domain
1.0,1.0,1.0,1.0,0.0,1.0,115,404,0.0,66284c24a9efe18f4d85eb0a,shared_domain,shared_domain
1.0,1.0,1.0,1.0,0.0,1.0,115,404,0.0,66284c26a9efe18f4d85eb0f,shared_domain,shared_domain
1.0,1.0,1.0,1.0,0.0,1.0,115,404,0.0,66284c28a9efe18f4d85eb16,shared_domain,shared_domain
1.0,1.0,1.0,1.0,0.0,1.0,115,404,0.0,66284c29a9efe18f4d85eb19,shared_domain,shared_domain
1.0,1.0,0.0,1.0,0.0,1.0,-2,-2,0.0,66284c2aa9efe18f4d85eb1b,attackers_domain,attackers_domain
1.0,1.0,1.0,1.0,0.0,1.0,115,404,0.0,66284c2ca9efe18f4d85eb23,shared_domain,shared_domain
1.0,1.0,1.0,1.0,0.0,1.0,115,404,0.0,66284c2ea9efe18f4d85eb29,shared_domain,shared_domain
1.0,1.0,1.0,1.0,0.0,1.0,115,404,0.0,66284c32a9efe18f4d85eb35,shared_domain,shared_domain
1.0,1.0,1.0,1.0,0.0,1.0,115,404,0.0,66284c34a9efe18f4d85eb3c,shared_domain,shared_domain
1.0,1.0,0.0,1.0,0.0,1.0,1995,141,0.0,66284c35a9efe18f4d85eb3f,shared_domain,shared_domain
0.0,1.0,0.0,1.0,0.0,1.0,555,31,0.0,66284c35a9efe18f4d85eb40,shared_domain,shared_domain
0.0,1.0,1.0,1.0,0.0,1.0,378,188,0.0,66284c37a9efe18f4d85eb47,shared_domain,shared_domain
1.0,1.0,0.0,1.0,0.0,1.0,186,14,0.0,66284c38a9efe18f4d85eb4b,shared_domain,shared_domain
0.0,1.0,0.0,1.0,0.0,1.0,555,32,0.0,66284c3da9efe18f4d85eb58,shared_domain,shared_domain
0.0,1.0,0.0,1.0,0.0,1.0,555,28,0.0,66284c40a9efe18f4d85eb63,shared_domain,shared_domain
1.0,1.0,0.0,1.0,0.0,0.0,4432,486,0.0,66284c4ca9efe18f4d85eb8a,shared_domain,shared_domain
0.0,1.0,1.0,1.0,0.0,1.0,4,209,0.0,66284c53a9efe18f4d85eba1,shared_domain,shared_domain
1.0,1.0,0.0,1.0,0.0,1.0,-2,-2,0.0,66284c5ba9efe18f4d85ebac,attackers_domain,attackers_domain
0.0,1.0,0.0,1.0,0.0,1.0,555,20,0.0,66284c5ba9efe18f4d85ebae,shared_domain,shared_domain
1.0,1.0,0.0,1.0,0.0,1.0,-2,-2,0.0,66284c5ea9efe18f4d85ebb7,attackers_domain,attackers_domain
0.0,1.0,0.0,1.0,0.0,1.0,387,72,0.0,66284c5fa9efe18f4d85ebbb,shared_domain,shared_domain
0.0,1.0,1.0,1.0,0.0,1.0,378,190,0.0,66284c62a9efe18f4d85ebc7,shared_domain,shared_domain
1.0,0.0,0.0,1.0,0.0,1.0,-1,14,1.0,66284c6ca9efe18f4d85ebe5,attackers_domain,attackers_domain
1.0,1.0,1.0,1.0,0.0,1.0,652,42,0.0,66284c6da9efe18f4d85ebe7,shared_domain,shared_domain
1.0,0.0,0.0,1.0,0.0,1.0,-2,-2,1.0,66284c6ea9efe18f4d85ebeb,attackers_domain,attackers_domain
0.0,1.0,1.0,1.0,0.0,1.0,77,161,0.0,66284c6fa9efe18f4d85ebef,shared_domain,shared_domain
0.0,1.0,1.0,1.0,0.0,1.0,77,153,0.0,66284c70a9efe18f4d85ebf0,shared_domain,shared_domain
0.0,1.0,0.0,1.0,0.0,1.0,-1,1538,1.0,66284c71a9efe18f4d85ebf5,shared_domain,shared_domain
1.0,1.0,0.0,1.0,0.0,0.0,4432,485,0.0,66284c73a9efe18f4d85ebfa,shared_domain,shared_domain
1.0,0.0,0.0,1.0,0.0,0.0,0,26,0.0,66284c7fa9efe18f4d85ec23,compromised_domain,compromised_domain
0.0,1.0,0.0,1.0,0.0,1.0,555,35,0.0,66284c81a9efe18f4d85ec2a,shared_domain,shared_domain
0.0,1.0,1.0,1.0,0.0,1.0,378,155,0.0,66284c85a9efe18f4d85ec33,shared_domain,shared_domain
1.0,1.0,1.0,1.0,0.0,1.0,652,250,0.0,66284c92a9efe18f4d85ec54,shared_domain,shared_domain
1.0,1.0,0.0,1.0,0.0,1.0,-2,-2,0.0,66284c93a9efe18f4d85ec57,attackers_domain,attackers_domain
0.0,1.0,1.0,1.0,0.0,1.0,378,346,0.0,66284c95a9efe18f4d85ec5d,shared_domain,shared_domain
0.0,1.0,1.0,1.0,0.0,1.0,378,178,0.0,66284c96a9efe18f4d85ec5e,shared_domain,shared_domain
1.0,0.0,0.0,0.0,1.0,0.0,-2,-2,1.0,66284c97a9efe18f4d85ec60,attackers_domain,attackers_domain
1.0,0.0,0.0,0.0,0.0,1.0,-2,-2,1.0,66284c98a9efe18f4d85ec63,attackers_domain,attackers_domain
0.0,1.0,1.0,1.0,0.0,1.0,378,171,0.0,66284c9fa9efe18f4d85ec74,shared_domain,shared_domain
0.0,1.0,1.0,1.0,0.0,1.0,4,205,0.0,66284ca1a9efe18f4d85ec76,shared_domain,shared_domain
1.0,1.0,0.0,1.0,0.0,1.0,1995,152,0.0,66284e0ea9efe18f4d85ec7c,shared_domain,shared_domain
1.0,1.0,0.0,1.0,0.0,0.0,105,1771,,662851aaa9efe18f4d85ec81,shared_domain,compromised_domain
0.0,1.0,1.0,1.0,0.0,1.0,378,163,0.0,66285545a9efe18f4d85ec82,shared_domain,shared_domain
1.0,0.0,0.0,0.0,0.0,0.0,-2,-2,1.0,662863a5a9efe18f4d85eca9,attackers_domain,attackers_domain
1.0,0.0,0.0,0.0,0.0,0.0,-2,-2,1.0,662863a5a9efe18f4d85ecb0,attackers_domain,attackers_domain
1.0,0.0,0.0,0.0,0.0,1.0,-2,-2,1.0,66287230a9efe18f4d85ece1,attackers_domain,attackers_domain
1.0,1.0,1.0,1.0,0.0,1.0,115,48,0.0,66287230a9efe18f4d85ece5,shared_domain,shared_domain
1.0,0.0,0.0,0.0,0.0,0.0,-2,-2,1.0,66287230a9efe18f4d85ecea,attackers_domain,attackers_domain
0.0,1.0,1.0,1.0,0.0,1.0,103,42,0.0,662883d2a9efe18f4d85ed3b,shared_domain,shared_domain
1.0,0.0,0.0,0.0,0.0,0.0,-2,-2,1.0,66288528a9efe18f4d85ed45,attackers_domain,attackers_domain
1.0,1.0,1.0,1.0,0.0,1.0,49,74,0.0,66288c79a9efe18f4d85ed94,shared_domain,shared_domain
0.0,1.0,1.0,1.0,0.0,1.0,72,101,0.0,66289202a9efe18f4d85edc2,shared_domain,shared_domain
0.0,1.0,0.0,1.0,0.0,1.0,336,67,0.0,66289202a9efe18f4d85edc5,shared_domain,shared_domain
0.0,1.0,0.0,1.0,0.0,1.0,169,252,0.0,66289202a9efe18f4d85edc6,shared_domain,shared_domain
0.0,1.0,0.0,1.0,0.0,1.0,430,214,0.0,66289202a9efe18f4d85edcb,shared_domain,shared_domain
0.0,1.0,0.0,1.0,0.0,1.0,336,68,0.0,66289202a9efe18f4d85edcc,shared_domain,shared_domain
0.0,1.0,1.0,1.0,0.0,1.0,77,155,0.0,66289202a9efe18f4d85edd3,shared_domain,shared_domain
1.0,0.0,0.0,0.0,1.0,0.0,-2,-2,1.0,66289b01a9efe18f4d85eddd,attackers_domain,attackers_domain
1.0,1.0,0.0,1.0,0.0,1.0,-2,-2,1.0,66289b02a9efe18f4d85edf6,attackers_domain,attackers_domain
1.0,1.0,0.0,1.0,0.0,1.0,620,339,0.0,66289e9ca9efe18f4d85ee02,shared_domain,shared_domain
0.0,1.0,1.0,1.0,0.0,1.0,72,98,0.0,6628ae32a9efe18f4d85ee3f,shared_domain,shared_domain
1.0,1.0,1.0,1.0,0.0,1.0,115,48,0.0,6628b0b3a9efe18f4d85ee55,shared_domain,shared_domain
1.0,1.0,1.0,1.0,0.0,1.0,115,48,0.0,6628b817a9efe18f4d85ee8a,shared_domain,shared_domain
1.0,1.0,1.0,1.0,0.0,1.0,-1,74,0.0,6628cdb2a9efe18f4d85eec8,shared_domain,shared_domain
1.0,0.0,0.0,0.0,1.0,0.0,-2,-2,1.0,6628cdb2a9efe18f4d85eed4,attackers_domain,attackers_domain
1.0,1.0,1.0,1.0,0.0,1.0,115,48,0.0,6628d14da9efe18f4d85eedd,shared_domain,shared_domain
0.0,1.0,1.0,1.0,0.0,1.0,378,150,0.0,6628d14da9efe18f4d85eede,shared_domain,shared_domain
1.0,1.0,1.0,1.0,0.0,1.0,225,403,0.0,6628d14da9efe18f4d85eee1,shared_domain,shared_domain
1.0,1.0,1.0,1.0,0.0,1.0,115,44,0.0,6628d14da9efe18f4d85eee4,shared_domain,shared_domain
1.0,0.0,0.0,1.0,0.0,0.0,72,154,,6628d14da9efe18f4d85eee6,compromised_domain,compromised_domain
1.0,0.0,0.0,1.0,0.0,0.0,72,120,,6628d14da9efe18f4d85eee8,compromised_domain,compromised_domain
1.0,1.0,1.0,1.0,0.0,1.0,115,48,0.0,6628d87da9efe18f4d85eef1,shared_domain,shared_domain
1.0,1.0,1.0,1.0,0.0,1.0,115,48,0.0,6628d87da9efe18f4d85eef2,shared_domain,shared_domain
1.0,1.0,0.0,1.0,0.0,0.0,329,455,0.0,6628d9dfa9efe18f4d85ef4e,shared_domain,shared_domain
1.0,1.0,1.0,1.0,0.0,1.0,652,40,0.0,6628d9dfa9efe18f4d85ef59,shared_domain,shared_domain
1.0,1.0,1.0,1.0,0.0,1.0,652,40,0.0,6628d9dfa9efe18f4d85ef5e,shared_domain,shared_domain
1.0,1.0,1.0,1.0,0.0,1.0,652,40,0.0,6628d9dfa9efe18f4d85ef5f,shared_domain,shared_domain
1.0,1.0,1.0,1.0,0.0,1.0,652,17,0.0,6628d9dfa9efe18f4d85ef67,shared_domain,shared_domain
1.0,1.0,1.0,1.0,0.0,1.0,652,42,0.0,6628d9e0a9efe18f4d85ef6d,shared_domain,shared_domain
0.0,1.0,0.0,0.0,0.0,1.0,-2,-2,0.0,6628d9e0a9efe18f4d85ef6e,shared_domain,shared_domain
1.0,0.0,0.0,0.0,0.0,1.0,-2,-2,1.0,6628d9e1a9efe18f4d85f038,attackers_domain,attackers_domain
1.0,1.0,1.0,1.0,0.0,1.0,115,55,0.0,6628d9e1a9efe18f4d85f04b,shared_domain,shared_domain
1.0,1.0,1.0,1.0,0.0,1.0,115,55,0.0,6628d9e1a9efe18f4d85f051,shared_domain,shared_domain
1.0,1.0,1.0,1.0,0.0,1.0,115,55,0.0,6628d9e1a9efe18f4d85f067,shared_domain,shared_domain
1.0,1.0,1.0,1.0,0.0,1.0,115,55,0.0,6628d9e1a9efe18f4d85f06b,shared_domain,shared_domain
1.0,1.0,1.0,1.0,0.0,1.0,115,55,0.0,6628d9e2a9efe18f4d85f06d,shared_domain,shared_domain
1.0,1.0,1.0,1.0,0.0,1.0,115,55,0.0,6628d9e2a9efe18f4d85f073,shared_domain,shared_domain
1.0,1.0,1.0,1.0,0.0,1.0,115,55,0.0,6628d9e2a9efe18f4d85f075,shared_domain,shared_domain
1.0,1.0,0.0,1.0,0.0,0.0,-2,-2,1.0,6628d9e2a9efe18f4d85f07a,attackers_domain,compromised_domain
0.0,0.0,0.0,1.0,0.0,1.0,8,210,1.0,6628d9e2a9efe18f4d85f0a6,shared_domain,attackers_domain
0.0,0.0,0.0,0.0,0.0,1.0,-2,-2,1.0,6628d9e2a9efe18f4d85f0bb,attackers_domain,attackers_domain
0.0,0.0,0.0,0.0,0.0,1.0,-2,-2,1.0,6628d9e2a9efe18f4d85f0bc,attackers_domain,attackers_domain
0.0,0.0,0.0,1.0,0.0,1.0,106,193,1.0,6628d9e2a9efe18f4d85f0c5,shared_domain,attackers_domain
1.0,0.0,0.0,0.0,1.0,0.0,-2,-2,1.0,6628d9e2a9efe18f4d85f0c7,attackers_domain,attackers_domain
0.0,0.0,0.0,1.0,0.0,1.0,-2,-2,1.0,6628d9e2a9efe18f4d85f0c8,attackers_domain,attackers_domain
0.0,0.0,0.0,0.0,0.0,1.0,-2,-2,1.0,6628d9e2a9efe18f4d85f0d2,attackers_domain,attackers_domain
0.0,1.0,0.0,1.0,0.0,1.0,42,365,0.0,6628d9e2a9efe18f4d85f0d6,shared_domain,shared_domain
1.0,1.0,0.0,1.0,0.0,1.0,2435,129,0.0,6628d9e2a9efe18f4d85f0d8,shared_domain,shared_domain
1.0,1.0,1.0,1.0,0.0,1.0,49,74,0.0,6628d9e3a9efe18f4d85f0ec,shared_domain,shared_domain
1.0,1.0,0.0,1.0,0.0,1.0,13,168,0.0,6628d9e3a9efe18f4d85f0fe,compromised_domain,compromised_domain
1.0,1.0,0.0,1.0,0.0,0.0,-2,-2,1.0,6628dfc6a9efe18f4d85f106,attackers_domain,compromised_domain
1.0,1.0,1.0,1.0,0.0,1.0,115,48,0.0,6628dfc6a9efe18f4d85f109,shared_domain,shared_domain
1.0,1.0,1.0,1.0,0.0,1.0,115,48,0.0,6628dfc6a9efe18f4d85f10d,shared_domain,shared_domain
1.0,1.0,1.0,1.0,0.0,1.0,115,48,0.0,6628dfc6a9efe18f4d85f10e,shared_domain,shared_domain
0.0,1.0,1.0,1.0,0.0,1.0,378,150,0.0,6628dfc6a9efe18f4d85f114,shared_domain,shared_domain
1.0,1.0,0.0,1.0,0.0,0.0,105,3411,,6628dfc6a9efe18f4d85f11b,shared_domain,compromised_domain
0.0,1.0,0.0,1.0,0.0,1.0,336,53,0.0,6628dfc6a9efe18f4d85f11d,shared_domain,shared_domain
1.0,1.0,1.0,1.0,0.0,1.0,115,48,0.0,6628e6fba9efe18f4d85f13c,shared_domain,shared_domain
1.0,1.0,1.0,1.0,0.0,1.0,225,83,0.0,6628e7fda9efe18f4d85f144,shared_domain,shared_domain
1.0,1.0,0.0,1.0,0.0,1.0,391,97,0.0,6628e7fda9efe18f4d85f147,shared_domain,shared_domain
1.0,1.0,0.0,1.0,0.0,1.0,391,98,0.0,6628e7fda9efe18f4d85f148,shared_domain,shared_domain
0.0,1.0,0.0,1.0,0.0,1.0,555,19,0.0,6628e7fda9efe18f4d85f14b,shared_domain,shared_domain
0.0,1.0,0.0,1.0,0.0,1.0,555,83,0.0,6628e7fda9efe18f4d85f14c,shared_domain,shared_domain
1.0,1.0,1.0,1.0,0.0,1.0,-1,203,0.0,6628e7fda9efe18f4d85f14e,shared_domain,shared_domain
1.0,0.0,0.0,0.0,0.0,1.0,-2,-2,1.0,6628e7fea9efe18f4d85f15f,attackers_domain,attackers_domain
0.0,0.0,0.0,0.0,0.0,1.0,-2,-2,1.0,6628e7fea9efe18f4d85f16d,attackers_domain,attackers_domain
1.0,0.0,0.0,1.0,1.0,0.0,-2,-2,1.0,6628e7fea9efe18f4d85f16f,attackers_domain,attackers_domain
1.0,1.0,1.0,1.0,0.0,1.0,115,38,0.0,6628e7fea9efe18f4d85f172,shared_domain,shared_domain
1.0,1.0,1.0,1.0,0.0,1.0,115,47,0.0,6628e7fea9efe18f4d85f17b,shared_domain,shared_domain
0.0,1.0,0.0,0.0,0.0,1.0,-2,-2,0.0,6628e7fea9efe18f4d85f17c,shared_domain,shared_domain
1.0,1.0,1.0,1.0,0.0,1.0,115,68,0.0,6628e7fea9efe18f4d85f180,shared_domain,shared_domain
0.0,1.0,0.0,1.0,0.0,1.0,446,176,0.0,6628e7fea9efe18f4d85f186,shared_domain,shared_domain
1.0,1.0,1.0,1.0,0.0,1.0,115,46,0.0,6628e7fea9efe18f4d85f196,shared_domain,shared_domain
0.0,1.0,0.0,0.0,0.0,1.0,-2,-2,0.0,6628e7fea9efe18f4d85f19a,shared_domain,shared_domain
1.0,1.0,1.0,1.0,0.0,1.0,225,403,0.0,6628e7fea9efe18f4d85f1b4,shared_domain,shared_domain
1.0,1.0,1.0,1.0,0.0,1.0,225,73,0.0,6628e7fea9efe18f4d85f1c2,shared_domain,shared_domain
1.0,1.0,1.0,1.0,0.0,1.0,225,73,0.0,6628e7fea9efe18f4d85f1c3,shared_domain,shared_domain
1.0,1.0,0.0,1.0,0.0,1.0,180,65,0.0,6628e7fea9efe18f4d85f1c6,shared_domain,shared_domain
1.0,1.0,1.0,1.0,0.0,1.0,652,40,0.0,6628e7fea9efe18f4d85f1cc,shared_domain,shared_domain
1.0,0.0,0.0,1.0,0.0,0.0,39,488,0.0,6628e7fea9efe18f4d85f1eb,compromised_domain,compromised_domain
1.0,1.0,1.0,1.0,0.0,1.0,652,41,0.0,6628e7ffa9efe18f4d85f214,shared_domain,shared_domain
0.0,1.0,0.0,1.0,0.0,1.0,430,209,0.0,6628e7ffa9efe18f4d85f219,shared_domain,shared_domain
1.0,1.0,1.0,1.0,0.0,1.0,115,48,0.0,6628ee20a9efe18f4d85f22d,shared_domain,shared_domain
1.0,1.0,1.0,1.0,0.0,1.0,115,525,0.0,6628ee20a9efe18f4d85f22f,shared_domain,shared_domain
1.0,1.0,0.0,1.0,0.0,1.0,1995,1271,0.0,6628ee20a9efe18f4d85f230,shared_domain,shared_domain
0.0,1.0,0.0,0.0,0.0,1.0,-2,-2,0.0,6628f51ca9efe18f4d85f244,shared_domain,shared_domain
0.0,0.0,0.0,0.0,0.0,1.0,-2,-2,1.0,6628f51ea9efe18f4d85f24b,attackers_domain,attackers_domain
1.0,1.0,1.0,1.0,0.0,1.0,115,76,0.0,6628f51fa9efe18f4d85f24c,shared_domain,shared_domain
0.0,0.0,0.0,0.0,0.0,1.0,-2,-2,1.0,6628f520a9efe18f4d85f250,attackers_domain,attackers_domain
1.0,0.0,0.0,1.0,0.0,1.0,-2,-2,1.0,6628f522a9efe18f4d85f256,attackers_domain,attackers_domain
0.0,0.0,0.0,0.0,0.0,1.0,-2,-2,1.0,6628f523a9efe18f4d85f259,attackers_domain,attackers_domain
1.0,0.0,0.0,1.0,0.0,1.0,5,229,1.0,6628f524a9efe18f4d85f25d,attackers_domain,attackers_domain
1.0,0.0,0.0,1.0,0.0,1.0,5,219,1.0,6628f527a9efe18f4d85f268,attackers_domain,attackers_domain
1.0,0.0,0.0,0.0,0.0,1.0,-2,-2,1.0,6628f530a9efe18f4d85f27c,attackers_domain,attackers_domain
0.0,1.0,1.0,1.0,0.0,1.0,378,165,0.0,6628f544a9efe18f4d85f2ab,shared_domain,shared_domain
1.0,0.0,0.0,0.0,0.0,0.0,-2,-2,1.0,6628f549a9efe18f4d85f2b8,attackers_domain,attackers_domain
0.0,1.0,0.0,1.0,0.0,1.0,555,16,0.0,6628f54ba9efe18f4d85f2c0,shared_domain,shared_domain
0.0,1.0,0.0,1.0,0.0,1.0,555,83,0.0,6628f54ca9efe18f4d85f2c1,shared_domain,shared_domain
1.0,1.0,0.0,1.0,0.0,1.0,-2,-2,0.0,6628f54fa9efe18f4d85f2c9,attackers_domain,attackers_domain
1.0,1.0,1.0,1.0,0.0,1.0,115,38,0.0,6628f550a9efe18f4d85f2ca,shared_domain,shared_domain
1.0,1.0,1.0,1.0,0.0,1.0,115,38,0.0,6628f550a9efe18f4d85f2cc,shared_domain,shared_domain
1.0,1.0,1.0,1.0,0.0,1.0,115,178,0.0,6628f55ea9efe18f4d85f2f1,shared_domain,shared_domain
0.0,1.0,1.0,1.0,0.0,1.0,378,158,0.0,6628f569a9efe18f4d85f306,shared_domain,shared_domain
1.0,1.0,0.0,1.0,0.0,1.0,1073,36,0.0,6628f56aa9efe18f4d85f30a,shared_domain,shared_domain
1.0,1.0,0.0,1.0,0.0,0.0,211,396,0.0,6628f56ea9efe18f4d85f312,shared_domain,shared_domain
0.0,1.0,1.0,1.0,0.0,1.0,4,198,0.0,6628f56fa9efe18f4d85f316,shared_domain,shared_domain
0.0,1.0,0.0,1.0,0.0,1.0,304,234,0.0,6628f573a9efe18f4d85f31e,shared_domain,shared_domain
1.0,1.0,1.0,1.0,0.0,1.0,115,66,0.0,6628f577a9efe18f4d85f324,shared_domain,shared_domain
1.0,0.0,0.0,1.0,1.0,0.0,-2,-2,1.0,6628f578a9efe18f4d85f328,attackers_domain,attackers_domain
1.0,1.0,1.0,1.0,0.0,1.0,652,61,0.0,6628f579a9efe18f4d85f32a,shared_domain,shared_domain
1.0,1.0,1.0,1.0,0.0,1.0,115,132,0.0,6628f57ca9efe18f4d85f330,shared_domain,shared_domain
1.0,0.0,0.0,0.0,0.0,0.0,-2,-2,1.0,6628f581a9efe18f4d85f340,attackers_domain,attackers_domain
0.0,1.0,0.0,1.0,0.0,1.0,555,23,0.0,6628f583a9efe18f4d85f345,shared_domain,shared_domain
0.0,1.0,0.0,1.0,0.0,1.0,555,27,0.0,6628f584a9efe18f4d85f349,shared_domain,shared_domain
0.0,1.0,0.0,1.0,0.0,1.0,555,97,0.0,6628f584a9efe18f4d85f34a,shared_domain,shared_domain
0.0,1.0,0.0,1.0,0.0,1.0,-1,97,0.0,6628f591a9efe18f4d85f364,attackers_domain,attackers_domain
1.0,1.0,0.0,1.0,0.0,0.0,4432,465,0.0,6628f631a9efe18f4d85f3a5,shared_domain,shared_domain
1.0,1.0,1.0,1.0,0.0,1.0,-1,71,0.0,6628f631a9efe18f4d85f3af,shared_domain,shared_domain
1.0,1.0,0.0,1.0,0.0,0.0,45,532,0.0,6628f634a9efe18f4d85f3b6,compromised_domain,compromised_domain
1.0,1.0,1.0,1.0,0.0,1.0,115,48,0.0,6629055ba9efe18f4d85f428,shared_domain,shared_domain
1.0,0.0,0.0,0.0,0.0,1.0,-2,-2,1.0,6629055ba9efe18f4d85f431,attackers_domain,attackers_domain
0.0,0.0,0.0,1.0,0.0,1.0,0,6,0.0,662908f4a9efe18f4d85f437,shared_domain,attackers_domain
1.0,1.0,0.0,1.0,0.0,0.0,4432,453,0.0,6629128ba9efe18f4d85f44d,shared_domain,shared_domain
1.0,0.0,0.0,0.0,0.0,0.0,-2,-2,1.0,662913d9a9efe18f4d85f46a,attackers_domain,attackers_domain
1.0,0.0,0.0,0.0,0.0,0.0,-2,-2,1.0,662913d9a9efe18f4d85f46e,attackers_domain,attackers_domain
1.0,0.0,0.0,0.0,0.0,0.0,-2,-2,1.0,662913d9a9efe18f4d85f470,attackers_domain,attackers_domain
1.0,0.0,0.0,0.0,0.0,0.0,-2,-2,1.0,662913d9a9efe18f4d85f474,attackers_domain,attackers_domain
1.0,0.0,0.0,0.0,0.0,0.0,-2,-2,1.0,662913d9a9efe18f4d85f475,attackers_domain,attackers_domain
1.0,0.0,0.0,0.0,0.0,0.0,-2,-2,1.0,662913daa9efe18f4d85f478,attackers_domain,attackers_domain
1.0,0.0,0.0,0.0,0.0,0.0,-2,-2,1.0,662913daa9efe18f4d85f479,attackers_domain,attackers_domain
1.0,0.0,0.0,0.0,0.0,0.0,-2,-2,1.0,662913daa9efe18f4d85f47a,attackers_domain,attackers_domain
1.0,1.0,1.0,1.0,0.0,1.0,115,48,0.0,662913daa9efe18f4d85f47c,shared_domain,shared_domain
1.0,0.0,0.0,0.0,0.0,0.0,-2,-2,1.0,662913daa9efe18f4d85f485,attackers_domain,attackers_domain
1.0,0.0,0.0,1.0,0.0,0.0,-1,19,1.0,66291ec9a9efe18f4d85f4b5,attackers_domain,attackers_domain
0.0,1.0,1.0,1.0,0.0,1.0,77,169,0.0,66291ec9a9efe18f4d85f4bc,shared_domain,shared_domain
1.0,1.0,1.0,1.0,0.0,1.0,-1,204,0.0,662920bca9efe18f4d85f4d0,shared_domain,shared_domain
1.0,1.0,1.0,1.0,0.0,1.0,-1,204,0.0,662920bca9efe18f4d85f4d1,shared_domain,shared_domain
0.0,0.0,0.0,1.0,0.0,1.0,0,5,0.0,662920bca9efe18f4d85f4e0,shared_domain,attackers_domain
0.0,1.0,0.0,1.0,0.0,1.0,430,232,0.0,662925eca9efe18f4d85f4e2,shared_domain,shared_domain
1.0,0.0,0.0,0.0,1.0,0.0,-2,-2,1.0,662925eca9efe18f4d85f4e5,attackers_domain,attackers_domain
1.0,1.0,1.0,1.0,0.0,1.0,-1,204,0.0,662925eda9efe18f4d85f4e9,shared_domain,shared_domain
1.0,1.0,0.0,1.0,0.0,0.0,483,127,0.0,66292999a9efe18f4d85f4eb,shared_domain,shared_domain
1.0,1.0,1.0,1.0,0.0,1.0,115,48,0.0,66292d33a9efe18f4d85f505,shared_domain,shared_domain
0.0,1.0,0.0,1.0,0.0,1.0,43,54,0.0,66292eeaa9efe18f4d85f51b,shared_domain,shared_domain
0.0,1.0,0.0,1.0,0.0,1.0,304,447,0.0,66292eeaa9efe18f4d85f520,shared_domain,shared_domain
1.0,1.0,1.0,1.0,0.0,1.0,115,86,0.0,66292eeaa9efe18f4d85f527,shared_domain,shared_domain
1.0,1.0,0.0,1.0,0.0,1.0,-1,49,1.0,662930bca9efe18f4d85f52d,attackers_domain,attackers_domain
1.0,1.0,1.0,1.0,0.0,1.0,-1,204,0.0,66293458a9efe18f4d85f52f,shared_domain,shared_domain
1.0,1.0,1.0,1.0,0.0,1.0,115,520,0.0,66293458a9efe18f4d85f530,shared_domain,shared_domain
0.0,1.0,0.0,1.0,0.0,1.0,42,60,0.0,66293458a9efe18f4d85f533,shared_domain,shared_domain
0.0,1.0,1.0,1.0,0.0,1.0,72,109,0.0,66293b90a9efe18f4d85f53c,shared_domain,shared_domain
0.0,1.0,1.0,1.0,0.0,1.0,378,190,0.0,66293d09a9efe18f4d85f53f,shared_domain,shared_domain
1.0,1.0,0.0,1.0,0.0,0.0,10,452,0.0,66293d09a9efe18f4d85f543,compromised_domain,compromised_domain
0.0,1.0,0.0,1.0,0.0,1.0,12,11,0.0,66293d09a9efe18f4d85f54a,shared_domain,shared_domain
0.0,1.0,0.0,1.0,0.0,1.0,430,232,0.0,66293d09a9efe18f4d85f54c,shared_domain,shared_domain
0.0,1.0,1.0,1.0,0.0,1.0,378,190,0.0,66293d09a9efe18f4d85f551,shared_domain,shared_domain
0.0,1.0,0.0,1.0,0.0,1.0,42,58,0.0,662949fca9efe18f4d85f570,shared_domain,shared_domain
0.0,1.0,0.0,1.0,0.0,1.0,304,98,0.0,66294b37a9efe18f4d85f587,shared_domain,shared_domain
1.0,1.0,1.0,1.0,0.0,0.0,0,176,0.0,66294b37a9efe18f4d85f58f,shared_domain,shared_domain
1.0,1.0,1.0,1.0,0.0,1.0,-1,205,0.0,66294b37a9efe18f4d85f594,shared_domain,shared_domain
1.0,1.0,1.0,1.0,0.0,0.0,57,1260,,66294b37a9efe18f4d85f59a,shared_domain,shared_domain
0.0,1.0,0.0,1.0,0.0,1.0,12,40,0.0,66295152a9efe18f4d85f59e,shared_domain,shared_domain
1.0,0.0,0.0,1.0,1.0,0.0,-2,-2,1.0,662954eba9efe18f4d85f5ad,attackers_domain,attackers_domain
1.0,0.0,0.0,1.0,1.0,0.0,-2,-2,1.0,662954eba9efe18f4d85f5b5,attackers_domain,attackers_domain
1.0,0.0,0.0,1.0,1.0,0.0,-2,-2,1.0,662954eba9efe18f4d85f5be,attackers_domain,attackers_domain
1.0,0.0,0.0,1.0,1.0,0.0,-2,-2,1.0,662954eba9efe18f4d85f5c2,attackers_domain,attackers_domain
1.0,0.0,0.0,0.0,1.0,0.0,-2,-2,1.0,66295883a9efe18f4d85f5da,attackers_domain,attackers_domain
0.0,1.0,0.0,1.0,0.0,1.0,64,214,0.0,66295982a9efe18f4d85f5e4,shared_domain,shared_domain
0.0,1.0,0.0,1.0,0.0,1.0,43,54,0.0,66295982a9efe18f4d85f5f8,shared_domain,shared_domain
0.0,1.0,0.0,1.0,0.0,1.0,304,230,0.0,66295982a9efe18f4d85f602,shared_domain,shared_domain
0.0,1.0,0.0,1.0,0.0,1.0,304,89,0.0,66295982a9efe18f4d85f605,shared_domain,shared_domain
0.0,1.0,0.0,1.0,0.0,1.0,304,159,0.0,66295982a9efe18f4d85f607,shared_domain,shared_domain
0.0,1.0,0.0,1.0,0.0,1.0,304,89,0.0,66295982a9efe18f4d85f608,shared_domain,shared_domain
0.0,1.0,0.0,1.0,0.0,1.0,304,117,0.0,66295982a9efe18f4d85f60a,shared_domain,shared_domain
0.0,1.0,0.0,1.0,0.0,1.0,304,217,0.0,66295982a9efe18f4d85f610,shared_domain,shared_domain
0.0,1.0,0.0,1.0,0.0,1.0,304,100,0.0,66295982a9efe18f4d85f612,shared_domain,shared_domain
0.0,1.0,0.0,1.0,0.0,1.0,304,111,0.0,66295982a9efe18f4d85f613,shared_domain,shared_domain
0.0,1.0,0.0,1.0,0.0,1.0,304,234,0.0,66295982a9efe18f4d85f61f,shared_domain,shared_domain
0.0,1.0,0.0,1.0,0.0,1.0,304,222,0.0,66295983a9efe18f4d85f621,shared_domain,shared_domain
0.0,1.0,0.0,1.0,0.0,1.0,304,100,0.0,66295983a9efe18f4d85f62c,shared_domain,shared_domain
0.0,1.0,1.0,1.0,0.0,1.0,72,109,0.0,66295983a9efe18f4d85f62e,shared_domain,shared_domain
1.0,1.0,0.0,1.0,0.0,1.0,156,158,0.0,66295983a9efe18f4d85f634,shared_domain,shared_domain
1.0,0.0,0.0,1.0,1.0,0.0,-2,-2,1.0,66295c3fa9efe18f4d85f63c,attackers_domain,attackers_domain
1.0,1.0,1.0,1.0,0.0,1.0,-1,204,0.0,66296377a9efe18f4d85f65f,shared_domain,shared_domain
1.0,1.0,0.0,1.0,1.0,0.0,-2,-2,1.0,66296377a9efe18f4d85f66a,attackers_domain,attackers_domain
1.0,1.0,0.0,1.0,0.0,0.0,155,87,0.0,66296714a9efe18f4d85f68b,shared_domain,shared_domain
1.0,1.0,0.0,1.0,0.0,0.0,4432,466,0.0,6629679ba9efe18f4d85f693,shared_domain,shared_domain
1.0,1.0,1.0,1.0,0.0,1.0,225,250,0.0,6629679ba9efe18f4d85f6b2,shared_domain,shared_domain
1.0,1.0,1.0,1.0,0.0,1.0,115,69,0.0,6629679ba9efe18f4d85f6b4,shared_domain,shared_domain
1.0,1.0,0.0,1.0,0.0,0.0,155,87,0.0,66296a9aa9efe18f4d85f6b7,shared_domain,shared_domain
1.0,0.0,0.0,1.0,1.0,0.0,-2,-2,1.0,66296e3fa9efe18f4d85f6c5,attackers_domain,attackers_domain
0.0,1.0,0.0,1.0,0.0,1.0,4,91,0.0,66296e3fa9efe18f4d85f6c8,shared_domain,shared_domain
1.0,1.0,0.0,1.0,0.0,0.0,4432,392,0.0,6629756fa9efe18f4d85f6d5,shared_domain,shared_domain
0.0,1.0,1.0,1.0,0.0,1.0,378,180,0.0,66297570a9efe18f4d85f6ef,shared_domain,shared_domain
1.0,1.0,0.0,1.0,0.0,0.0,4432,476,0.0,662975baa9efe18f4d85f6f8,shared_domain,shared_domain
0.0,1.0,1.0,1.0,0.0,1.0,72,109,0.0,662975baa9efe18f4d85f6fe,shared_domain,shared_domain
1.0,1.0,1.0,1.0,0.0,1.0,-1,203,0.0,662975baa9efe18f4d85f702,shared_domain,shared_domain
1.0,1.0,0.0,1.0,0.0,0.0,4432,472,0.0,662978fba9efe18f4d85f716,shared_domain,shared_domain
1.0,1.0,1.0,1.0,0.0,1.0,652,90,0.0,66298032a9efe18f4d85f735,shared_domain,shared_domain
0.0,1.0,1.0,1.0,0.0,1.0,378,199,0.0,662983cca9efe18f4d85f74a,shared_domain,shared_domain
0.0,1.0,0.0,1.0,0.0,1.0,12,12,0.0,662983cea9efe18f4d85f759,shared_domain,shared_domain
0.0,1.0,0.0,1.0,0.0,1.0,211,17,0.0,662983cea9efe18f4d85f75c,shared_domain,shared_domain
0.0,1.0,0.0,1.0,0.0,1.0,211,13,0.0,662983cea9efe18f4d85f75e,shared_domain,shared_domain
0.0,1.0,0.0,1.0,0.0,1.0,0,55,0.0,662983cea9efe18f4d85f765,shared_domain,shared_domain
1.0,1.0,0.0,1.0,0.0,1.0,0,321,0.0,662983cea9efe18f4d85f76e,shared_domain,shared_domain
1.0,1.0,0.0,0.0,0.0,1.0,-2,-2,0.0,662983cea9efe18f4d85f784,shared_domain,shared_domain
1.0,0.0,0.0,0.0,0.0,0.0,-2,-2,1.0,66298b46a9efe18f4d85f856,attackers_domain,attackers_domain
1.0,0.0,0.0,0.0,0.0,0.0,-2,-2,1.0,66298b46a9efe18f4d85f85c,attackers_domain,attackers_domain
0.0,0.0,0.0,0.0,0.0,1.0,-2,-2,1.0,66298b46a9efe18f4d85f85d,attackers_domain,attackers_domain
0.0,1.0,0.0,1.0,0.0,1.0,12,13,0.0,662991fda9efe18f4d85f86c,shared_domain,shared_domain
0.0,1.0,0.0,1.0,0.0,1.0,12,351,0.0,662991fda9efe18f4d85f872,shared_domain,shared_domain
0.0,1.0,0.0,1.0,0.0,1.0,12,17,0.0,662991fda9efe18f4d85f874,shared_domain,shared_domain
0.0,1.0,0.0,1.0,0.0,1.0,211,16,0.0,662991fda9efe18f4d85f877,shared_domain,shared_domain
0.0,1.0,0.0,1.0,0.0,1.0,211,10,0.0,662991fea9efe18f4d85f881,shared_domain,shared_domain
0.0,1.0,0.0,1.0,0.0,1.0,12,7,0.0,662991fea9efe18f4d85f88a,shared_domain,shared_domain
0.0,1.0,0.0,1.0,0.0,1.0,211,268,0.0,662991fea9efe18f4d85f89d,shared_domain,shared_domain
0.0,1.0,0.0,1.0,0.0,1.0,12,12,0.0,662991fea9efe18f4d85f8a0,shared_domain,shared_domain
1.0,1.0,0.0,1.0,0.0,0.0,0,379,0.0,662991fea9efe18f4d85f8a3,compromised_domain,compromised_domain
0.0,1.0,0.0,1.0,0.0,1.0,12,8,0.0,662991fea9efe18f4d85f8b0,shared_domain,shared_domain
0.0,1.0,1.0,1.0,0.0,1.0,378,190,0.0,662996aea9efe18f4d85f8d6,shared_domain,shared_domain
0.0,1.0,1.0,1.0,0.0,1.0,378,190,0.0,662996aea9efe18f4d85f8d8,shared_domain,shared_domain
0.0,1.0,1.0,1.0,0.0,1.0,54,197,0.0,66299ddda9efe18f4d85f8dc,shared_domain,shared_domain
1.0,0.0,0.0,0.0,0.0,0.0,-2,-2,1.0,66299ddea9efe18f4d85f8ec,attackers_domain,attackers_domain
1.0,1.0,0.0,1.0,0.0,1.0,1995,141,0.0,66299df9a9efe18f4d85f92f,shared_domain,shared_domain
1.0,1.0,0.0,1.0,0.0,1.0,1995,135,0.0,66299dfda9efe18f4d85f939,shared_domain,shared_domain
1.0,0.0,0.0,0.0,0.0,0.0,-2,-2,1.0,66299e04a9efe18f4d85f94e,attackers_domain,attackers_domain
0.0,1.0,1.0,1.0,0.0,1.0,378,141,0.0,66299e08a9efe18f4d85f95c,shared_domain,shared_domain
1.0,1.0,1.0,1.0,0.0,1.0,49,554,0.0,66299e0ba9efe18f4d85f964,shared_domain,shared_domain
1.0,0.0,0.0,1.0,0.0,1.0,-2,-2,1.0,66299e0ea9efe18f4d85f96b,attackers_domain,attackers_domain
0.0,1.0,0.0,1.0,0.0,1.0,211,13,0.0,66299e1fa9efe18f4d85f98e,shared_domain,shared_domain
0.0,1.0,0.0,1.0,0.0,1.0,211,13,0.0,66299e26a9efe18f4d85f9a5,shared_domain,shared_domain
1.0,1.0,1.0,1.0,0.0,1.0,652,242,0.0,66299e27a9efe18f4d85f9a9,shared_domain,shared_domain
0.0,1.0,0.0,1.0,0.0,1.0,304,102,0.0,66299e29a9efe18f4d85f9ad,shared_domain,shared_domain
1.0,1.0,1.0,1.0,0.0,1.0,115,525,0.0,66299e33a9efe18f4d85f9cd,shared_domain,shared_domain
1.0,1.0,0.0,0.0,0.0,1.0,-2,-2,0.0,66299e38a9efe18f4d85f9e0,shared_domain,shared_domain
1.0,1.0,0.0,1.0,0.0,1.0,627,614,0.0,66299e39a9efe18f4d85f9e2,shared_domain,shared_domain
1.0,1.0,0.0,1.0,0.0,0.0,155,87,0.0,66299e3da9efe18f4d85f9e7,shared_domain,shared_domain
0.0,1.0,1.0,1.0,0.0,1.0,72,109,0.0,66299e3fa9efe18f4d85f9ef,shared_domain,shared_domain
0.0,0.0,0.0,0.0,0.0,1.0,-2,-2,1.0,66299e53a9efe18f4d85fa24,attackers_domain,attackers_domain
1.0,1.0,1.0,1.0,0.0,1.0,652,253,0.0,66299e54a9efe18f4d85fa25,shared_domain,shared_domain
0.0,0.0,0.0,0.0,0.0,1.0,-2,-2,1.0,66299e55a9efe18f4d85fa28,attackers_domain,attackers_domain
1.0,1.0,0.0,1.0,0.0,0.0,48,1078,0.0,66299e5aa9efe18f4d85fa36,compromised_domain,compromised_domain
0.0,1.0,1.0,1.0,0.0,1.0,378,122,0.0,66299e5ca9efe18f4d85fa3b,shared_domain,shared_domain
1.0,1.0,1.0,1.0,0.0,1.0,115,303,0.0,66299e5ea9efe18f4d85fa43,shared_domain,shared_domain
1.0,1.0,0.0,1.0,1.0,0.0,-1,8,1.0,66299e60a9efe18f4d85fa49,attackers_domain,attackers_domain
0.0,1.0,0.0,1.0,0.0,1.0,42,83,0.0,66299e63a9efe18f4d85fa51,shared_domain,shared_domain
0.0,1.0,1.0,1.0,0.0,1.0,77,155,0.0,66299e68a9efe18f4d85fa61,shared_domain,shared_domain
1.0,1.0,1.0,1.0,0.0,1.0,115,66,0.0,66299e6da9efe18f4d85fa72,shared_domain,shared_domain
1.0,1.0,1.0,1.0,0.0,1.0,49,61,0.0,66299e70a9efe18f4d85fa7c,shared_domain,shared_domain
1.0,1.0,1.0,1.0,0.0,1.0,652,90,0.0,6629a176a9efe18f4d85fa94,shared_domain,shared_domain
0.0,1.0,1.0,1.0,0.0,1.0,54,335,0.0,6629a8ada9efe18f4d85faa4,shared_domain,shared_domain
1.0,1.0,1.0,1.0,0.0,1.0,-1,204,0.0,6629ae3aa9efe18f4d85fab2,shared_domain,shared_domain
1.0,0.0,0.0,1.0,1.0,0.0,-2,-2,1.0,6629be47a9efe18f4d85fae4,attackers_domain,attackers_domain
1.0,0.0,0.0,1.0,1.0,0.0,-2,-2,1.0,6629be47a9efe18f4d85fae5,attackers_domain,attackers_domain
1.0,1.0,0.0,1.0,1.0,0.0,-2,-2,1.0,6629be47a9efe18f4d85faed,attackers_domain,attackers_domain
1.0,1.0,0.0,1.0,1.0,0.0,-1,820,1.0,6629be47a9efe18f4d85faf1,attackers_domain,attackers_domain
1.0,1.0,0.0,1.0,0.0,0.0,-2,-2,1.0,6629c1e3a9efe18f4d85faf6,attackers_domain,compromised_domain
1.0,0.0,0.0,0.0,0.0,1.0,-2,-2,1.0,6629c1e3a9efe18f4d85fb01,attackers_domain,attackers_domain
0.0,0.0,0.0,0.0,0.0,1.0,-2,-2,1.0,6629c57da9efe18f4d85fb16,attackers_domain,attackers_domain
0.0,1.0,0.0,1.0,0.0,1.0,304,102,0.0,6629c91ca9efe18f4d85fb19,shared_domain,shared_domain
0.0,1.0,1.0,1.0,0.0,1.0,378,169,0.0,6629c91ca9efe18f4d85fb1b,shared_domain,shared_domain
1.0,1.0,0.0,0.0,0.0,0.0,-2,-2,1.0,6629d047a9efe18f4d85fb3a,attackers_domain,attackers_domain
0.0,1.0,0.0,1.0,0.0,1.0,12,40,0.0,6629d3e2a9efe18f4d85fb4d,shared_domain,shared_domain
1.0,1.0,1.0,1.0,0.0,1.0,115,48,0.0,6629d77da9efe18f4d85fb54,shared_domain,shared_domain
1.0,1.0,1.0,1.0,0.0,1.0,660,87,0.0,6629d77da9efe18f4d85fb57,shared_domain,shared_domain
1.0,1.0,1.0,1.0,0.0,1.0,115,48,0.0,6629d77da9efe18f4d85fb66,shared_domain,shared_domain
1.0,1.0,0.0,1.0,0.0,0.0,4432,465,0.0,6629e705a9efe18f4d85fbc9,shared_domain,shared_domain
1.0,1.0,0.0,1.0,0.0,0.0,4432,457,0.0,6629e705a9efe18f4d85fbcb,shared_domain,shared_domain
0.0,1.0,0.0,1.0,0.0,1.0,12,40,0.0,6629e98ca9efe18f4d85fbe3,shared_domain,shared_domain
1.0,1.0,1.0,1.0,0.0,1.0,-1,74,0.0,6629f0c4a9efe18f4d85fc01,shared_domain,shared_domain
0.0,1.0,0.0,1.0,0.0,1.0,42,14,0.0,6629fb83a9efe18f4d85fc23,shared_domain,shared_domain
0.0,1.0,0.0,1.0,0.0,1.0,42,60,0.0,6629fb83a9efe18f4d85fc24,shared_domain,shared_domain
0.0,1.0,0.0,1.0,0.0,1.0,42,14,0.0,6629fb83a9efe18f4d85fc25,shared_domain,shared_domain
1.0,1.0,1.0,1.0,0.0,1.0,49,595,0.0,662a09eda9efe18f4d85fc67,shared_domain,shared_domain
0.0,1.0,0.0,1.0,0.0,1.0,42,58,0.0,662a1132a9efe18f4d85fc6f,shared_domain,shared_domain
1.0,1.0,1.0,1.0,0.0,1.0,660,35,0.0,662a1bf4a9efe18f4d85fca3,shared_domain,shared_domain
1.0,1.0,1.0,1.0,0.0,1.0,660,43,0.0,662a1bf4a9efe18f4d85fca8,shared_domain,shared_domain
1.0,1.0,0.0,0.0,1.0,0.0,-2,-2,1.0,662a1bf4a9efe18f4d85fcb4,attackers_domain,attackers_domain
0.0,1.0,1.0,1.0,0.0,1.0,378,174,0.0,662a2343a9efe18f4d85fcf1,shared_domain,shared_domain
0.0,1.0,0.0,1.0,0.0,1.0,387,95,0.0,662a2343a9efe18f4d85fd01,shared_domain,shared_domain
1.0,1.0,0.0,1.0,0.0,0.0,-2,-2,1.0,662a39b1a9efe18f4d85fd3e,compromised_domain,compromised_domain
1.0,1.0,0.0,1.0,0.0,0.0,4432,468,0.0,662a3c1ca9efe18f4d85fd41,shared_domain,shared_domain
1.0,1.0,0.0,1.0,0.0,1.0,1073,45,0.0,662a3c1ca9efe18f4d85fd52,shared_domain,shared_domain
0.0,1.0,0.0,1.0,0.0,1.0,211,19,0.0,662a3c1ca9efe18f4d85fd58,shared_domain,shared_domain
1.0,0.0,0.0,1.0,0.0,0.0,-2,-2,1.0,662a3d45a9efe18f4d85fd64,attackers_domain,attackers_domain
1.0,0.0,0.0,0.0,0.0,0.0,-2,-2,1.0,662a45eea9efe18f4d85fde7,attackers_domain,attackers_domain
1.0,0.0,0.0,0.0,0.0,0.0,-2,-2,1.0,662a4611a9efe18f4d85fe36,attackers_domain,attackers_domain
1.0,1.0,0.0,1.0,0.0,1.0,1995,141,0.0,662a4632a9efe18f4d85fe6e,shared_domain,shared_domain
0.0,1.0,0.0,1.0,0.0,1.0,42,60,0.0,662a4f3ba9efe18f4d85fefb,shared_domain,shared_domain
1.0,1.0,0.0,1.0,0.0,0.0,4432,486,0.0,662a5863a9efe18f4d85ff2c,shared_domain,shared_domain
0.0,1.0,0.0,1.0,0.0,1.0,42,14,0.0,662a5d97a9efe18f4d85ff51,shared_domain,shared_domain
1.0,1.0,1.0,1.0,0.0,1.0,49,61,0.0,662a6c10a9efe18f4d85ff93,shared_domain,shared_domain
0.0,1.0,1.0,1.0,0.0,1.0,378,155,0.0,662a6c10a9efe18f4d85ff97,shared_domain,shared_domain
0.0,1.0,1.0,1.0,0.0,1.0,77,153,0.0,662a7340a9efe18f4d85ff9d,shared_domain,shared_domain
1.0,1.0,0.0,1.0,0.0,1.0,2435,55,0.0,662a76c7a9efe18f4d85ffb6,shared_domain,shared_domain
1.0,1.0,1.0,1.0,0.0,1.0,-1,203,0.0,662a81a3a9efe18f4d85ffc9,shared_domain,shared_domain
0.0,1.0,0.0,1.0,0.0,1.0,42,121,0.0,662a81a3a9efe18f4d85ffca,shared_domain,shared_domain
1.0,1.0,0.0,1.0,0.0,1.0,-2,-2,0.0,662a81a3a9efe18f4d85ffcf,compromised_domain,attackers_domain
1.0,1.0,1.0,1.0,0.0,1.0,-1,205,0.0,662a8c5da9efe18f4d85fff4,shared_domain,shared_domain
0.0,1.0,1.0,1.0,0.0,1.0,77,153,0.0,662a9124a9efe18f4d860011,shared_domain,shared_domain
1.0,1.0,1.0,1.0,0.0,1.0,-1,206,0.0,662a9375a9efe18f4d860012,shared_domain,shared_domain
1.0,0.0,0.0,1.0,0.0,0.0,-1,103,0.0,662a2343a9efe18f4d85fcfc,compromised_domain,compromised_domain
0.0,1.0,0.0,1.0,0.0,1.0,801,452,0.0,6628f522a9efe18f4d85f257,compromised_domain,compromised_domain
1.0,0.0,0.0,1.0,0.0,0.0,114,191,0.0,662846dca9efe18f4d85eab2,compromised_domain,compromised_domain
0.0,1.0,0.0,1.0,0.0,1.0,0,8,0.0,66282e9ea9efe18f4d85e7cc,compromised_domain,compromised_domain
1.0,0.0,0.0,1.0,0.0,0.0,8,227,0.0,6627fa9ea9efe18f4d85e64b,compromised_domain,compromised_domain
1.0,1.0,0.0,1.0,0.0,0.0,-1,252,0.0,6627a677a9efe18f4d85e4a3,compromised_domain,compromised_domain
1.0,1.0,0.0,1.0,0.0,0.0,58,1,0.0,6627a47ea9efe18f4d85e44f,compromised_domain,compromised_domain
1.0,1.0,0.0,1.0,0.0,0.0,1330,119,0.0,662609e9a9efe18f4d85cf4f,compromised_domain,compromised_domain
1.0,1.0,0.0,1.0,0.0,1.0,404,182,0.0,66241d83a9efe18f4d85b724,compromised_domain,shared_domain
1.0,0.0,0.0,0.0,1.0,0.0,-2,-2,1.0,66239a74a9efe18f4d85b336,attackers_domain,attackers_domain
1.0,0.0,0.0,1.0,1.0,0.0,106,177,1.0,66239a74a9efe18f4d85b337,attackers_domain,attackers_domain
1.0,0.0,0.0,0.0,1.0,0.0,-2,-2,0.0,66239a74a9efe18f4d85b34c,attackers_domain,attackers_domain
1.0,0.0,0.0,0.0,0.0,1.0,-2,-2,1.0,66239a74a9efe18f4d85b34f,attackers_domain,attackers_domain
1.0,1.0,1.0,1.0,0.0,0.0,0,175,0.0,66239a74a9efe18f4d85b351,shared_domain,shared_domain
1.0,1.0,1.0,1.0,0.0,1.0,115,51,0.0,6623a094a9efe18f4d85b35e,shared_domain,shared_domain
1.0,0.0,0.0,0.0,0.0,1.0,-2,-2,1.0,6623a094a9efe18f4d85b362,attackers_domain,attackers_domain
1.0,1.0,1.0,1.0,0.0,1.0,225,73,0.0,6623a7cda9efe18f4d85b374,shared_domain,shared_domain
0.0,1.0,1.0,1.0,0.0,1.0,378,169,0.0,6623af2fa9efe18f4d85b3b1,shared_domain,shared_domain
1.0,1.0,0.0,1.0,0.0,1.0,1995,189,0.0,6623b036a9efe18f4d85b3f7,shared_domain,shared_domain
1.0,1.0,0.0,1.0,0.0,0.0,207,80,0.0,6623b03ca9efe18f4d85b402,shared_domain,shared_domain
1.0,0.0,0.0,1.0,1.0,0.0,-1,14,1.0,6623b040a9efe18f4d85b40c,attackers_domain,attackers_domain
1.0,1.0,0.0,1.0,0.0,1.0,1995,53,0.0,6623b04ea9efe18f4d85b42e,shared_domain,shared_domain
0.0,0.0,0.0,1.0,0.0,1.0,-2,-2,1.0,6623b051a9efe18f4d85b436,attackers_domain,attackers_domain
1.0,0.0,0.0,1.0,1.0,0.0,-1,9,1.0,6623b052a9efe18f4d85b43b,attackers_domain,attackers_domain
0.0,0.0,0.0,0.0,0.0,1.0,-2,-2,1.0,6623b053a9efe18f4d85b43c,attackers_domain,attackers_domain
1.0,1.0,1.0,1.0,0.0,1.0,481,701,0.0,6623b057a9efe18f4d85b44c,shared_domain,shared_domain
0.0,1.0,0.0,0.0,0.0,1.0,-2,-2,0.0,6623b058a9efe18f4d85b450,shared_domain,shared_domain
0.0,1.0,0.0,1.0,0.0,1.0,163,183,1.0,6623b05ea9efe18f4d85b460,attackers_domain,attackers_domain
1.0,1.0,1.0,1.0,0.0,0.0,0,159,0.0,6623b061a9efe18f4d85b46c,shared_domain,shared_domain
1.0,0.0,0.0,0.0,0.0,1.0,-2,-2,1.0,6623b066a9efe18f4d85b47b,attackers_domain,attackers_domain
0.0,0.0,0.0,0.0,0.0,1.0,-2,-2,1.0,6623b06ca9efe18f4d85b48d,attackers_domain,attackers_domain
1.0,0.0,0.0,1.0,0.0,0.0,-2,-2,1.0,6623b06ea9efe18f4d85b493,attackers_domain,attackers_domain
0.0,0.0,0.0,0.0,0.0,1.0,-2,-2,1.0,6623b070a9efe18f4d85b49a,attackers_domain,attackers_domain
0.0,0.0,0.0,0.0,0.0,1.0,-2,-2,1.0,6623b070a9efe18f4d85b49c,attackers_domain,attackers_domain
0.0,0.0,0.0,0.0,0.0,1.0,-2,-2,1.0,6623b071a9efe18f4d85b4a0,attackers_domain,attackers_domain
0.0,0.0,0.0,0.0,0.0,1.0,-2,-2,1.0,6623b073a9efe18f4d85b4a5,attackers_domain,attackers_domain
0.0,0.0,0.0,0.0,0.0,1.0,-2,-2,1.0,6623b074a9efe18f4d85b4a7,attackers_domain,attackers_domain
0.0,0.0,0.0,1.0,0.0,1.0,5,239,1.0,6623b077a9efe18f4d85b4b1,attackers_domain,attackers_domain
1.0,0.0,0.0,0.0,1.0,0.0,-2,-2,1.0,6623b078a9efe18f4d85b4b4,attackers_domain,attackers_domain
0.0,1.0,0.0,1.0,0.0,1.0,555,20,0.0,6623b07ca9efe18f4d85b4c1,shared_domain,shared_domain
0.0,1.0,0.0,1.0,0.0,1.0,555,21,0.0,6623b07da9efe18f4d85b4c2,shared_domain,shared_domain
0.0,1.0,0.0,1.0,0.0,1.0,555,26,0.0,6623b07ea9efe18f4d85b4c8,shared_domain,shared_domain
0.0,1.0,0.0,1.0,0.0,1.0,555,29,0.0,6623b080a9efe18f4d85b4cc,shared_domain,shared_domain
0.0,1.0,0.0,1.0,0.0,1.0,555,33,0.0,6623b083a9efe18f4d85b4d4,shared_domain,shared_domain
0.0,1.0,0.0,1.0,0.0,1.0,555,23,0.0,6623b083a9efe18f4d85b4d7,shared_domain,shared_domain
0.0,1.0,0.0,1.0,0.0,1.0,555,25,0.0,6623b084a9efe18f4d85b4d8,shared_domain,shared_domain
0.0,1.0,0.0,1.0,0.0,1.0,555,18,0.0,6623b086a9efe18f4d85b4dd,shared_domain,shared_domain
0.0,1.0,0.0,1.0,0.0,1.0,555,31,0.0,6623b08ca9efe18f4d85b4ed,shared_domain,shared_domain
0.0,0.0,0.0,1.0,0.0,1.0,0,199,1.0,6623b08ea9efe18f4d85b4f2,attackers_domain,attackers_domain
0.0,0.0,0.0,0.0,0.0,1.0,-2,-2,1.0,6623b092a9efe18f4d85b4fb,attackers_domain,attackers_domain
1.0,0.0,0.0,1.0,1.0,0.0,0,7,1.0,6623b096a9efe18f4d85b504,attackers_domain,attackers_domain
1.0,1.0,1.0,1.0,0.0,1.0,115,404,0.0,6623b099a9efe18f4d85b50d,shared_domain,shared_domain
1.0,1.0,1.0,1.0,0.0,1.0,115,404,0.0,6623b09da9efe18f4d85b519,shared_domain,shared_domain
1.0,1.0,1.0,1.0,0.0,1.0,115,404,0.0,6623b0a0a9efe18f4d85b523,shared_domain,shared_domain
1.0,1.0,1.0,1.0,0.0,1.0,115,404,0.0,6623b0a4a9efe18f4d85b532,shared_domain,shared_domain
1.0,1.0,1.0,1.0,0.0,1.0,115,404,0.0,6623b0a7a9efe18f4d85b53a,shared_domain,shared_domain
1.0,1.0,1.0,1.0,0.0,1.0,115,404,0.0,6623b0a8a9efe18f4d85b53f,shared_domain,shared_domain
1.0,1.0,1.0,1.0,0.0,1.0,115,404,0.0,6623b0a9a9efe18f4d85b542,shared_domain,shared_domain
1.0,1.0,1.0,1.0,0.0,1.0,115,404,0.0,6623b0aaa9efe18f4d85b545,shared_domain,shared_domain
1.0,1.0,1.0,1.0,0.0,1.0,115,404,0.0,6623b0aaa9efe18f4d85b546,shared_domain,shared_domain
0.0,0.0,0.0,1.0,0.0,1.0,-2,-2,1.0,6623b0ada9efe18f4d85b54e,attackers_domain,attackers_domain
1.0,0.0,0.0,0.0,0.0,0.0,-2,-2,,6623bdd7a9efe18f4d85b59c,attackers_domain,attackers_domain
1.0,1.0,1.0,1.0,0.0,1.0,49,554,0.0,6623c512a9efe18f4d85b5ac,shared_domain,shared_domain
0.0,0.0,0.0,1.0,0.0,1.0,-2,-2,1.0,6623cfeaa9efe18f4d85b5d5,attackers_domain,attackers_domain
0.0,1.0,1.0,1.0,0.0,1.0,4,217,0.0,6623cfeaa9efe18f4d85b5d8,shared_domain,shared_domain
1.0,1.0,1.0,1.0,0.0,1.0,49,43,0.0,6623d3a7a9efe18f4d85b5de,shared_domain,shared_domain
1.0,1.0,1.0,1.0,0.0,1.0,115,525,0.0,6623d3a7a9efe18f4d85b5e3,shared_domain,shared_domain
1.0,0.0,0.0,0.0,0.0,1.0,-2,-2,1.0,6623d4e9a9efe18f4d85b5f2,attackers_domain,attackers_domain
1.0,0.0,0.0,1.0,0.0,1.0,-2,-2,1.0,6623d72da9efe18f4d85b5f9,attackers_domain,attackers_domain
1.0,1.0,1.0,1.0,0.0,1.0,115,525,0.0,6623dacca9efe18f4d85b5fe,shared_domain,shared_domain
1.0,1.0,0.0,1.0,0.0,1.0,1995,118,0.0,6623dacca9efe18f4d85b602,shared_domain,shared_domain
1.0,1.0,1.0,1.0,0.0,1.0,115,51,0.0,6623dacca9efe18f4d85b603,shared_domain,shared_domain
1.0,0.0,0.0,1.0,0.0,1.0,-2,-2,1.0,6623de70a9efe18f4d85b60a,attackers_domain,attackers_domain
0.0,0.0,0.0,0.0,0.0,1.0,-2,-2,1.0,6623de70a9efe18f4d85b611,attackers_domain,attackers_domain
1.0,1.0,1.0,1.0,0.0,1.0,-1,204,0.0,6623e21aa9efe18f4d85b616,shared_domain,shared_domain
1.0,1.0,1.0,1.0,0.0,1.0,115,367,0.0,6623e365a9efe18f4d85b625,shared_domain,shared_domain
1.0,1.0,1.0,1.0,0.0,1.0,115,48,0.0,6623e961a9efe18f4d85b632,shared_domain,shared_domain
1.0,1.0,1.0,1.0,0.0,1.0,115,48,0.0,6623e961a9efe18f4d85b633,shared_domain,shared_domain
1.0,1.0,1.0,1.0,0.0,1.0,225,73,0.0,6623e961a9efe18f4d85b636,shared_domain,shared_domain
1.0,1.0,1.0,1.0,0.0,1.0,49,43,0.0,6623e961a9efe18f4d85b637,shared_domain,shared_domain
1.0,1.0,1.0,1.0,0.0,1.0,115,525,0.0,6623e961a9efe18f4d85b638,shared_domain,shared_domain
1.0,1.0,1.0,1.0,0.0,1.0,-1,203,0.0,6623f0bca9efe18f4d85b64a,shared_domain,shared_domain
0.0,1.0,0.0,1.0,0.0,1.0,304,82,0.0,6623f1f3a9efe18f4d85b652,shared_domain,shared_domain
1.0,1.0,1.0,1.0,0.0,1.0,-1,244,0.0,6623f1f3a9efe18f4d85b653,shared_domain,shared_domain
0.0,1.0,1.0,1.0,0.0,1.0,54,335,0.0,6623f1f3a9efe18f4d85b658,shared_domain,shared_domain
1.0,0.0,0.0,1.0,0.0,0.0,-1,104,1.0,6623f807a9efe18f4d85b662,attackers_domain,attackers_domain
1.0,0.0,0.0,1.0,0.0,0.0,-1,102,1.0,6623f807a9efe18f4d85b663,attackers_domain,attackers_domain
1.0,0.0,0.0,1.0,0.0,0.0,-1,104,1.0,6623f807a9efe18f4d85b665,attackers_domain,attackers_domain
1.0,1.0,1.0,1.0,0.0,1.0,115,336,0.0,66240089a9efe18f4d85b67a,shared_domain,shared_domain
1.0,1.0,1.0,1.0,0.0,1.0,-1,204,0.0,66240089a9efe18f4d85b680,shared_domain,shared_domain
1.0,0.0,0.0,1.0,0.0,0.0,-2,-2,1.0,6624008da9efe18f4d85b688,attackers_domain,attackers_domain
0.0,1.0,0.0,1.0,0.0,1.0,42,14,0.0,6624030da9efe18f4d85b6b2,shared_domain,shared_domain
1.0,1.0,1.0,1.0,0.0,1.0,115,61,0.0,66240f2aa9efe18f4d85b6c6,shared_domain,shared_domain
0.0,1.0,1.0,1.0,0.0,1.0,4,229,0.0,66240f2aa9efe18f4d85b6cb,shared_domain,shared_domain
0.0,1.0,1.0,1.0,0.0,1.0,4,199,0.0,66240f2aa9efe18f4d85b6d0,shared_domain,shared_domain
1.0,0.0,0.0,0.0,1.0,0.0,-2,-2,1.0,66240f2aa9efe18f4d85b6d2,attackers_domain,attackers_domain
0.0,1.0,1.0,1.0,0.0,1.0,54,335,0.0,66240f2aa9efe18f4d85b6d9,shared_domain,shared_domain
1.0,1.0,0.0,1.0,0.0,1.0,2435,399,0.0,66240f2aa9efe18f4d85b6ee,shared_domain,shared_domain
1.0,1.0,0.0,1.0,0.0,0.0,39,26,0.0,662418b1a9efe18f4d85b6f9,shared_domain,shared_domain
1.0,1.0,1.0,1.0,0.0,1.0,115,41,0.0,66241c50a9efe18f4d85b715,shared_domain,shared_domain
1.0,1.0,1.0,1.0,0.0,1.0,660,43,0.0,66242000a9efe18f4d85b72c,shared_domain,shared_domain
1.0,1.0,1.0,1.0,0.0,1.0,115,70,0.0,66242000a9efe18f4d85b72f,shared_domain,shared_domain
1.0,1.0,1.0,1.0,0.0,1.0,115,51,0.0,66242000a9efe18f4d85b730,shared_domain,shared_domain
0.0,1.0,0.0,1.0,0.0,1.0,42,60,0.0,6624273ca9efe18f4d85b737,shared_domain,shared_domain
1.0,1.0,1.0,1.0,0.0,1.0,54,197,0.0,6624273ca9efe18f4d85b73e,shared_domain,shared_domain
1.0,1.0,0.0,1.0,0.0,1.0,2435,1031,0.0,66242ca5a9efe18f4d85b74d,shared_domain,shared_domain
1.0,0.0,0.0,0.0,0.0,1.0,-2,-2,1.0,662435a7a9efe18f4d85b78c,attackers_domain,attackers_domain
1.0,1.0,1.0,1.0,0.0,1.0,-1,204,0.0,66243aeca9efe18f4d85b793,shared_domain,shared_domain
1.0,0.0,0.0,1.0,1.0,0.0,-1,7,1.0,6624447ba9efe18f4d85b882,attackers_domain,attackers_domain
0.0,1.0,0.0,1.0,0.0,1.0,42,48,0.0,66244bc2a9efe18f4d85b89b,shared_domain,shared_domain
1.0,1.0,1.0,1.0,0.0,1.0,49,61,0.0,66244bc2a9efe18f4d85b89c,shared_domain,shared_domain
1.0,0.0,0.0,0.0,0.0,0.0,-2,-2,1.0,662452eda9efe18f4d85b8a6,attackers_domain,attackers_domain
1.0,1.0,0.0,1.0,0.0,0.0,14,289,1.0,662457cfa9efe18f4d85b8c0,compromised_domain,attackers_domain
1.0,1.0,0.0,1.0,0.0,1.0,1995,141,0.0,662457d3a9efe18f4d85b8cc,shared_domain,shared_domain
0.0,1.0,0.0,1.0,0.0,1.0,304,117,0.0,662457daa9efe18f4d85b8e2,shared_domain,shared_domain
0.0,1.0,0.0,1.0,0.0,1.0,538,4,0.0,662457daa9efe18f4d85b8e4,shared_domain,shared_domain
0.0,1.0,0.0,1.0,0.0,1.0,42,44,0.0,662457dba9efe18f4d85b8e7,shared_domain,shared_domain
1.0,1.0,0.0,1.0,0.0,1.0,1289,142,0.0,662457dea9efe18f4d85b8ef,shared_domain,shared_domain
1.0,1.0,1.0,1.0,0.0,1.0,370,92,0.0,662457dea9efe18f4d85b8f0,shared_domain,shared_domain
0.0,1.0,1.0,1.0,0.0,1.0,378,162,0.0,662457e3a9efe18f4d85b8fe,shared_domain,shared_domain
1.0,1.0,0.0,1.0,0.0,1.0,1995,141,0.0,662457e6a9efe18f4d85b908,shared_domain,shared_domain
1.0,1.0,0.0,1.0,0.0,1.0,1995,156,0.0,662457e7a9efe18f4d85b90b,shared_domain,shared_domain
1.0,0.0,0.0,1.0,0.0,0.0,-1,36,1.0,662457f7a9efe18f4d85b932,attackers_domain,attackers_domain
1.0,1.0,1.0,1.0,0.0,1.0,225,492,0.0,662457fba9efe18f4d85b93b,shared_domain,shared_domain
1.0,1.0,0.0,1.0,0.0,1.0,2435,90,0.0,662457fda9efe18f4d85b941,shared_domain,shared_domain
0.0,1.0,1.0,1.0,0.0,1.0,77,187,0.0,662457fea9efe18f4d85b943,shared_domain,shared_domain
1.0,0.0,0.0,1.0,1.0,0.0,-1,7,1.0,66245800a9efe18f4d85b947,attackers_domain,attackers_domain
1.0,1.0,1.0,1.0,0.0,1.0,115,92,0.0,66245805a9efe18f4d85b952,shared_domain,shared_domain
0.0,1.0,0.0,1.0,0.0,1.0,21,48,0.0,66245806a9efe18f4d85b955,shared_domain,shared_domain
1.0,1.0,0.0,1.0,0.0,0.0,-1,315,0.0,66245806a9efe18f4d85b956,compromised_domain,compromised_domain
1.0,1.0,1.0,1.0,0.0,1.0,652,250,0.0,66245811a9efe18f4d85b970,shared_domain,shared_domain
1.0,1.0,1.0,1.0,0.0,1.0,652,250,0.0,66245811a9efe18f4d85b971,shared_domain,shared_domain
0.0,0.0,0.0,0.0,0.0,1.0,-2,-2,1.0,66245820a9efe18f4d85b985,attackers_domain,attackers_domain
1.0,1.0,1.0,1.0,0.0,1.0,115,525,0.0,66245821a9efe18f4d85b988,shared_domain,shared_domain
0.0,1.0,1.0,1.0,0.0,1.0,378,154,0.0,66245823a9efe18f4d85b98c,shared_domain,shared_domain
1.0,1.0,1.0,1.0,0.0,1.0,49,60,0.0,66245829a9efe18f4d85b999,shared_domain,shared_domain
1.0,0.0,0.0,1.0,1.0,0.0,-1,319,0.0,6624582ba9efe18f4d85b99e,attackers_domain,compromised_domain
1.0,1.0,1.0,1.0,0.0,1.0,115,404,0.0,66245835a9efe18f4d85b9b9,shared_domain,shared_domain
1.0,1.0,1.0,1.0,0.0,1.0,115,404,0.0,66245835a9efe18f4d85b9bb,shared_domain,shared_domain
0.0,0.0,0.0,0.0,0.0,1.0,-2,-2,1.0,66245836a9efe18f4d85b9bd,attackers_domain,attackers_domain
0.0,1.0,1.0,1.0,0.0,1.0,77,158,0.0,66245838a9efe18f4d85b9c3,shared_domain,shared_domain
0.0,1.0,1.0,1.0,0.0,1.0,4,217,0.0,66245838a9efe18f4d85b9c4,shared_domain,shared_domain
1.0,1.0,1.0,1.0,0.0,1.0,115,404,0.0,6624583ea9efe18f4d85b9d7,shared_domain,shared_domain
1.0,1.0,1.0,1.0,0.0,1.0,115,404,0.0,6624583ea9efe18f4d85b9d8,shared_domain,shared_domain
1.0,1.0,1.0,1.0,0.0,1.0,115,404,0.0,6624583ea9efe18f4d85b9d9,shared_domain,shared_domain
1.0,1.0,1.0,1.0,0.0,1.0,472,70,0.0,66245840a9efe18f4d85b9df,shared_domain,shared_domain
1.0,1.0,1.0,1.0,0.0,1.0,115,404,0.0,66245841a9efe18f4d85b9e2,shared_domain,shared_domain
1.0,1.0,1.0,1.0,0.0,1.0,115,404,0.0,66245848a9efe18f4d85b9f8,shared_domain,shared_domain
1.0,1.0,1.0,1.0,0.0,1.0,49,61,0.0,6624584aa9efe18f4d85b9ff,shared_domain,shared_domain
0.0,0.0,0.0,0.0,0.0,1.0,-2,-2,1.0,6624584ba9efe18f4d85ba00,attackers_domain,attackers_domain
1.0,1.0,1.0,1.0,0.0,1.0,115,404,0.0,6624584ca9efe18f4d85ba04,shared_domain,shared_domain
1.0,1.0,1.0,1.0,0.0,1.0,115,404,0.0,6624584da9efe18f4d85ba06,shared_domain,shared_domain
1.0,1.0,1.0,1.0,0.0,1.0,115,404,0.0,6624584ea9efe18f4d85ba0b,shared_domain,shared_domain
1.0,1.0,1.0,1.0,0.0,1.0,115,404,0.0,6624584fa9efe18f4d85ba0f,shared_domain,shared_domain
0.0,1.0,0.0,1.0,0.0,1.0,0,68,0.0,66245850a9efe18f4d85ba11,shared_domain,shared_domain
1.0,1.0,1.0,1.0,0.0,1.0,115,404,0.0,66245852a9efe18f4d85ba16,shared_domain,shared_domain
1.0,1.0,1.0,1.0,0.0,1.0,115,404,0.0,66245852a9efe18f4d85ba17,shared_domain,shared_domain
1.0,1.0,1.0,1.0,0.0,1.0,115,404,0.0,66245856a9efe18f4d85ba25,shared_domain,shared_domain
1.0,1.0,1.0,1.0,0.0,1.0,115,404,0.0,6624585ca9efe18f4d85ba37,shared_domain,shared_domain
1.0,1.0,1.0,1.0,0.0,1.0,115,404,0.0,6624585da9efe18f4d85ba39,shared_domain,shared_domain
1.0,1.0,1.0,1.0,0.0,1.0,115,404,0.0,6624585ea9efe18f4d85ba3d,shared_domain,shared_domain
1.0,1.0,1.0,1.0,0.0,1.0,115,404,0.0,66245860a9efe18f4d85ba45,shared_domain,shared_domain
1.0,1.0,1.0,1.0,0.0,1.0,115,404,0.0,66245864a9efe18f4d85ba51,shared_domain,shared_domain
1.0,1.0,1.0,1.0,0.0,1.0,72,79,0.0,66245a56a9efe18f4d85ba5e,shared_domain,shared_domain
1.0,1.0,1.0,1.0,0.0,1.0,115,44,0.0,662467e0a9efe18f4d85c1ba,shared_domain,shared_domain
1.0,1.0,1.0,1.0,0.0,1.0,115,48,0.0,662467e0a9efe18f4d85c1bc,shared_domain,shared_domain
1.0,1.0,1.0,1.0,0.0,1.0,115,48,0.0,662467e0a9efe18f4d85c1bd,shared_domain,shared_domain
0.0,1.0,1.0,1.0,0.0,1.0,4,191,0.0,66246b8ca9efe18f4d85c1df,shared_domain,shared_domain
0.0,1.0,0.0,1.0,0.0,1.0,42,43,0.0,66246f25a9efe18f4d85c1f6,shared_domain,shared_domain
1.0,0.0,0.0,0.0,0.0,1.0,-2,-2,1.0,66246f26a9efe18f4d85c20d,attackers_domain,attackers_domain
1.0,1.0,1.0,1.0,0.0,1.0,115,44,0.0,66247680a9efe18f4d85c248,shared_domain,shared_domain
1.0,1.0,1.0,1.0,0.0,1.0,115,48,0.0,66247680a9efe18f4d85c249,shared_domain,shared_domain
0.0,0.0,0.0,0.0,0.0,1.0,-2,-2,1.0,66247dbba9efe18f4d85c261,attackers_domain,attackers_domain
0.0,0.0,0.0,0.0,0.0,1.0,-2,-2,1.0,66247dbba9efe18f4d85c263,attackers_domain,attackers_domain
1.0,1.0,1.0,1.0,0.0,1.0,115,48,0.0,66247dbba9efe18f4d85c267,shared_domain,shared_domain
1.0,1.0,1.0,1.0,0.0,1.0,115,48,0.0,66247dbba9efe18f4d85c26e,shared_domain,shared_domain
1.0,1.0,1.0,1.0,0.0,1.0,115,48,0.0,66247dbba9efe18f4d85c27b,shared_domain,shared_domain
1.0,1.0,1.0,1.0,0.0,1.0,115,48,0.0,66247dbba9efe18f4d85c27f,shared_domain,shared_domain
1.0,1.0,1.0,1.0,0.0,1.0,-1,202,0.0,66248294a9efe18f4d85c28f,shared_domain,shared_domain
1.0,1.0,1.0,1.0,0.0,1.0,115,48,0.0,662488b8a9efe18f4d85c2a4,shared_domain,shared_domain
1.0,1.0,1.0,1.0,0.0,1.0,115,48,0.0,662488b8a9efe18f4d85c2a5,shared_domain,shared_domain
1.0,1.0,1.0,1.0,0.0,1.0,115,48,0.0,662488b8a9efe18f4d85c2a8,shared_domain,shared_domain
0.0,1.0,1.0,1.0,0.0,1.0,378,162,0.0,662488b8a9efe18f4d85c2aa,shared_domain,shared_domain
1.0,1.0,1.0,1.0,0.0,1.0,115,48,0.0,662488b8a9efe18f4d85c2ad,shared_domain,shared_domain
1.0,1.0,1.0,1.0,0.0,1.0,115,48,0.0,662488b8a9efe18f4d85c2ae,shared_domain,shared_domain
1.0,1.0,1.0,1.0,0.0,1.0,115,48,0.0,662488b8a9efe18f4d85c2af,shared_domain,shared_domain
1.0,1.0,1.0,1.0,0.0,1.0,115,48,0.0,662488b8a9efe18f4d85c2b1,shared_domain,shared_domain
1.0,1.0,1.0,1.0,0.0,1.0,115,48,0.0,662488b8a9efe18f4d85c2b6,shared_domain,shared_domain
1.0,1.0,1.0,1.0,0.0,1.0,49,61,0.0,662488b9a9efe18f4d85c2bc,shared_domain,shared_domain
1.0,0.0,0.0,0.0,0.0,1.0,-2,-2,1.0,66248feba9efe18f4d85c2c9,attackers_domain,attackers_domain
1.0,0.0,0.0,0.0,0.0,1.0,-2,-2,1.0,66248feba9efe18f4d85c2cd,attackers_domain,attackers_domain
1.0,0.0,0.0,0.0,0.0,1.0,-2,-2,1.0,66248feba9efe18f4d85c2d0,attackers_domain,attackers_domain
1.0,1.0,1.0,1.0,0.0,1.0,115,48,0.0,66248feba9efe18f4d85c2dc,shared_domain,shared_domain
1.0,1.0,1.0,1.0,0.0,1.0,115,48,0.0,66248feba9efe18f4d85c2e5,shared_domain,shared_domain
1.0,1.0,1.0,1.0,0.0,1.0,115,48,0.0,66248feba9efe18f4d85c2e6,shared_domain,shared_domain
1.0,1.0,1.0,1.0,0.0,1.0,115,48,0.0,66249744a9efe18f4d85c2ea,shared_domain,shared_domain
1.0,1.0,1.0,1.0,0.0,1.0,115,48,0.0,66249744a9efe18f4d85c2eb,shared_domain,shared_domain
0.0,1.0,0.0,1.0,0.0,1.0,42,43,0.0,66249744a9efe18f4d85c2f6,shared_domain,shared_domain
0.0,1.0,1.0,1.0,0.0,1.0,378,173,0.0,66249e72a9efe18f4d85c316,shared_domain,shared_domain
1.0,1.0,1.0,1.0,0.0,1.0,115,48,0.0,66249e72a9efe18f4d85c31a,shared_domain,shared_domain
0.0,1.0,0.0,1.0,0.0,1.0,304,117,0.0,66249fb5a9efe18f4d85c323,shared_domain,shared_domain
0.0,1.0,0.0,0.0,0.0,1.0,-2,-2,1.0,6624a594a9efe18f4d85c328,attackers_domain,attackers_domain
1.0,1.0,1.0,1.0,0.0,1.0,49,554,0.0,6624acd4a9efe18f4d85c33c,shared_domain,shared_domain
1.0,1.0,1.0,1.0,0.0,1.0,115,48,0.0,6624acd4a9efe18f4d85c344,shared_domain,shared_domain
1.0,1.0,1.0,1.0,0.0,1.0,115,48,0.0,6624acd4a9efe18f4d85c346,shared_domain,shared_domain
1.0,1.0,1.0,1.0,0.0,1.0,115,48,0.0,6624acd4a9efe18f4d85c348,shared_domain,shared_domain
1.0,1.0,1.0,1.0,0.0,1.0,115,48,0.0,6624acd4a9efe18f4d85c34b,shared_domain,shared_domain
0.0,1.0,0.0,1.0,0.0,1.0,387,130,0.0,6624ae16a9efe18f4d85c350,shared_domain,shared_domain
1.0,1.0,0.0,1.0,0.0,1.0,2435,125,0.0,6624ae16a9efe18f4d85c352,shared_domain,shared_domain
1.0,1.0,0.0,1.0,0.0,1.0,2435,90,0.0,6624ae16a9efe18f4d85c355,shared_domain,shared_domain
1.0,1.0,0.0,1.0,0.0,1.0,1644,478,0.0,6624ae16a9efe18f4d85c357,shared_domain,shared_domain
0.0,1.0,0.0,1.0,0.0,1.0,42,48,0.0,6624b430a9efe18f4d85c363,shared_domain,shared_domain
1.0,1.0,1.0,1.0,0.0,1.0,115,48,0.0,6624b431a9efe18f4d85c3aa,shared_domain,shared_domain
1.0,0.0,0.0,0.0,0.0,1.0,-2,-2,1.0,6624b431a9efe18f4d85c3ac,attackers_domain,attackers_domain
1.0,1.0,1.0,1.0,0.0,1.0,4,211,0.0,6624bc9ca9efe18f4d85c3c6,shared_domain,shared_domain
1.0,1.0,0.0,1.0,0.0,1.0,-1,4941,0.0,6624c2b4a9efe18f4d85c3d3,shared_domain,shared_domain
1.0,1.0,1.0,1.0,0.0,1.0,-1,238,0.0,6624c2b4a9efe18f4d85c3d4,shared_domain,shared_domain
1.0,1.0,1.0,1.0,0.0,1.0,115,48,0.0,6624c2b5a9efe18f4d85c3e1,shared_domain,shared_domain
1.0,1.0,1.0,1.0,0.0,1.0,115,48,0.0,6624c9eba9efe18f4d85c3ed,shared_domain,shared_domain
1.0,0.0,0.0,0.0,0.0,1.0,-2,-2,1.0,6624c9eba9efe18f4d85c3f0,attackers_domain,attackers_domain
1.0,1.0,1.0,1.0,0.0,1.0,225,446,0.0,6624c9eba9efe18f4d85c3f2,shared_domain,shared_domain
1.0,1.0,1.0,1.0,0.0,1.0,115,48,0.0,6624d10ea9efe18f4d85c3fd,shared_domain,shared_domain
1.0,1.0,1.0,1.0,0.0,1.0,115,48,0.0,6624d10ea9efe18f4d85c404,shared_domain,shared_domain
1.0,1.0,1.0,1.0,0.0,1.0,115,48,0.0,6624d848a9efe18f4d85c408,shared_domain,shared_domain
1.0,1.0,1.0,1.0,0.0,1.0,115,48,0.0,6624d848a9efe18f4d85c411,shared_domain,shared_domain
1.0,1.0,1.0,1.0,0.0,1.0,115,48,0.0,6624df71a9efe18f4d85c427,shared_domain,shared_domain
1.0,1.0,1.0,1.0,0.0,1.0,49,61,0.0,6624e6cea9efe18f4d85c429,shared_domain,shared_domain
1.0,1.0,1.0,1.0,0.0,1.0,115,48,0.0,6624e6cea9efe18f4d85c42e,shared_domain,shared_domain
1.0,1.0,0.0,1.0,1.0,0.0,149,23,1.0,6624e867a9efe18f4d85c436,attackers_domain,attackers_domain
1.0,1.0,1.0,1.0,0.0,1.0,115,48,0.0,6624ee08a9efe18f4d85c43b,shared_domain,shared_domain
1.0,1.0,0.0,1.0,1.0,0.0,-2,-2,1.0,6624fcb6a9efe18f4d85c45a,attackers_domain,attackers_domain
1.0,1.0,1.0,1.0,0.0,1.0,115,44,0.0,66250044a9efe18f4d85c465,shared_domain,shared_domain
1.0,0.0,0.0,0.0,1.0,0.0,-2,-2,1.0,66250044a9efe18f4d85c46b,attackers_domain,attackers_domain
1.0,0.0,0.0,1.0,0.0,1.0,-2,-2,1.0,66250194a9efe18f4d85c470,attackers_domain,attackers_domain
1.0,0.0,0.0,0.0,1.0,0.0,-2,-2,1.0,66250198a9efe18f4d85c47c,attackers_domain,attackers_domain
1.0,0.0,0.0,1.0,1.0,0.0,-2,-2,1.0,662501a3a9efe18f4d85c4a0,attackers_domain,attackers_domain
1.0,0.0,0.0,0.0,1.0,0.0,-2,-2,1.0,662501a4a9efe18f4d85c4a1,attackers_domain,attackers_domain
0.0,1.0,1.0,1.0,0.0,1.0,378,167,0.0,662501a6a9efe18f4d85c4a8,shared_domain,shared_domain
0.0,0.0,0.0,0.0,0.0,1.0,-2,-2,1.0,662501cba9efe18f4d85c4ea,attackers_domain,attackers_domain
0.0,0.0,0.0,0.0,0.0,1.0,-2,-2,1.0,662501cca9efe18f4d85c4eb,attackers_domain,attackers_domain
0.0,1.0,0.0,1.0,0.0,1.0,82,3779,0.0,662501d6a9efe18f4d85c4ff,shared_domain,shared_domain
1.0,1.0,1.0,1.0,0.0,1.0,115,76,0.0,662501dca9efe18f4d85c514,shared_domain,shared_domain
1.0,1.0,1.0,1.0,0.0,1.0,115,76,0.0,662501dfa9efe18f4d85c51e,shared_domain,shared_domain
1.0,1.0,1.0,1.0,0.0,1.0,77,159,0.0,662501e3a9efe18f4d85c529,shared_domain,shared_domain
1.0,1.0,0.0,1.0,0.0,1.0,430,233,0.0,662501e3a9efe18f4d85c52a,shared_domain,shared_domain
0.0,0.0,0.0,0.0,0.0,1.0,-2,-2,1.0,662501e9a9efe18f4d85c53b,attackers_domain,attackers_domain
0.0,0.0,0.0,0.0,0.0,1.0,-2,-2,1.0,662501e9a9efe18f4d85c53c,attackers_domain,attackers_domain
1.0,1.0,1.0,1.0,0.0,1.0,225,492,0.0,662501ffa9efe18f4d85c56e,shared_domain,shared_domain
0.0,1.0,1.0,1.0,0.0,1.0,378,161,0.0,6625021fa9efe18f4d85c5e1,shared_domain,shared_domain
1.0,1.0,1.0,1.0,0.0,1.0,-1,203,0.0,66250513a9efe18f4d85c5fa,shared_domain,shared_domain
0.0,1.0,0.0,1.0,0.0,1.0,42,44,0.0,66250af3a9efe18f4d85c60a,shared_domain,shared_domain
0.0,1.0,1.0,1.0,0.0,1.0,378,154,0.0,66251367a9efe18f4d85c62c,shared_domain,shared_domain
1.0,1.0,1.0,1.0,0.0,1.0,49,595,0.0,66251ce6a9efe18f4d85c662,shared_domain,shared_domain
1.0,1.0,1.0,1.0,0.0,1.0,49,595,0.0,66251ce6a9efe18f4d85c666,shared_domain,shared_domain
1.0,0.0,0.0,1.0,1.0,0.0,-1,14,1.0,66251ce6a9efe18f4d85c668,attackers_domain,attackers_domain
1.0,1.0,1.0,1.0,0.0,1.0,49,554,0.0,66252434a9efe18f4d85c6a2,shared_domain,shared_domain
1.0,1.0,1.0,1.0,0.0,1.0,115,525,0.0,66252434a9efe18f4d85c6a5,shared_domain,shared_domain
1.0,0.0,0.0,0.0,0.0,1.0,-2,-2,1.0,66252434a9efe18f4d85c6a7,attackers_domain,attackers_domain
0.0,0.0,0.0,0.0,0.0,1.0,-2,-2,1.0,662527d2a9efe18f4d85c6b1,attackers_domain,attackers_domain
0.0,0.0,0.0,0.0,0.0,1.0,-2,-2,1.0,662527d2a9efe18f4d85c6b2,attackers_domain,attackers_domain
0.0,0.0,0.0,0.0,0.0,1.0,-2,-2,1.0,66252b79a9efe18f4d85c6ba,attackers_domain,attackers_domain
0.0,0.0,0.0,0.0,0.0,1.0,-2,-2,1.0,66252b79a9efe18f4d85c6bb,attackers_domain,attackers_domain
1.0,0.0,0.0,1.0,0.0,1.0,-2,-2,1.0,66252b79a9efe18f4d85c6be,attackers_domain,attackers_domain
0.0,0.0,0.0,0.0,0.0,1.0,-2,-2,1.0,66252b79a9efe18f4d85c6bf,attackers_domain,attackers_domain
0.0,0.0,0.0,0.0,0.0,1.0,-2,-2,1.0,66252b79a9efe18f4d85c6c3,attackers_domain,attackers_domain
0.0,0.0,0.0,0.0,0.0,1.0,-2,-2,1.0,66252b79a9efe18f4d85c6c4,attackers_domain,attackers_domain
0.0,0.0,0.0,0.0,0.0,1.0,-2,-2,1.0,66252b79a9efe18f4d85c6c7,attackers_domain,attackers_domain
0.0,0.0,0.0,0.0,0.0,1.0,-2,-2,1.0,66252b79a9efe18f4d85c6cd,attackers_domain,attackers_domain
0.0,0.0,0.0,0.0,0.0,1.0,-2,-2,1.0,66252b7aa9efe18f4d85c6d1,attackers_domain,attackers_domain
0.0,0.0,0.0,0.0,0.0,1.0,-2,-2,1.0,66252f1ca9efe18f4d85c6e2,attackers_domain,attackers_domain
0.0,0.0,0.0,0.0,0.0,1.0,-2,-2,1.0,66252f1ca9efe18f4d85c6e5,attackers_domain,attackers_domain
0.0,0.0,0.0,0.0,0.0,1.0,-2,-2,1.0,66252f1ca9efe18f4d85c6fa,attackers_domain,attackers_domain
0.0,0.0,0.0,0.0,0.0,1.0,-2,-2,1.0,66252f1ca9efe18f4d85c6fb,attackers_domain,attackers_domain
0.0,0.0,0.0,0.0,0.0,1.0,-2,-2,1.0,66252f1ca9efe18f4d85c6fc,attackers_domain,attackers_domain
1.0,0.0,0.0,0.0,0.0,1.0,-2,-2,1.0,662532c0a9efe18f4d85c7b6,attackers_domain,attackers_domain
1.0,1.0,1.0,1.0,0.0,1.0,115,525,0.0,662532c0a9efe18f4d85c7c7,shared_domain,shared_domain
1.0,1.0,1.0,1.0,0.0,1.0,49,595,0.0,662532c0a9efe18f4d85c7d4,shared_domain,shared_domain
1.0,1.0,1.0,1.0,0.0,1.0,115,44,0.0,662532c0a9efe18f4d85c7d6,shared_domain,shared_domain
0.0,0.0,0.0,0.0,0.0,1.0,-2,-2,1.0,662532c0a9efe18f4d85c7e2,attackers_domain,attackers_domain
1.0,0.0,0.0,0.0,0.0,1.0,-2,-2,1.0,662532c0a9efe18f4d85c7e8,attackers_domain,attackers_domain
0.0,0.0,0.0,0.0,0.0,1.0,-2,-2,1.0,662532c0a9efe18f4d85c7e9,attackers_domain,attackers_domain
1.0,1.0,1.0,1.0,0.0,1.0,115,525,0.0,662539f0a9efe18f4d85c81a,shared_domain,shared_domain
1.0,1.0,1.0,1.0,0.0,1.0,115,525,0.0,662539f0a9efe18f4d85c81c,shared_domain,shared_domain
1.0,1.0,0.0,1.0,0.0,1.0,430,232,0.0,66253ecea9efe18f4d85c831,shared_domain,shared_domain
0.0,1.0,0.0,1.0,0.0,1.0,430,223,0.0,66253ecea9efe18f4d85c835,shared_domain,shared_domain
1.0,1.0,0.0,1.0,0.0,1.0,336,73,0.0,66253ecea9efe18f4d85c836,shared_domain,shared_domain
0.0,1.0,0.0,1.0,0.0,1.0,430,205,0.0,66253ecea9efe18f4d85c839,shared_domain,shared_domain
0.0,1.0,1.0,1.0,0.0,1.0,72,96,0.0,66253ecea9efe18f4d85c844,shared_domain,shared_domain
1.0,1.0,1.0,1.0,0.0,1.0,115,525,0.0,66254118a9efe18f4d85c84f,shared_domain,shared_domain
1.0,1.0,1.0,1.0,0.0,1.0,115,525,0.0,6625485aa9efe18f4d85c86a,shared_domain,shared_domain
1.0,1.0,1.0,1.0,0.0,1.0,49,49,0.0,6625485aa9efe18f4d85c86d,shared_domain,shared_domain
0.0,1.0,1.0,1.0,0.0,1.0,72,106,0.0,66254d37a9efe18f4d85c881,shared_domain,shared_domain
0.0,1.0,1.0,1.0,0.0,1.0,72,96,0.0,66254d37a9efe18f4d85c882,shared_domain,shared_domain
1.0,1.0,1.0,1.0,0.0,1.0,115,48,0.0,66254f7ca9efe18f4d85c88d,shared_domain,shared_domain
0.0,1.0,1.0,1.0,0.0,1.0,378,173,0.0,662556b4a9efe18f4d85c894,shared_domain,shared_domain
1.0,0.0,0.0,0.0,0.0,1.0,-2,-2,1.0,662556b4a9efe18f4d85c89f,attackers_domain,attackers_domain
1.0,1.0,1.0,1.0,0.0,1.0,49,554,0.0,66255b90a9efe18f4d85c8a8,shared_domain,shared_domain
1.0,1.0,1.0,1.0,0.0,1.0,49,554,0.0,66255b90a9efe18f4d85c8a9,shared_domain,shared_domain
0.0,1.0,0.0,1.0,0.0,1.0,304,130,0.0,66255b90a9efe18f4d85c8b7,shared_domain,shared_domain
1.0,1.0,1.0,1.0,0.0,1.0,49,554,0.0,66255e12a9efe18f4d85c8c4,shared_domain,shared_domain
0.0,1.0,0.0,1.0,0.0,1.0,42,29,0.0,66255e12a9efe18f4d85c8c9,shared_domain,shared_domain
0.0,1.0,1.0,1.0,0.0,1.0,378,147,0.0,66256550a9efe18f4d85c8d7,shared_domain,shared_domain
1.0,0.0,0.0,0.0,0.0,1.0,-2,-2,1.0,66256550a9efe18f4d85c8d8,attackers_domain,attackers_domain
1.0,0.0,0.0,0.0,0.0,1.0,-2,-2,1.0,66256550a9efe18f4d85c8d9,attackers_domain,attackers_domain
1.0,1.0,1.0,1.0,0.0,1.0,49,49,0.0,662568eca9efe18f4d85c8e1,shared_domain,shared_domain
0.0,1.0,0.0,1.0,0.0,1.0,42,44,0.0,662568eca9efe18f4d85c8e2,shared_domain,shared_domain
0.0,1.0,1.0,1.0,0.0,1.0,378,573,0.0,66256a2ba9efe18f4d85c8ec,shared_domain,shared_domain
0.0,1.0,0.0,1.0,0.0,1.0,42,14,0.0,66256ca9a9efe18f4d85c8f6,shared_domain,shared_domain
0.0,1.0,0.0,1.0,0.0,1.0,42,60,0.0,66256ca9a9efe18f4d85c8f7,shared_domain,shared_domain
1.0,1.0,1.0,1.0,0.0,1.0,49,554,0.0,66256ca9a9efe18f4d85c8fa,shared_domain,shared_domain
1.0,1.0,1.0,1.0,0.0,1.0,115,44,0.0,66256ca9a9efe18f4d85c903,shared_domain,shared_domain
1.0,1.0,1.0,1.0,0.0,1.0,115,525,0.0,66256ca9a9efe18f4d85c907,shared_domain,shared_domain
1.0,1.0,1.0,1.0,0.0,1.0,49,595,0.0,66256ca9a9efe18f4d85c90b,shared_domain,shared_domain
1.0,1.0,1.0,1.0,0.0,1.0,49,595,0.0,662573d4a9efe18f4d85c914,shared_domain,shared_domain
1.0,1.0,1.0,1.0,0.0,1.0,115,525,0.0,662573d4a9efe18f4d85c924,shared_domain,shared_domain
1.0,1.0,1.0,1.0,0.0,1.0,72,89,0.0,662573d4a9efe18f4d85c928,shared_domain,shared_domain
1.0,0.0,0.0,0.0,0.0,1.0,-2,-2,1.0,662573d4a9efe18f4d85c929,attackers_domain,attackers_domain
1.0,0.0,0.0,0.0,1.0,0.0,-2,-2,1.0,66257768a9efe18f4d85c93f,attackers_domain,attackers_domain
0.0,1.0,0.0,1.0,0.0,1.0,42,60,0.0,66257768a9efe18f4d85c940,shared_domain,shared_domain
1.0,1.0,0.0,0.0,0.0,1.0,-2,-2,0.0,66257768a9efe18f4d85c94c,shared_domain,shared_domain
1.0,1.0,1.0,1.0,0.0,1.0,115,44,0.0,66257eb0a9efe18f4d85c963,shared_domain,shared_domain
1.0,0.0,0.0,1.0,1.0,0.0,-1,163,1.0,662585dfa9efe18f4d85c978,attackers_domain,attackers_domain
1.0,0.0,0.0,0.0,0.0,1.0,-2,-2,1.0,662585dfa9efe18f4d85c985,attackers_domain,attackers_domain
1.0,1.0,0.0,1.0,0.0,0.0,4432,443,0.0,66258726a9efe18f4d85c996,shared_domain,shared_domain
1.0,0.0,0.0,0.0,0.0,1.0,-2,-2,1.0,66258d01a9efe18f4d85c9b4,attackers_domain,attackers_domain
1.0,0.0,0.0,1.0,1.0,0.0,596,37,1.0,66258d01a9efe18f4d85c9be,attackers_domain,attackers_domain
0.0,0.0,0.0,0.0,0.0,1.0,-2,-2,1.0,66258d01a9efe18f4d85c9c2,attackers_domain,attackers_domain
1.0,0.0,0.0,0.0,0.0,1.0,-2,-2,1.0,66258d01a9efe18f4d85c9c9,attackers_domain,attackers_domain
0.0,1.0,1.0,1.0,0.0,1.0,378,156,0.0,66259444a9efe18f4d85ca09,shared_domain,shared_domain
1.0,1.0,1.0,1.0,0.0,1.0,115,48,0.0,6625a2aca9efe18f4d85ca3a,shared_domain,shared_domain
1.0,1.0,1.0,1.0,0.0,1.0,72,96,0.0,6625a3e8a9efe18f4d85ca48,shared_domain,shared_domain
1.0,1.0,1.0,1.0,0.0,1.0,-1,204,0.0,6625a3e8a9efe18f4d85ca49,shared_domain,shared_domain
1.0,1.0,0.0,1.0,0.0,1.0,430,163,0.0,6625a8dca9efe18f4d85ca4d,shared_domain,shared_domain
1.0,1.0,0.0,1.0,0.0,1.0,1995,141,0.0,6625a8e4a9efe18f4d85ca68,shared_domain,shared_domain
0.0,1.0,0.0,1.0,0.0,1.0,304,344,0.0,6625a8eaa9efe18f4d85ca7e,shared_domain,shared_domain
1.0,1.0,1.0,1.0,0.0,1.0,115,404,0.0,6625a8efa9efe18f4d85ca8c,shared_domain,shared_domain
1.0,1.0,1.0,1.0,0.0,1.0,115,404,0.0,6625a8f1a9efe18f4d85ca93,shared_domain,shared_domain
1.0,0.0,0.0,1.0,1.0,0.0,-1,8,0.0,6625a8f2a9efe18f4d85ca98,attackers_domain,attackers_domain
1.0,1.0,1.0,1.0,0.0,1.0,115,404,0.0,6625a8f4a9efe18f4d85caa0,shared_domain,shared_domain
1.0,1.0,0.0,1.0,0.0,1.0,1995,156,0.0,6625a900a9efe18f4d85caca,shared_domain,shared_domain
1.0,1.0,0.0,1.0,0.0,1.0,1995,156,0.0,6625a901a9efe18f4d85cacc,shared_domain,shared_domain
1.0,1.0,1.0,1.0,0.0,1.0,115,404,0.0,6625a903a9efe18f4d85cad5,shared_domain,shared_domain
1.0,1.0,1.0,1.0,0.0,1.0,115,404,0.0,6625a904a9efe18f4d85cad9,shared_domain,shared_domain
1.0,0.0,0.0,0.0,1.0,0.0,-2,-2,1.0,6625a908a9efe18f4d85cae4,attackers_domain,attackers_domain
1.0,0.0,0.0,0.0,1.0,0.0,-2,-2,1.0,6625a908a9efe18f4d85cae5,attackers_domain,attackers_domain
1.0,1.0,1.0,1.0,0.0,1.0,115,404,0.0,6625a90fa9efe18f4d85cafb,shared_domain,shared_domain
1.0,1.0,0.0,1.0,0.0,1.0,1995,141,0.0,6625a910a9efe18f4d85cafd,shared_domain,shared_domain
0.0,1.0,1.0,1.0,0.0,1.0,4,212,0.0,6625a912a9efe18f4d85cb03,shared_domain,shared_domain
1.0,1.0,1.0,1.0,0.0,1.0,115,404,0.0,6625a917a9efe18f4d85cb16,shared_domain,shared_domain
1.0,1.0,1.0,1.0,0.0,1.0,115,404,0.0,6625a919a9efe18f4d85cb1d,shared_domain,shared_domain
1.0,1.0,1.0,1.0,0.0,1.0,115,404,0.0,6625a91aa9efe18f4d85cb1e,shared_domain,shared_domain
0.0,1.0,0.0,1.0,0.0,1.0,304,114,0.0,6625a91ca9efe18f4d85cb23,shared_domain,shared_domain
1.0,1.0,1.0,1.0,0.0,1.0,225,184,0.0,6625a91da9efe18f4d85cb27,shared_domain,shared_domain
1.0,1.0,1.0,1.0,0.0,1.0,115,404,0.0,6625a91fa9efe18f4d85cb2f,shared_domain,shared_domain
1.0,1.0,1.0,1.0,0.0,1.0,115,404,0.0,6625a920a9efe18f4d85cb32,shared_domain,shared_domain
1.0,1.0,1.0,1.0,0.0,1.0,115,404,0.0,6625a927a9efe18f4d85cb49,shared_domain,shared_domain
1.0,1.0,1.0,1.0,0.0,1.0,115,404,0.0,6625a928a9efe18f4d85cb4b,shared_domain,shared_domain
1.0,1.0,1.0,1.0,0.0,1.0,115,404,0.0,6625a929a9efe18f4d85cb50,shared_domain,shared_domain
1.0,1.0,1.0,1.0,0.0,1.0,115,404,0.0,6625a929a9efe18f4d85cb51,shared_domain,shared_domain
1.0,1.0,1.0,1.0,0.0,1.0,115,404,0.0,6625a92ba9efe18f4d85cb57,shared_domain,shared_domain
1.0,1.0,1.0,1.0,0.0,1.0,115,404,0.0,6625a937a9efe18f4d85cb85,shared_domain,shared_domain
1.0,1.0,1.0,1.0,0.0,1.0,115,404,0.0,6625a939a9efe18f4d85cb8a,shared_domain,shared_domain
1.0,1.0,1.0,1.0,0.0,1.0,115,404,0.0,6625a939a9efe18f4d85cb8b,shared_domain,shared_domain
1.0,1.0,1.0,1.0,0.0,1.0,115,404,0.0,6625a939a9efe18f4d85cb8d,shared_domain,shared_domain
0.0,0.0,0.0,0.0,0.0,1.0,-2,-2,1.0,6625a93ca9efe18f4d85cb93,attackers_domain,attackers_domain
0.0,0.0,0.0,0.0,0.0,1.0,-2,-2,1.0,6625a940a9efe18f4d85cb9f,attackers_domain,attackers_domain
0.0,1.0,1.0,1.0,0.0,1.0,378,149,0.0,6625a941a9efe18f4d85cba1,shared_domain,shared_domain
1.0,1.0,1.0,1.0,0.0,1.0,115,525,0.0,6625a943a9efe18f4d85cba2,shared_domain,shared_domain
0.0,1.0,1.0,1.0,0.0,1.0,378,166,0.0,6625a94ba9efe18f4d85cbb2,shared_domain,shared_domain
1.0,1.0,1.0,1.0,0.0,1.0,115,404,0.0,6625a94da9efe18f4d85cbb6,shared_domain,shared_domain
1.0,1.0,1.0,1.0,0.0,1.0,115,332,0.0,6625a94fa9efe18f4d85cbbc,shared_domain,shared_domain
1.0,1.0,0.0,1.0,0.0,0.0,5,205,0.0,6625a950a9efe18f4d85cbbf,compromised_domain,compromised_domain
1.0,1.0,1.0,1.0,0.0,1.0,225,184,0.0,6625a95ea9efe18f4d85cbe0,shared_domain,shared_domain
1.0,1.0,1.0,1.0,0.0,1.0,115,471,0.0,6625a95ea9efe18f4d85cbe2,shared_domain,shared_domain
1.0,1.0,1.0,1.0,0.0,1.0,115,404,0.0,6625a964a9efe18f4d85cbf1,shared_domain,shared_domain
0.0,0.0,0.0,0.0,0.0,1.0,-2,-2,1.0,6625b139a9efe18f4d85cc13,attackers_domain,attackers_domain
1.0,0.0,0.0,1.0,1.0,0.0,-1,2143,1.0,6625b13aa9efe18f4d85cc26,attackers_domain,attackers_domain
1.0,1.0,1.0,1.0,0.0,1.0,72,91,0.0,6625b285a9efe18f4d85cc35,shared_domain,shared_domain
1.0,1.0,1.0,1.0,0.0,1.0,54,342,0.0,6625b285a9efe18f4d85cc36,shared_domain,shared_domain
1.0,1.0,1.0,1.0,0.0,1.0,72,97,0.0,6625b285a9efe18f4d85cc39,shared_domain,shared_domain
1.0,1.0,1.0,1.0,0.0,1.0,72,96,0.0,6625b285a9efe18f4d85cc3a,shared_domain,shared_domain
1.0,1.0,0.0,1.0,0.0,1.0,1995,116,0.0,6625b4c9a9efe18f4d85cc57,shared_domain,shared_domain
0.0,1.0,0.0,1.0,0.0,1.0,42,14,0.0,6625bf95a9efe18f4d85cd3e,shared_domain,shared_domain
1.0,1.0,1.0,1.0,0.0,1.0,115,51,0.0,6625bf95a9efe18f4d85cd45,shared_domain,shared_domain
1.0,1.0,1.0,1.0,0.0,1.0,115,44,0.0,6625c6ffa9efe18f4d85cd7e,shared_domain,shared_domain
1.0,0.0,0.0,0.0,1.0,0.0,-2,-2,1.0,6625c6ffa9efe18f4d85cd80,attackers_domain,attackers_domain
1.0,0.0,0.0,0.0,0.0,1.0,-2,-2,1.0,6625d1f4a9efe18f4d85cddb,attackers_domain,attackers_domain
1.0,0.0,0.0,0.0,0.0,1.0,-2,-2,1.0,6625d1f4a9efe18f4d85cddc,attackers_domain,attackers_domain
0.0,1.0,1.0,1.0,0.0,1.0,225,446,0.0,6625dccfa9efe18f4d85cdee,shared_domain,shared_domain
1.0,1.0,1.0,1.0,0.0,1.0,-1,72,0.0,6625e425a9efe18f4d85ce11,shared_domain,shared_domain
1.0,1.0,1.0,1.0,0.0,1.0,-1,71,0.0,6625e425a9efe18f4d85ce12,shared_domain,shared_domain
1.0,1.0,1.0,1.0,0.0,0.0,0,550,0.0,6625eb63a9efe18f4d85ce28,shared_domain,shared_domain
1.0,1.0,1.0,1.0,0.0,1.0,-1,72,0.0,6625eb63a9efe18f4d85ce2b,shared_domain,shared_domain
1.0,1.0,1.0,1.0,0.0,1.0,115,51,0.0,6625eb63a9efe18f4d85ce32,shared_domain,shared_domain
1.0,1.0,1.0,1.0,0.0,1.0,115,316,0.0,6625ec9ba9efe18f4d85ce37,shared_domain,shared_domain
1.0,0.0,0.0,0.0,0.0,1.0,-2,-2,1.0,6625f658a9efe18f4d85ce5b,attackers_domain,attackers_domain
1.0,1.0,1.0,1.0,0.0,1.0,49,595,0.0,6625fda6a9efe18f4d85ce6b,shared_domain,shared_domain
1.0,1.0,1.0,1.0,0.0,1.0,115,44,0.0,6625fda6a9efe18f4d85ce6f,shared_domain,shared_domain
1.0,0.0,0.0,0.0,0.0,1.0,-2,-2,1.0,6625fda6a9efe18f4d85ce70,attackers_domain,attackers_domain
1.0,0.0,0.0,0.0,0.0,1.0,-2,-2,1.0,6625fda6a9efe18f4d85ce71,attackers_domain,attackers_domain
0.0,1.0,1.0,1.0,0.0,1.0,378,167,0.0,6625fda6a9efe18f4d85ce78,shared_domain,shared_domain
1.0,1.0,1.0,1.0,0.0,0.0,0,11,0.0,662609e8a9efe18f4d85cec8,shared_domain,shared_domain
1.0,1.0,0.0,1.0,0.0,1.0,452,654,0.0,662609e8a9efe18f4d85ceeb,compromised_domain,compromised_domain
1.0,1.0,0.0,1.0,0.0,0.0,-2,-2,1.0,662609e9a9efe18f4d85cf14,attackers_domain,compromised_domain
1.0,0.0,0.0,0.0,0.0,1.0,-2,-2,1.0,662609e9a9efe18f4d85cf17,attackers_domain,attackers_domain
0.0,0.0,0.0,0.0,0.0,1.0,-2,-2,1.0,662609e9a9efe18f4d85cf1d,attackers_domain,attackers_domain
1.0,0.0,0.0,0.0,1.0,0.0,-2,-2,,662609e9a9efe18f4d85cf22,attackers_domain,attackers_domain
1.0,1.0,1.0,1.0,0.0,1.0,49,61,0.0,662609e9a9efe18f4d85cf4a,shared_domain,shared_domain
0.0,0.0,0.0,0.0,0.0,1.0,-2,-2,1.0,662609e9a9efe18f4d85cf6d,attackers_domain,attackers_domain
0.0,0.0,0.0,0.0,0.0,1.0,-2,-2,1.0,662609e9a9efe18f4d85cf6e,attackers_domain,attackers_domain
0.0,0.0,0.0,0.0,0.0,1.0,-2,-2,1.0,662609eaa9efe18f4d85cf78,attackers_domain,attackers_domain
0.0,0.0,0.0,0.0,0.0,1.0,-2,-2,1.0,662609eaa9efe18f4d85cf7a,attackers_domain,attackers_domain
0.0,0.0,0.0,0.0,0.0,1.0,-2,-2,1.0,662609eaa9efe18f4d85cf86,attackers_domain,attackers_domain
1.0,0.0,0.0,1.0,0.0,1.0,-2,-2,1.0,662609eaa9efe18f4d85cfa4,attackers_domain,attackers_domain
1.0,0.0,0.0,1.0,1.0,0.0,5,229,1.0,662609eaa9efe18f4d85cfa8,attackers_domain,attackers_domain
0.0,0.0,0.0,1.0,0.0,1.0,0,199,1.0,662609eaa9efe18f4d85cfbe,attackers_domain,attackers_domain
1.0,0.0,0.0,0.0,0.0,1.0,-2,-2,1.0,662609eaa9efe18f4d85cfc0,attackers_domain,attackers_domain
0.0,0.0,0.0,0.0,0.0,1.0,-2,-2,1.0,662609eaa9efe18f4d85cfc6,attackers_domain,attackers_domain
1.0,1.0,1.0,1.0,0.0,1.0,115,55,0.0,662609eaa9efe18f4d85cfcf,shared_domain,shared_domain
1.0,1.0,1.0,1.0,0.0,1.0,115,55,0.0,662609eaa9efe18f4d85cfd1,shared_domain,shared_domain
1.0,1.0,1.0,1.0,0.0,1.0,115,55,0.0,662609eaa9efe18f4d85cfd6,shared_domain,shared_domain
1.0,1.0,1.0,1.0,0.0,1.0,115,55,0.0,662609eaa9efe18f4d85cfeb,shared_domain,shared_domain
1.0,1.0,1.0,1.0,0.0,1.0,115,55,0.0,662609eba9efe18f4d85d005,shared_domain,shared_domain
1.0,1.0,1.0,1.0,0.0,1.0,115,55,0.0,662609eba9efe18f4d85d007,shared_domain,shared_domain
0.0,1.0,1.0,1.0,0.0,1.0,77,148,0.0,662609eba9efe18f4d85d00d,shared_domain,shared_domain
0.0,1.0,1.0,1.0,0.0,1.0,72,87,0.0,662609eba9efe18f4d85d00e,shared_domain,shared_domain
1.0,1.0,0.0,1.0,0.0,1.0,77,46,,662609eba9efe18f4d85d010,shared_domain,shared_domain
1.0,0.0,0.0,1.0,0.0,0.0,201,134,,662609eca9efe18f4d85d019,shared_domain,shared_domain
1.0,1.0,1.0,1.0,0.0,1.0,49,595,0.0,66260c36a9efe18f4d85d027,shared_domain,shared_domain
1.0,1.0,1.0,1.0,0.0,1.0,115,48,0.0,66260c36a9efe18f4d85d02a,shared_domain,shared_domain
1.0,1.0,1.0,1.0,0.0,1.0,49,595,0.0,66260c36a9efe18f4d85d033,shared_domain,shared_domain
1.0,0.0,0.0,0.0,0.0,1.0,-2,-2,1.0,66260c37a9efe18f4d85d041,attackers_domain,attackers_domain
1.0,1.0,1.0,1.0,0.0,1.0,49,47,0.0,66261872a9efe18f4d85d05d,shared_domain,shared_domain
1.0,1.0,1.0,1.0,0.0,1.0,115,149,0.0,66261872a9efe18f4d85d074,shared_domain,shared_domain
1.0,1.0,0.0,1.0,0.0,1.0,391,259,0.0,66261872a9efe18f4d85d07f,shared_domain,shared_domain
1.0,0.0,0.0,1.0,0.0,0.0,-1,6,1.0,66261872a9efe18f4d85d08f,attackers_domain,attackers_domain
1.0,1.0,1.0,1.0,0.0,1.0,115,55,0.0,66261872a9efe18f4d85d09b,shared_domain,shared_domain
1.0,1.0,1.0,1.0,0.0,1.0,115,471,0.0,66261872a9efe18f4d85d0b4,shared_domain,shared_domain
1.0,1.0,0.0,1.0,0.0,1.0,15,108,0.0,66261872a9efe18f4d85d0b9,shared_domain,shared_domain
1.0,1.0,1.0,1.0,0.0,1.0,49,60,0.0,66261872a9efe18f4d85d0bb,shared_domain,shared_domain
1.0,1.0,0.0,1.0,0.0,1.0,2435,325,0.0,66261873a9efe18f4d85d0d5,shared_domain,shared_domain
1.0,1.0,1.0,1.0,0.0,0.0,0,550,0.0,66261873a9efe18f4d85d0dd,shared_domain,shared_domain
1.0,1.0,1.0,1.0,0.0,1.0,225,446,0.0,66261873a9efe18f4d85d0df,shared_domain,shared_domain
0.0,1.0,1.0,1.0,0.0,1.0,225,446,0.0,66261873a9efe18f4d85d0e5,shared_domain,shared_domain
1.0,1.0,1.0,1.0,0.0,1.0,115,41,0.0,66261873a9efe18f4d85d0e7,shared_domain,shared_domain
1.0,1.0,1.0,1.0,0.0,1.0,115,47,0.0,66261873a9efe18f4d85d0ed,shared_domain,shared_domain
1.0,1.0,1.0,1.0,0.0,1.0,115,47,0.0,66261873a9efe18f4d85d0ee,shared_domain,shared_domain
0.0,1.0,0.0,1.0,0.0,1.0,9,85,0.0,66261873a9efe18f4d85d0f0,shared_domain,shared_domain
1.0,1.0,0.0,1.0,0.0,1.0,2435,437,0.0,66261873a9efe18f4d85d0f1,shared_domain,shared_domain
0.0,1.0,0.0,1.0,0.0,1.0,42,62,0.0,66261873a9efe18f4d85d0fc,shared_domain,shared_domain
1.0,0.0,0.0,1.0,0.0,1.0,-1,5,1.0,66261873a9efe18f4d85d102,attackers_domain,attackers_domain
1.0,1.0,1.0,1.0,0.0,1.0,652,40,0.0,66261873a9efe18f4d85d106,shared_domain,shared_domain
1.0,1.0,1.0,1.0,0.0,1.0,652,51,0.0,66261873a9efe18f4d85d10d,shared_domain,shared_domain
1.0,1.0,1.0,1.0,0.0,1.0,49,30,0.0,6626291aa9efe18f4d85d165,shared_domain,shared_domain
1.0,1.0,0.0,1.0,0.0,1.0,0,11,0.0,66263049a9efe18f4d85d18c,shared_domain,compromised_domain
1.0,1.0,0.0,1.0,0.0,1.0,0,11,0.0,66263049a9efe18f4d85d18d,shared_domain,compromised_domain
1.0,1.0,0.0,1.0,0.0,0.0,3,383,,66263049a9efe18f4d85d198,compromised_domain,compromised_domain
1.0,1.0,0.0,1.0,0.0,1.0,1995,111,0.0,66263773a9efe18f4d85d1b2,shared_domain,shared_domain
1.0,1.0,0.0,1.0,0.0,1.0,430,122,0.0,662643a2a9efe18f4d85d215,shared_domain,shared_domain
1.0,0.0,0.0,0.0,0.0,1.0,-2,-2,1.0,662645eba9efe18f4d85d22a,attackers_domain,attackers_domain
1.0,1.0,0.0,1.0,0.0,1.0,42,26,0.0,66264d2ba9efe18f4d85d2e1,shared_domain,shared_domain
0.0,1.0,0.0,1.0,0.0,1.0,9,85,0.0,66265223a9efe18f4d85d33a,shared_domain,shared_domain
1.0,0.0,0.0,0.0,0.0,1.0,-2,-2,1.0,66265235a9efe18f4d85d370,attackers_domain,attackers_domain
0.0,1.0,1.0,1.0,0.0,1.0,378,244,0.0,6626523aa9efe18f4d85d380,shared_domain,shared_domain
1.0,1.0,0.0,1.0,0.0,1.0,1073,66,0.0,6626523aa9efe18f4d85d382,shared_domain,shared_domain
0.0,1.0,0.0,1.0,0.0,1.0,1043,1257,0.0,6626523ca9efe18f4d85d386,shared_domain,shared_domain
0.0,0.0,0.0,1.0,0.0,1.0,-2,-2,1.0,66265241a9efe18f4d85d397,attackers_domain,attackers_domain
0.0,0.0,0.0,1.0,0.0,1.0,-2,-2,1.0,66265244a9efe18f4d85d39e,attackers_domain,attackers_domain
1.0,1.0,0.0,1.0,0.0,1.0,1995,131,0.0,6626524aa9efe18f4d85d3b0,shared_domain,shared_domain
1.0,1.0,0.0,1.0,0.0,1.0,1995,131,0.0,6626524ca9efe18f4d85d3b7,shared_domain,shared_domain
1.0,1.0,0.0,1.0,0.0,1.0,1073,89,0.0,66265250a9efe18f4d85d3c0,shared_domain,shared_domain
1.0,1.0,0.0,1.0,0.0,1.0,391,81,0.0,66265255a9efe18f4d85d3ce,shared_domain,shared_domain
1.0,1.0,0.0,1.0,0.0,1.0,2435,125,0.0,6626526ca9efe18f4d85d3fa,shared_domain,shared_domain
1.0,1.0,0.0,1.0,0.0,1.0,1073,40,0.0,66265271a9efe18f4d85d405,shared_domain,shared_domain
0.0,1.0,0.0,1.0,0.0,1.0,555,37,0.0,6626527da9efe18f4d85d41d,shared_domain,shared_domain
0.0,1.0,0.0,1.0,0.0,1.0,555,40,0.0,6626527ea9efe18f4d85d41e,shared_domain,shared_domain
0.0,1.0,0.0,1.0,0.0,1.0,555,39,0.0,6626527fa9efe18f4d85d421,shared_domain,shared_domain
1.0,1.0,1.0,1.0,0.0,1.0,115,66,0.0,66265282a9efe18f4d85d426,shared_domain,shared_domain
0.0,1.0,0.0,1.0,0.0,1.0,555,39,0.0,66265282a9efe18f4d85d427,shared_domain,shared_domain
1.0,1.0,0.0,1.0,0.0,1.0,605,246,0.0,66265283a9efe18f4d85d429,shared_domain,shared_domain
0.0,1.0,0.0,1.0,0.0,1.0,555,25,0.0,66265286a9efe18f4d85d42e,shared_domain,shared_domain
0.0,1.0,0.0,1.0,0.0,1.0,555,125,0.0,66265289a9efe18f4d85d435,shared_domain,shared_domain
0.0,1.0,1.0,1.0,0.0,1.0,378,141,0.0,6626528ca9efe18f4d85d43d,shared_domain,shared_domain
0.0,1.0,0.0,1.0,0.0,1.0,555,16,0.0,66265290a9efe18f4d85d445,shared_domain,shared_domain
0.0,1.0,0.0,1.0,0.0,1.0,555,18,0.0,66265292a9efe18f4d85d449,shared_domain,shared_domain
0.0,1.0,0.0,1.0,0.0,1.0,555,32,0.0,66265296a9efe18f4d85d44f,shared_domain,shared_domain
0.0,1.0,0.0,1.0,0.0,1.0,555,39,0.0,66265298a9efe18f4d85d456,shared_domain,shared_domain
0.0,1.0,0.0,1.0,0.0,1.0,555,34,0.0,66265299a9efe18f4d85d459,shared_domain,shared_domain
0.0,1.0,0.0,1.0,0.0,1.0,555,28,0.0,6626529ca9efe18f4d85d45d,shared_domain,shared_domain
0.0,1.0,0.0,1.0,0.0,1.0,555,33,0.0,6626529fa9efe18f4d85d467,shared_domain,shared_domain
1.0,1.0,0.0,1.0,1.0,0.0,-2,-2,1.0,6626546da9efe18f4d85d4a2,attackers_domain,attackers_domain
1.0,1.0,0.0,1.0,1.0,0.0,-2,-2,1.0,6626546da9efe18f4d85d4ab,attackers_domain,attackers_domain
1.0,1.0,0.0,1.0,1.0,0.0,-2,-2,1.0,6626546da9efe18f4d85d4b0,attackers_domain,attackers_domain
1.0,1.0,0.0,1.0,1.0,0.0,-2,-2,1.0,6626546ea9efe18f4d85d4c2,attackers_domain,attackers_domain
1.0,0.0,0.0,0.0,0.0,1.0,-2,-2,1.0,66265822a9efe18f4d85d4ea,attackers_domain,attackers_domain
0.0,1.0,1.0,1.0,0.0,1.0,72,90,0.0,662660afa9efe18f4d85d518,shared_domain,shared_domain
1.0,0.0,0.0,0.0,0.0,1.0,-2,-2,1.0,662666d0a9efe18f4d85d52b,attackers_domain,attackers_domain
1.0,1.0,1.0,1.0,0.0,1.0,225,73,0.0,662666d0a9efe18f4d85d532,shared_domain,shared_domain
1.0,1.0,0.0,0.0,0.0,1.0,-2,-2,0.0,66266f5aa9efe18f4d85d580,shared_domain,shared_domain
1.0,1.0,1.0,1.0,0.0,1.0,49,595,0.0,66267540a9efe18f4d85d5ab,shared_domain,shared_domain
1.0,1.0,1.0,1.0,0.0,1.0,49,41,0.0,66267540a9efe18f4d85d5ac,shared_domain,shared_domain
0.0,1.0,0.0,1.0,0.0,1.0,42,73,0.0,66267540a9efe18f4d85d5b4,shared_domain,shared_domain
0.0,1.0,0.0,1.0,0.0,1.0,42,73,0.0,66267c8da9efe18f4d85d5c8,shared_domain,shared_domain
1.0,1.0,1.0,1.0,0.0,1.0,481,732,0.0,66267dd0a9efe18f4d85d5f1,shared_domain,shared_domain
0.0,1.0,1.0,1.0,0.0,1.0,4,198,0.0,66267dd0a9efe18f4d85d5f5,shared_domain,shared_domain
0.0,1.0,0.0,1.0,0.0,1.0,43,54,0.0,66267dd0a9efe18f4d85d610,shared_domain,shared_domain
1.0,1.0,1.0,1.0,0.0,0.0,0,845,0.0,66268013a9efe18f4d85d614,shared_domain,shared_domain
1.0,1.0,1.0,1.0,0.0,1.0,49,43,0.0,662683a1a9efe18f4d85d61a,shared_domain,shared_domain
1.0,1.0,1.0,1.0,0.0,1.0,49,595,0.0,662683a1a9efe18f4d85d61d,shared_domain,shared_domain
1.0,1.0,1.0,1.0,0.0,1.0,115,57,0.0,66268acba9efe18f4d85d63c,shared_domain,shared_domain
1.0,1.0,0.0,0.0,0.0,1.0,-2,-2,0.0,66268c11a9efe18f4d85d646,shared_domain,shared_domain
1.0,1.0,1.0,1.0,0.0,1.0,660,158,0.0,66268c11a9efe18f4d85d654,shared_domain,shared_domain
1.0,1.0,0.0,1.0,1.0,0.0,-2,-2,1.0,662691f9a9efe18f4d85d845,attackers_domain,attackers_domain
1.0,1.0,0.0,1.0,1.0,0.0,-2,-2,1.0,662691f9a9efe18f4d85d847,attackers_domain,attackers_domain
1.0,0.0,0.0,0.0,0.0,0.0,-2,-2,1.0,662691f9a9efe18f4d85d854,attackers_domain,attackers_domain
0.0,1.0,0.0,1.0,0.0,1.0,42,43,0.0,662691f9a9efe18f4d85d855,shared_domain,shared_domain
0.0,1.0,0.0,1.0,0.0,1.0,1368,49,0.0,6626959ba9efe18f4d85da39,shared_domain,shared_domain
0.0,0.0,0.0,0.0,0.0,1.0,-2,-2,1.0,6626959ba9efe18f4d85da3b,attackers_domain,attackers_domain
1.0,1.0,0.0,1.0,1.0,0.0,-2,-2,1.0,6626959ba9efe18f4d85da3f,attackers_domain,attackers_domain
1.0,1.0,0.0,1.0,0.0,1.0,1073,114,0.0,6626959ba9efe18f4d85da42,shared_domain,shared_domain
1.0,0.0,0.0,0.0,0.0,1.0,-2,-2,1.0,6626994fa9efe18f4d85da9c,attackers_domain,attackers_domain
1.0,1.0,1.0,1.0,0.0,1.0,115,48,0.0,6626994fa9efe18f4d85daa1,shared_domain,shared_domain
1.0,1.0,1.0,1.0,0.0,1.0,-1,202,0.0,6626994fa9efe18f4d85daa6,shared_domain,shared_domain
1.0,1.0,1.0,1.0,0.0,1.0,-1,205,0.0,66269a9aa9efe18f4d85daae,shared_domain,shared_domain
0.0,1.0,0.0,1.0,0.0,1.0,304,101,0.0,66269a9aa9efe18f4d85daaf,shared_domain,shared_domain
1.0,1.0,1.0,1.0,0.0,1.0,-1,204,0.0,66269a9aa9efe18f4d85dab1,shared_domain,shared_domain
0.0,1.0,1.0,1.0,0.0,1.0,54,204,0.0,66269a9aa9efe18f4d85dab5,shared_domain,shared_domain
0.0,1.0,0.0,1.0,0.0,1.0,1368,44,0.0,6626a425a9efe18f4d85dac6,shared_domain,shared_domain
1.0,1.0,1.0,1.0,0.0,1.0,-1,203,0.0,6626a911a9efe18f4d85dad6,shared_domain,shared_domain
1.0,1.0,0.0,1.0,0.0,1.0,1995,897,0.0,6626af04a9efe18f4d85dade,shared_domain,shared_domain
1.0,1.0,0.0,1.0,0.0,0.0,37,433,0.0,6626af04a9efe18f4d85dae8,compromised_domain,compromised_domain
1.0,1.0,0.0,1.0,1.0,0.0,-2,-2,1.0,6626b2a6a9efe18f4d85daf5,attackers_domain,attackers_domain
1.0,0.0,0.0,1.0,1.0,0.0,-2,-2,1.0,6626b2a6a9efe18f4d85daf7,attackers_domain,attackers_domain
1.0,1.0,1.0,1.0,0.0,1.0,77,195,0.0,6626b784a9efe18f4d85dafe,shared_domain,shared_domain
1.0,0.0,0.0,0.0,1.0,0.0,-2,-2,1.0,6626b784a9efe18f4d85db08,attackers_domain,attackers_domain
0.0,1.0,1.0,1.0,0.0,1.0,4,48,0.0,6626b784a9efe18f4d85db0f,shared_domain,shared_domain
1.0,1.0,1.0,1.0,0.0,1.0,-1,204,0.0,6626b784a9efe18f4d85db12,shared_domain,shared_domain
1.0,1.0,0.0,1.0,0.0,0.0,381,2034,0.0,6626b784a9efe18f4d85db15,shared_domain,shared_domain
1.0,1.0,1.0,1.0,0.0,0.0,0,152,0.0,6626b784a9efe18f4d85db1b,shared_domain,shared_domain
1.0,1.0,1.0,1.0,0.0,1.0,-1,204,0.0,6626b9c9a9efe18f4d85db21,shared_domain,shared_domain
1.0,0.0,0.0,0.0,1.0,0.0,-2,-2,1.0,6626bd6ba9efe18f4d85db29,attackers_domain,attackers_domain
1.0,1.0,0.0,1.0,0.0,0.0,37,434,0.0,6626c5faa9efe18f4d85db47,compromised_domain,compromised_domain
1.0,1.0,0.0,1.0,0.0,1.0,430,207,0.0,6626c5faa9efe18f4d85db4a,shared_domain,shared_domain
1.0,1.0,0.0,1.0,0.0,0.0,39,30,0.0,6626c5faa9efe18f4d85db50,shared_domain,shared_domain
0.0,1.0,0.0,1.0,0.0,1.0,430,236,0.0,6626c5faa9efe18f4d85db55,shared_domain,shared_domain
1.0,1.0,1.0,1.0,0.0,1.0,-1,204,0.0,6626c5faa9efe18f4d85db56,shared_domain,shared_domain
1.0,0.0,0.0,1.0,1.0,0.0,-2,-2,1.0,6626cbd8a9efe18f4d85db60,attackers_domain,attackers_domain
1.0,1.0,0.0,1.0,1.0,0.0,-1,874,1.0,6626cbd8a9efe18f4d85db63,attackers_domain,attackers_domain
1.0,0.0,0.0,1.0,1.0,0.0,-2,-2,1.0,6626cbd8a9efe18f4d85db65,attackers_domain,attackers_domain
1.0,1.0,1.0,1.0,0.0,1.0,72,113,0.0,6626cbd9a9efe18f4d85db74,shared_domain,shared_domain
1.0,0.0,0.0,1.0,1.0,0.0,-2,-2,1.0,6626cf8aa9efe18f4d85db7e,attackers_domain,attackers_domain
1.0,1.0,0.0,1.0,1.0,0.0,-2,-2,1.0,6626cf8aa9efe18f4d85db82,attackers_domain,attackers_domain
1.0,1.0,0.0,1.0,1.0,0.0,-2,-2,1.0,6626cf8aa9efe18f4d85db8b,attackers_domain,attackers_domain
1.0,1.0,1.0,1.0,0.0,1.0,225,75,0.0,6626cf8ba9efe18f4d85db9a,shared_domain,shared_domain
1.0,1.0,0.0,1.0,1.0,0.0,-2,-2,1.0,6626cf8ba9efe18f4d85db9d,attackers_domain,attackers_domain
1.0,1.0,1.0,1.0,0.0,1.0,225,75,0.0,6626d6d7a9efe18f4d85dbbb,shared_domain,shared_domain
1.0,0.0,0.0,1.0,1.0,0.0,-1,7,1.0,6626da79a9efe18f4d85dbc8,attackers_domain,attackers_domain
0.0,0.0,0.0,0.0,0.0,1.0,-2,-2,1.0,6626de15a9efe18f4d85dbd5,attackers_domain,attackers_domain
0.0,1.0,0.0,1.0,0.0,1.0,14,14,0.0,6626de15a9efe18f4d85dbd9,shared_domain,shared_domain
1.0,1.0,1.0,1.0,0.0,1.0,225,75,0.0,6626e316a9efe18f4d85dbfb,shared_domain,shared_domain
1.0,1.0,0.0,1.0,0.0,1.0,156,53,0.0,6626e31ba9efe18f4d85dc10,shared_domain,shared_domain
1.0,1.0,1.0,1.0,0.0,1.0,115,525,0.0,6626e557a9efe18f4d85dc16,shared_domain,shared_domain
1.0,0.0,0.0,1.0,0.0,0.0,-2,-2,1.0,6626ec9aa9efe18f4d85dc21,attackers_domain,attackers_domain
1.0,1.0,1.0,1.0,0.0,1.0,115,520,0.0,6626ec9aa9efe18f4d85dc2e,shared_domain,shared_domain
1.0,0.0,0.0,0.0,0.0,0.0,-2,-2,1.0,6626ec9aa9efe18f4d85dc2f,attackers_domain,attackers_domain
0.0,1.0,0.0,1.0,0.0,1.0,538,5,0.0,6626f18da9efe18f4d85dc39,shared_domain,shared_domain
1.0,1.0,1.0,1.0,0.0,1.0,-1,204,0.0,6626f18da9efe18f4d85dc41,shared_domain,shared_domain
1.0,0.0,0.0,0.0,0.0,0.0,-2,-2,1.0,6626f3cea9efe18f4d85dc4e,attackers_domain,attackers_domain
1.0,0.0,0.0,0.0,0.0,1.0,-2,-2,1.0,6626f3cea9efe18f4d85dc53,attackers_domain,attackers_domain
1.0,1.0,1.0,1.0,0.0,1.0,49,460,0.0,6626fa42a9efe18f4d85dced,shared_domain,shared_domain
1.0,1.0,1.0,1.0,0.0,1.0,225,254,0.0,6626fa4ba9efe18f4d85dd0b,shared_domain,shared_domain
0.0,1.0,0.0,1.0,0.0,1.0,304,103,0.0,6626fa4ba9efe18f4d85dd0d,shared_domain,shared_domain
0.0,1.0,1.0,1.0,0.0,1.0,378,188,0.0,6626fa57a9efe18f4d85dd36,shared_domain,shared_domain
1.0,1.0,0.0,1.0,1.0,0.0,-1,307,0.0,6626fa66a9efe18f4d85dd5e,attackers_domain,compromised_domain
1.0,0.0,0.0,0.0,0.0,1.0,-2,-2,1.0,6626fa67a9efe18f4d85dd61,attackers_domain,attackers_domain
1.0,1.0,0.0,1.0,1.0,0.0,-1,69,1.0,6626fa6aa9efe18f4d85dd6a,attackers_domain,attackers_domain
1.0,0.0,0.0,0.0,0.0,1.0,-2,-2,1.0,6626fa70a9efe18f4d85dd80,attackers_domain,attackers_domain
1.0,1.0,1.0,1.0,0.0,1.0,225,75,0.0,6626fa80a9efe18f4d85ddae,shared_domain,shared_domain
1.0,0.0,0.0,1.0,1.0,0.0,-1,7,1.0,6626fa94a9efe18f4d85ddea,attackers_domain,attackers_domain
1.0,1.0,0.0,1.0,1.0,0.0,-1,114,1.0,6626fa98a9efe18f4d85ddf6,attackers_domain,shared_domain
0.0,1.0,1.0,1.0,0.0,1.0,4,228,0.0,6626faa5a9efe18f4d85de1b,shared_domain,shared_domain
0.0,0.0,0.0,0.0,0.0,1.0,-2,-2,1.0,6626faa9a9efe18f4d85de23,attackers_domain,attackers_domain
1.0,1.0,1.0,1.0,0.0,1.0,115,76,0.0,6626faaba9efe18f4d85de27,shared_domain,shared_domain
0.0,1.0,1.0,1.0,0.0,1.0,378,187,0.0,6626faaca9efe18f4d85de2b,shared_domain,shared_domain
0.0,1.0,1.0,1.0,0.0,1.0,378,174,0.0,6626fab2a9efe18f4d85de35,shared_domain,shared_domain
0.0,1.0,1.0,1.0,0.0,1.0,378,149,0.0,6626fab7a9efe18f4d85de42,shared_domain,shared_domain
0.0,1.0,0.0,1.0,0.0,1.0,304,114,0.0,6626fac0a9efe18f4d85de4e,shared_domain,shared_domain
0.0,1.0,1.0,1.0,0.0,1.0,378,188,0.0,6626fac4a9efe18f4d85de55,shared_domain,shared_domain
0.0,1.0,1.0,1.0,0.0,1.0,378,157,0.0,6626fac8a9efe18f4d85de5f,shared_domain,shared_domain
1.0,1.0,1.0,1.0,0.0,1.0,115,525,0.0,6626fac8a9efe18f4d85de60,shared_domain,shared_domain
1.0,1.0,0.0,1.0,0.0,0.0,4432,486,0.0,6626facaa9efe18f4d85de65,shared_domain,shared_domain
1.0,1.0,0.0,1.0,0.0,1.0,-2,-2,0.0,6626facca9efe18f4d85de6c,attackers_domain,attackers_domain
0.0,0.0,0.0,0.0,0.0,1.0,-2,-2,1.0,6626facda9efe18f4d85de6e,attackers_domain,attackers_domain
1.0,1.0,0.0,1.0,0.0,0.0,-2,-2,1.0,6626fb84a9efe18f4d85de78,attackers_domain,compromised_domain
1.0,0.0,0.0,0.0,0.0,1.0,-2,-2,1.0,6626fb84a9efe18f4d85de82,attackers_domain,attackers_domain
1.0,0.0,0.0,1.0,0.0,0.0,201,134,,66270069a9efe18f4d85de9d,shared_domain,shared_domain
0.0,1.0,1.0,1.0,0.0,1.0,72,89,0.0,66270f05a9efe18f4d85deba,shared_domain,shared_domain
0.0,1.0,1.0,1.0,0.0,1.0,77,148,0.0,66270f05a9efe18f4d85dec5,shared_domain,shared_domain
0.0,1.0,0.0,1.0,0.0,1.0,430,221,0.0,66270f05a9efe18f4d85dec9,shared_domain,shared_domain
0.0,1.0,0.0,1.0,0.0,1.0,336,64,0.0,66270f05a9efe18f4d85decb,shared_domain,shared_domain
0.0,1.0,0.0,1.0,0.0,1.0,430,239,0.0,66270f05a9efe18f4d85decd,shared_domain,shared_domain
1.0,1.0,0.0,1.0,0.0,0.0,155,83,0.0,66270f05a9efe18f4d85ded2,shared_domain,shared_domain
0.0,1.0,0.0,1.0,0.0,1.0,211,29,0.0,6627114ca9efe18f4d85dedd,shared_domain,shared_domain
1.0,1.0,1.0,1.0,0.0,1.0,-1,127,0.0,6627187fa9efe18f4d85df29,shared_domain,shared_domain
1.0,1.0,1.0,1.0,0.0,1.0,115,48,0.0,6627187fa9efe18f4d85df2a,shared_domain,shared_domain
1.0,1.0,1.0,1.0,0.0,1.0,-1,74,0.0,662726f4a9efe18f4d85df4e,shared_domain,shared_domain
1.0,1.0,1.0,1.0,0.0,1.0,115,68,0.0,662726f5a9efe18f4d85df6e,shared_domain,shared_domain
1.0,0.0,0.0,0.0,0.0,1.0,-2,-2,1.0,662726f5a9efe18f4d85df70,attackers_domain,attackers_domain
1.0,1.0,1.0,1.0,0.0,1.0,115,45,0.0,662726f5a9efe18f4d85df71,shared_domain,shared_domain
0.0,1.0,1.0,1.0,0.0,1.0,378,151,0.0,66272e35a9efe18f4d85df8b,shared_domain,shared_domain
0.0,1.0,1.0,1.0,0.0,1.0,54,381,0.0,66273a4ea9efe18f4d85dfb0,shared_domain,shared_domain
1.0,0.0,0.0,1.0,0.0,1.0,-2,-2,1.0,66274073a9efe18f4d85e033,attackers_domain,attackers_domain
1.0,1.0,1.0,1.0,0.0,1.0,115,39,0.0,6627440aa9efe18f4d85e03c,shared_domain,shared_domain
1.0,1.0,1.0,1.0,0.0,1.0,115,39,0.0,6627440aa9efe18f4d85e03f,shared_domain,shared_domain
1.0,1.0,1.0,1.0,0.0,1.0,115,39,0.0,6627440aa9efe18f4d85e045,shared_domain,shared_domain
1.0,1.0,1.0,1.0,0.0,1.0,115,39,0.0,662747aaa9efe18f4d85e04a,shared_domain,shared_domain
0.0,1.0,0.0,1.0,0.0,1.0,430,231,0.0,662748eba9efe18f4d85e059,shared_domain,shared_domain
0.0,1.0,1.0,1.0,0.0,1.0,54,225,0.0,662748eba9efe18f4d85e05d,shared_domain,shared_domain
0.0,1.0,1.0,1.0,0.0,1.0,4,213,0.0,662748eba9efe18f4d85e05e,shared_domain,shared_domain
0.0,1.0,0.0,1.0,0.0,1.0,430,155,0.0,662748eca9efe18f4d85e065,shared_domain,shared_domain
1.0,1.0,1.0,1.0,0.0,1.0,115,44,0.0,66275d76a9efe18f4d85e095,shared_domain,shared_domain
1.0,0.0,0.0,0.0,1.0,0.0,-2,-2,1.0,662764b9a9efe18f4d85e0a5,attackers_domain,attackers_domain
0.0,1.0,0.0,1.0,0.0,1.0,304,98,0.0,662765eea9efe18f4d85e0b2,shared_domain,shared_domain
1.0,1.0,0.0,1.0,0.0,0.0,4432,464,0.0,662765eea9efe18f4d85e0b3,shared_domain,shared_domain
1.0,1.0,0.0,0.0,0.0,1.0,-2,-2,0.0,662765eea9efe18f4d85e0bb,shared_domain,shared_domain
1.0,1.0,1.0,1.0,0.0,1.0,652,75,0.0,66276c0ca9efe18f4d85e0d5,shared_domain,shared_domain
1.0,1.0,0.0,1.0,0.0,0.0,10,454,0.0,66276c0ca9efe18f4d85e0d7,compromised_domain,compromised_domain
1.0,1.0,1.0,1.0,0.0,1.0,652,76,0.0,6627759da9efe18f4d85e23a,shared_domain,shared_domain
0.0,1.0,1.0,1.0,0.0,1.0,378,190,0.0,6627759da9efe18f4d85e23f,shared_domain,shared_domain
1.0,0.0,0.0,1.0,1.0,0.0,-2,-2,1.0,66277a8fa9efe18f4d85e25c,attackers_domain,attackers_domain
0.0,1.0,0.0,0.0,0.0,1.0,-2,-2,0.0,662781d9a9efe18f4d85e268,shared_domain,shared_domain
0.0,1.0,1.0,1.0,0.0,1.0,378,150,0.0,662781d9a9efe18f4d85e26a,shared_domain,shared_domain
1.0,1.0,0.0,1.0,0.0,1.0,156,157,0.0,662783d1a9efe18f4d85e280,shared_domain,shared_domain
1.0,1.0,0.0,1.0,0.0,1.0,156,157,0.0,662783d1a9efe18f4d85e281,shared_domain,shared_domain
1.0,1.0,0.0,1.0,0.0,0.0,603,142,0.0,662783d1a9efe18f4d85e287,shared_domain,shared_domain
1.0,1.0,0.0,1.0,0.0,0.0,603,144,0.0,662783d2a9efe18f4d85e28a,shared_domain,shared_domain
1.0,1.0,0.0,1.0,0.0,0.0,603,144,0.0,662783d2a9efe18f4d85e28c,shared_domain,shared_domain
1.0,1.0,0.0,1.0,0.0,0.0,603,144,0.0,662783d2a9efe18f4d85e28f,shared_domain,shared_domain
1.0,1.0,0.0,1.0,0.0,0.0,603,144,0.0,662783d2a9efe18f4d85e290,shared_domain,shared_domain
0.0,1.0,1.0,1.0,0.0,1.0,160,384,0.0,662783d2a9efe18f4d85e292,shared_domain,shared_domain
1.0,1.0,1.0,1.0,0.0,1.0,-1,203,0.0,66278ce2a9efe18f4d85e2aa,shared_domain,shared_domain
1.0,1.0,0.0,0.0,0.0,1.0,-2,-2,0.0,66279202a9efe18f4d85e2b9,shared_domain,shared_domain
0.0,1.0,0.0,0.0,0.0,1.0,-2,-2,0.0,66279202a9efe18f4d85e2ba,shared_domain,shared_domain
0.0,1.0,0.0,0.0,0.0,1.0,-2,-2,0.0,66279202a9efe18f4d85e2bb,shared_domain,shared_domain
1.0,1.0,1.0,1.0,0.0,1.0,-1,208,0.0,66279202a9efe18f4d85e2c3,shared_domain,shared_domain
1.0,1.0,1.0,1.0,0.0,1.0,-1,203,0.0,6627a03da9efe18f4d85e338,shared_domain,shared_domain
1.0,1.0,1.0,1.0,0.0,1.0,115,584,0.0,6627a3ffa9efe18f4d85e346,shared_domain,shared_domain
0.0,1.0,0.0,1.0,0.0,1.0,555,28,0.0,6627a402a9efe18f4d85e34f,shared_domain,shared_domain
1.0,1.0,0.0,1.0,0.0,1.0,1073,89,0.0,6627a403a9efe18f4d85e353,shared_domain,shared_domain
0.0,1.0,0.0,1.0,0.0,1.0,555,25,0.0,6627a40ca9efe18f4d85e363,shared_domain,shared_domain
1.0,1.0,0.0,1.0,0.0,1.0,1995,53,0.0,6627a419a9efe18f4d85e37c,shared_domain,shared_domain
1.0,0.0,0.0,0.0,1.0,0.0,-2,-2,1.0,6627a41aa9efe18f4d85e380,attackers_domain,attackers_domain
1.0,0.0,0.0,0.0,0.0,1.0,-2,-2,1.0,6627a41ca9efe18f4d85e385,attackers_domain,attackers_domain
0.0,1.0,1.0,1.0,0.0,1.0,378,188,0.0,6627a421a9efe18f4d85e38d,shared_domain,shared_domain
1.0,1.0,0.0,1.0,0.0,0.0,45,1967,0.0,6627a425a9efe18f4d85e398,compromised_domain,compromised_domain
1.0,0.0,0.0,1.0,1.0,0.0,-1,7,1.0,6627a440a9efe18f4d85e3c6,attackers_domain,attackers_domain
0.0,1.0,0.0,1.0,0.0,1.0,387,99,0.0,6627a447a9efe18f4d85e3d8,shared_domain,shared_domain
1.0,1.0,1.0,1.0,0.0,1.0,-1,106,0.0,6627a460a9efe18f4d85e417,shared_domain,shared_domain
1.0,1.0,1.0,1.0,0.0,1.0,652,237,0.0,6627a465a9efe18f4d85e421,shared_domain,shared_domain
1.0,1.0,0.0,1.0,0.0,0.0,4432,485,0.0,6627a46aa9efe18f4d85e42e,shared_domain,shared_domain
0.0,1.0,1.0,1.0,0.0,1.0,4,211,0.0,6627a470a9efe18f4d85e432,shared_domain,shared_domain
0.0,0.0,0.0,0.0,0.0,1.0,-2,-2,1.0,6627a47fa9efe18f4d85e452,attackers_domain,attackers_domain
0.0,1.0,0.0,1.0,0.0,1.0,430,232,0.0,6627a485a9efe18f4d85e467,shared_domain,shared_domain
0.0,1.0,1.0,1.0,0.0,1.0,4,229,0.0,6627a486a9efe18f4d85e469,shared_domain,shared_domain
1.0,0.0,0.0,0.0,0.0,1.0,-2,-2,1.0,6627a677a9efe18f4d85e4a4,attackers_domain,attackers_domain
1.0,0.0,0.0,1.0,0.0,1.0,109,102,0.0,6627adaaa9efe18f4d85e4b6,compromised_domain,shared_domain
0.0,1.0,0.0,1.0,0.0,1.0,245,80,0.0,6627adaaa9efe18f4d85e4b7,shared_domain,shared_domain
1.0,1.0,1.0,1.0,0.0,1.0,-1,203,0.0,6627adaaa9efe18f4d85e4bb,shared_domain,shared_domain
1.0,1.0,1.0,1.0,0.0,0.0,0,54,0.0,6627aef1a9efe18f4d85e4c9,shared_domain,shared_domain
1.0,0.0,0.0,0.0,0.0,1.0,-2,-2,1.0,6627b133a9efe18f4d85e4ef,attackers_domain,attackers_domain
1.0,1.0,0.0,1.0,0.0,1.0,-1,1244,0.0,6627b4cda9efe18f4d85e4f3,shared_domain,shared_domain
1.0,1.0,1.0,1.0,0.0,1.0,115,44,0.0,6627b4cda9efe18f4d85e4fb,shared_domain,shared_domain
0.0,1.0,1.0,1.0,0.0,1.0,72,100,0.0,6627bd04a9efe18f4d85e528,shared_domain,shared_domain
0.0,1.0,1.0,1.0,0.0,1.0,4,305,0.0,6627bd04a9efe18f4d85e52a,shared_domain,shared_domain
1.0,1.0,1.0,1.0,0.0,1.0,-1,203,0.0,6627bd04a9efe18f4d85e53d,shared_domain,shared_domain
1.0,1.0,1.0,1.0,0.0,1.0,-1,204,0.0,6627bd04a9efe18f4d85e546,shared_domain,shared_domain
1.0,1.0,1.0,1.0,0.0,1.0,49,182,0.0,6627bfc3a9efe18f4d85e54f,shared_domain,shared_domain
0.0,0.0,0.0,0.0,0.0,1.0,-2,-2,1.0,6627bfc3a9efe18f4d85e551,attackers_domain,attackers_domain
1.0,1.0,1.0,1.0,0.0,1.0,115,520,0.0,6627c35fa9efe18f4d85e558,shared_domain,shared_domain
1.0,1.0,0.0,1.0,0.0,1.0,-1,1284,0.0,6627c35fa9efe18f4d85e559,shared_domain,shared_domain
1.0,1.0,0.0,1.0,0.0,0.0,0,346,0.0,6627c6f9a9efe18f4d85e571,compromised_domain,compromised_domain
1.0,1.0,0.0,1.0,0.0,0.0,50,44,0.0,6627cb1aa9efe18f4d85e582,shared_domain,compromised_domain
1.0,0.0,0.0,0.0,0.0,1.0,-2,-2,1.0,6627d57da9efe18f4d85e58b,attackers_domain,attackers_domain
1.0,0.0,0.0,0.0,0.0,0.0,-2,-2,1.0,6627d57da9efe18f4d85e58d,attackers_domain,attackers_domain
0.0,0.0,0.0,0.0,0.0,1.0,-2,-2,1.0,6627d57ea9efe18f4d85e58f,attackers_domain,attackers_domain
0.0,0.0,0.0,1.0,0.0,1.0,-1,193,1.0,6627d57ea9efe18f4d85e591,attackers_domain,attackers_domain
1.0,1.0,1.0,1.0,0.0,1.0,115,51,0.0,6627d57ea9efe18f4d85e594,shared_domain,shared_domain
1.0,1.0,0.0,1.0,0.0,0.0,4432,491,0.0,6627d961a9efe18f4d85e59f,shared_domain,shared_domain
1.0,1.0,1.0,1.0,0.0,1.0,481,701,0.0,6627d961a9efe18f4d85e5a0,shared_domain,shared_domain
1.0,1.0,0.0,1.0,0.0,1.0,2435,19,0.0,6627d961a9efe18f4d85e5a3,shared_domain,shared_domain
1.0,1.0,1.0,1.0,0.0,1.0,-1,204,0.0,6627d961a9efe18f4d85e5a6,shared_domain,shared_domain
1.0,1.0,1.0,1.0,0.0,1.0,49,61,0.0,6627e40ba9efe18f4d85e5d0,shared_domain,shared_domain
1.0,1.0,1.0,1.0,0.0,1.0,-1,205,0.0,6627e7a7a9efe18f4d85e5e7,shared_domain,shared_domain
1.0,1.0,0.0,1.0,1.0,0.0,-2,-2,1.0,6627eb5ba9efe18f4d85e5f1,attackers_domain,attackers_domain
0.0,1.0,0.0,1.0,0.0,1.0,59,256,0.0,6627eb5ba9efe18f4d85e608,shared_domain,shared_domain
1.0,1.0,0.0,1.0,0.0,0.0,4432,486,0.0,6627eb5ba9efe18f4d85e609,shared_domain,shared_domain
1.0,0.0,0.0,0.0,0.0,1.0,-2,-2,1.0,6627eef5a9efe18f4d85e60d,attackers_domain,attackers_domain
1.0,1.0,0.0,1.0,1.0,0.0,71,669,1.0,6627eef6a9efe18f4d85e611,attackers_domain,attackers_domain
0.0,1.0,1.0,1.0,0.0,1.0,378,190,0.0,6627f290a9efe18f4d85e620,shared_domain,shared_domain
1.0,1.0,1.0,1.0,0.0,1.0,-1,204,0.0,6627fa9da9efe18f4d85e62d,shared_domain,shared_domain
1.0,1.0,0.0,1.0,1.0,0.0,-2,-2,1.0,6627fa9da9efe18f4d85e62e,attackers_domain,attackers_domain
1.0,1.0,0.0,0.0,1.0,0.0,-2,-2,1.0,6627fa9da9efe18f4d85e633,attackers_domain,attackers_domain
1.0,1.0,0.0,1.0,1.0,0.0,-2,-2,1.0,6627fa9da9efe18f4d85e63b,attackers_domain,attackers_domain
1.0,0.0,0.0,1.0,0.0,0.0,0,1820,0.0,6627fa9da9efe18f4d85e643,compromised_domain,compromised_domain
1.0,0.0,0.0,1.0,0.0,0.0,0,87,0.0,6627fa9ea9efe18f4d85e64c,compromised_domain,compromised_domain
1.0,0.0,0.0,1.0,1.0,0.0,67,676,1.0,662801c2a9efe18f4d85e69e,attackers_domain,attackers_domain
1.0,1.0,0.0,1.0,0.0,1.0,2435,62,0.0,6628042fa9efe18f4d85e6b1,shared_domain,shared_domain
1.0,1.0,1.0,1.0,0.0,1.0,652,42,0.0,6628042fa9efe18f4d85e6b5,shared_domain,shared_domain
1.0,1.0,1.0,1.0,0.0,1.0,652,40,0.0,6628042fa9efe18f4d85e6b9,shared_domain,shared_domain
1.0,1.0,0.0,1.0,0.0,1.0,391,93,0.0,6628042fa9efe18f4d85e6bd,shared_domain,shared_domain
1.0,1.0,0.0,1.0,0.0,1.0,1644,475,0.0,6628042fa9efe18f4d85e6c3,shared_domain,shared_domain
1.0,0.0,0.0,1.0,1.0,0.0,-2,-2,1.0,6628091ba9efe18f4d85e6d3,attackers_domain,attackers_domain
1.0,1.0,0.0,1.0,1.0,0.0,5,820,1.0,6628091ba9efe18f4d85e6e1,attackers_domain,attackers_domain
1.0,1.0,1.0,1.0,0.0,0.0,0,852,0.0,6628091ba9efe18f4d85e6ee,shared_domain,shared_domain
1.0,0.0,0.0,1.0,1.0,0.0,84,747,1.0,6628091ba9efe18f4d85e6f7,attackers_domain,attackers_domain
1.0,1.0,1.0,1.0,0.0,1.0,49,42,0.0,66280cb7a9efe18f4d85e70c,shared_domain,shared_domain
1.0,1.0,0.0,1.0,0.0,0.0,2,114,0.0,66281053a9efe18f4d85e719,compromised_domain,compromised_domain
0.0,1.0,0.0,1.0,0.0,1.0,336,74,0.0,66281053a9efe18f4d85e71c,shared_domain,shared_domain
1.0,1.0,1.0,1.0,0.0,1.0,-1,204,0.0,66281244a9efe18f4d85e725,shared_domain,shared_domain
1.0,1.0,1.0,1.0,0.0,1.0,115,525,0.0,66281412a9efe18f4d85e734,shared_domain,shared_domain
1.0,1.0,1.0,1.0,0.0,1.0,115,101,0.0,66281412a9efe18f4d85e738,shared_domain,shared_domain
0.0,1.0,1.0,1.0,0.0,1.0,54,335,0.0,66281b4aa9efe18f4d85e75c,shared_domain,shared_domain
0.0,1.0,1.0,1.0,0.0,1.0,77,155,0.0,66282060a9efe18f4d85e770,shared_domain,shared_domain
0.0,1.0,1.0,1.0,0.0,1.0,4,207,0.0,66282060a9efe18f4d85e776,shared_domain,shared_domain
0.0,1.0,1.0,1.0,0.0,1.0,77,153,0.0,66282060a9efe18f4d85e777,shared_domain,shared_domain
0.0,1.0,1.0,1.0,0.0,1.0,72,98,0.0,66282060a9efe18f4d85e797,shared_domain,shared_domain
1.0,1.0,1.0,1.0,0.0,1.0,115,525,0.0,6628229ca9efe18f4d85e7b0,shared_domain,shared_domain
1.0,1.0,1.0,1.0,0.0,1.0,115,525,0.0,662829cda9efe18f4d85e7bf,shared_domain,shared_domain
1.0,0.0,0.0,0.0,1.0,0.0,-2,-2,1.0,66282d64a9efe18f4d85e7ca,attackers_domain,attackers_domain
0.0,1.0,1.0,1.0,0.0,1.0,103,42,0.0,66282e9ea9efe18f4d85e7cb,shared_domain,shared_domain
0.0,1.0,0.0,1.0,0.0,1.0,64,235,0.0,66282e9ea9efe18f4d85e7d5,shared_domain,shared_domain
0.0,1.0,0.0,1.0,0.0,1.0,430,221,0.0,66282e9ea9efe18f4d85e7d9,shared_domain,shared_domain
0.0,1.0,0.0,1.0,0.0,1.0,430,238,0.0,66282e9ea9efe18f4d85e7e2,shared_domain,shared_domain
0.0,1.0,0.0,1.0,0.0,1.0,336,49,0.0,66282e9ea9efe18f4d85e7e6,shared_domain,shared_domain
0.0,1.0,0.0,1.0,0.0,1.0,430,128,0.0,66282e9ea9efe18f4d85e7e7,shared_domain,shared_domain
1.0,0.0,0.0,0.0,0.0,0.0,-2,-2,1.0,6628311aa9efe18f4d85e7f1,attackers_domain,attackers_domain
1.0,0.0,0.0,0.0,0.0,0.0,-2,-2,1.0,66283867a9efe18f4d85e9b5,attackers_domain,attackers_domain
1.0,1.0,1.0,1.0,0.0,1.0,115,525,0.0,66283fbca9efe18f4d85e9d1,shared_domain,shared_domain
0.0,1.0,1.0,1.0,0.0,1.0,378,163,0.0,662846dca9efe18f4d85eab1,shared_domain,shared_domain
0.0,1.0,0.0,1.0,0.0,1.0,555,23,0.0,66284c0ea9efe18f4d85eac0,shared_domain,shared_domain
1.0,1.0,0.0,1.0,0.0,0.0,4432,486,0.0,66284c11a9efe18f4d85eac9,shared_domain,shared_domain
1.0,0.0,0.0,1.0,0.0,0.0,-2,-2,1.0,66284c11a9efe18f4d85eacb,attackers_domain,attackers_domain
1.0,1.0,0.0,1.0,0.0,1.0,-2,-2,0.0,66284c14a9efe18f4d85ead4,attackers_domain,attackers_domain
0.0,1.0,0.0,1.0,0.0,1.0,555,23,0.0,66284c14a9efe18f4d85ead5,shared_domain,shared_domain
1.0,1.0,0.0,1.0,0.0,1.0,-2,-2,0.0,66284c16a9efe18f4d85eada,attackers_domain,attackers_domain
1.0,1.0,0.0,1.0,0.0,1.0,528,258,0.0,66284c17a9efe18f4d85eadd,compromised_domain,compromised_domain
1.0,1.0,1.0,1.0,0.0,1.0,115,94,0.0,66284c1ba9efe18f4d85eaed,shared_domain,shared_domain
1.0,1.0,1.0,1.0,0.0,1.0,115,404,0.0,66284c22a9efe18f4d85eb02,shared_domain,shared_domain
1.0,1.0,1.0,1.0,0.0,1.0,115,404,0.0,66284c23a9efe18f4d85eb04,shared_domain,shared_domain
1.0,1.0,1.0,1.0,0.0,1.0,115,404,0.0,66284c25a9efe18f4d85eb0b,shared_domain,shared_domain
1.0,1.0,1.0,1.0,0.0,1.0,115,404,0.0,66284c27a9efe18f4d85eb12,shared_domain,shared_domain
1.0,1.0,1.0,1.0,0.0,1.0,115,404,0.0,66284c28a9efe18f4d85eb14,shared_domain,shared_domain
0.0,1.0,0.0,1.0,0.0,1.0,430,199,0.0,66284c2aa9efe18f4d85eb1d,shared_domain,shared_domain
1.0,1.0,1.0,1.0,0.0,1.0,115,404,0.0,66284c2da9efe18f4d85eb26,shared_domain,shared_domain
1.0,1.0,1.0,1.0,0.0,1.0,115,404,0.0,66284c2ea9efe18f4d85eb28,shared_domain,shared_domain
1.0,1.0,1.0,1.0,0.0,1.0,115,404,0.0,66284c2ea9efe18f4d85eb2a,shared_domain,shared_domain
1.0,1.0,1.0,1.0,0.0,1.0,115,404,0.0,66284c2fa9efe18f4d85eb2d,shared_domain,shared_domain
1.0,1.0,1.0,1.0,0.0,1.0,115,404,0.0,66284c30a9efe18f4d85eb2e,shared_domain,shared_domain
1.0,1.0,1.0,1.0,0.0,1.0,115,404,0.0,66284c30a9efe18f4d85eb31,shared_domain,shared_domain
1.0,1.0,1.0,1.0,0.0,1.0,115,404,0.0,66284c31a9efe18f4d85eb33,shared_domain,shared_domain
1.0,1.0,1.0,1.0,0.0,1.0,115,404,0.0,66284c31a9efe18f4d85eb34,shared_domain,shared_domain
0.0,1.0,1.0,1.0,0.0,1.0,378,190,0.0,66284c39a9efe18f4d85eb4d,shared_domain,shared_domain
1.0,1.0,1.0,1.0,0.0,1.0,115,510,0.0,66284c3ea9efe18f4d85eb5b,shared_domain,shared_domain
1.0,1.0,0.0,1.0,0.0,1.0,28,61,0.0,66284c3fa9efe18f4d85eb5f,shared_domain,shared_domain
1.0,1.0,0.0,1.0,0.0,1.0,-2,-2,0.0,66284c52a9efe18f4d85eb9f,attackers_domain,attackers_domain
1.0,1.0,1.0,1.0,0.0,1.0,225,184,0.0,66284c61a9efe18f4d85ebc1,shared_domain,shared_domain
1.0,1.0,0.0,1.0,0.0,1.0,-2,-2,0.0,66284c61a9efe18f4d85ebc3,attackers_domain,attackers_domain
1.0,0.0,0.0,0.0,0.0,1.0,-2,-2,1.0,66284c62a9efe18f4d85ebc6,attackers_domain,attackers_domain
0.0,1.0,0.0,1.0,0.0,1.0,211,186,0.0,66284c6fa9efe18f4d85ebee,shared_domain,shared_domain
1.0,1.0,1.0,1.0,0.0,1.0,481,701,0.0,66284c78a9efe18f4d85ec0b,shared_domain,shared_domain
0.0,1.0,1.0,1.0,0.0,1.0,4,191,0.0,66284c79a9efe18f4d85ec0f,shared_domain,shared_domain
0.0,1.0,0.0,1.0,0.0,1.0,430,232,0.0,66284c7da9efe18f4d85ec1c,shared_domain,shared_domain
0.0,1.0,0.0,1.0,0.0,1.0,430,215,0.0,66284c83a9efe18f4d85ec2e,shared_domain,shared_domain
1.0,1.0,0.0,1.0,0.0,1.0,-2,-2,0.0,66284c85a9efe18f4d85ec34,attackers_domain,attackers_domain
1.0,1.0,0.0,1.0,0.0,1.0,-2,-2,0.0,66284c85a9efe18f4d85ec35,attackers_domain,attackers_domain
1.0,1.0,0.0,1.0,0.0,1.0,531,91,0.0,66284c87a9efe18f4d85ec39,shared_domain,shared_domain
0.0,1.0,1.0,1.0,0.0,1.0,378,128,0.0,66284c8ca9efe18f4d85ec44,shared_domain,shared_domain
0.0,1.0,1.0,1.0,0.0,1.0,4,227,0.0,66284c8ea9efe18f4d85ec49,shared_domain,shared_domain
0.0,1.0,1.0,1.0,0.0,1.0,54,197,0.0,66284c91a9efe18f4d85ec52,shared_domain,shared_domain
1.0,1.0,1.0,1.0,0.0,1.0,652,80,0.0,66284c94a9efe18f4d85ec5a,shared_domain,shared_domain
1.0,1.0,0.0,1.0,0.0,1.0,531,209,0.0,66284c98a9efe18f4d85ec62,shared_domain,shared_domain
1.0,1.0,1.0,1.0,0.0,1.0,652,92,0.0,66284c99a9efe18f4d85ec65,shared_domain,shared_domain
1.0,0.0,0.0,1.0,1.0,0.0,88,143,1.0,66284c9da9efe18f4d85ec6e,attackers_domain,attackers_domain
0.0,1.0,1.0,1.0,0.0,1.0,4,199,0.0,66284c9fa9efe18f4d85ec73,shared_domain,shared_domain
0.0,1.0,0.0,1.0,0.0,1.0,304,98,0.0,66284e0ea9efe18f4d85ec7f,shared_domain,shared_domain
1.0,0.0,0.0,0.0,0.0,0.0,-2,-2,1.0,66285545a9efe18f4d85ec85,attackers_domain,attackers_domain
1.0,1.0,1.0,1.0,0.0,1.0,225,156,0.0,662858dfa9efe18f4d85ec88,shared_domain,shared_domain
1.0,0.0,0.0,0.0,0.0,0.0,-2,-2,1.0,66285c64a9efe18f4d85ec8f,attackers_domain,attackers_domain
1.0,0.0,0.0,0.0,0.0,0.0,-2,-2,1.0,662863a5a9efe18f4d85ecac,attackers_domain,attackers_domain
1.0,0.0,0.0,0.0,0.0,1.0,-2,-2,1.0,66286af4a9efe18f4d85ecd2,attackers_domain,attackers_domain
1.0,1.0,1.0,1.0,0.0,1.0,115,44,0.0,6628769ea9efe18f4d85ecf9,shared_domain,shared_domain
0.0,1.0,1.0,1.0,0.0,1.0,378,147,0.0,66287dcfa9efe18f4d85ed0b,shared_domain,shared_domain
1.0,1.0,0.0,0.0,0.0,0.0,-2,-2,1.0,662883d2a9efe18f4d85ed20,attackers_domain,attackers_domain
1.0,1.0,1.0,1.0,0.0,1.0,49,74,0.0,66288528a9efe18f4d85ed4d,shared_domain,shared_domain
0.0,1.0,0.0,1.0,0.0,1.0,430,199,0.0,66289202a9efe18f4d85edc1,shared_domain,shared_domain
0.0,1.0,1.0,1.0,0.0,1.0,77,157,0.0,66289202a9efe18f4d85edc7,shared_domain,shared_domain
0.0,1.0,1.0,1.0,0.0,1.0,77,148,0.0,66289202a9efe18f4d85edca,shared_domain,shared_domain
0.0,1.0,0.0,1.0,0.0,1.0,430,194,0.0,66289202a9efe18f4d85edcd,shared_domain,shared_domain
1.0,1.0,0.0,1.0,0.0,1.0,-2,-2,1.0,66289b02a9efe18f4d85edfa,attackers_domain,attackers_domain
0.0,1.0,0.0,1.0,0.0,1.0,42,44,0.0,66289b02a9efe18f4d85edfb,shared_domain,shared_domain
1.0,1.0,1.0,1.0,0.0,1.0,-1,238,0.0,6628a224a9efe18f4d85ee11,shared_domain,shared_domain
1.0,1.0,1.0,1.0,0.0,1.0,-1,77,0.0,6628a224a9efe18f4d85ee1e,shared_domain,shared_domain
1.0,1.0,1.0,1.0,0.0,1.0,115,44,0.0,6628a95aa9efe18f4d85ee22,shared_domain,shared_domain
1.0,1.0,1.0,1.0,0.0,1.0,49,61,0.0,6628a95aa9efe18f4d85ee2d,shared_domain,shared_domain
1.0,1.0,1.0,1.0,0.0,1.0,115,48,0.0,6628b817a9efe18f4d85ee8b,shared_domain,shared_domain
0.0,1.0,0.0,1.0,0.0,1.0,42,44,0.0,6628bbaea9efe18f4d85eea5,shared_domain,shared_domain
1.0,1.0,1.0,1.0,0.0,1.0,115,157,0.0,6628bf48a9efe18f4d85eea6,shared_domain,shared_domain
1.0,1.0,1.0,1.0,0.0,1.0,115,48,0.0,6628c678a9efe18f4d85eebe,shared_domain,shared_domain
1.0,1.0,0.0,0.0,0.0,0.0,-2,-2,1.0,6628cdb2a9efe18f4d85eecd,attackers_domain,attackers_domain
1.0,1.0,0.0,0.0,0.0,0.0,-2,-2,1.0,6628cdb2a9efe18f4d85eed0,attackers_domain,attackers_domain
1.0,0.0,0.0,0.0,0.0,0.0,-2,-2,1.0,6628d14da9efe18f4d85eed8,attackers_domain,attackers_domain
1.0,0.0,0.0,0.0,0.0,0.0,-2,-2,1.0,6628d14da9efe18f4d85eedb,attackers_domain,attackers_domain
1.0,1.0,1.0,1.0,0.0,1.0,225,84,0.0,6628d14da9efe18f4d85eee2,shared_domain,shared_domain
1.0,1.0,0.0,1.0,0.0,1.0,1995,119,0.0,6628d14da9efe18f4d85eee9,shared_domain,shared_domain
1.0,1.0,1.0,1.0,0.0,1.0,225,84,0.0,6628d87da9efe18f4d85eeed,shared_domain,shared_domain
0.0,1.0,1.0,1.0,0.0,1.0,378,165,0.0,6628d87da9efe18f4d85eef3,shared_domain,shared_domain
0.0,1.0,0.0,1.0,0.0,1.0,42,60,0.0,6628d87da9efe18f4d85eef5,shared_domain,shared_domain
1.0,1.0,1.0,1.0,0.0,1.0,115,48,0.0,6628d87da9efe18f4d85eef8,shared_domain,shared_domain
1.0,0.0,0.0,1.0,1.0,0.0,-1,5,1.0,6628d9dfa9efe18f4d85ef0d,attackers_domain,attackers_domain
1.0,1.0,0.0,1.0,1.0,0.0,-1,619,1.0,6628d9dfa9efe18f4d85ef19,attackers_domain,attackers_domain
1.0,1.0,1.0,1.0,0.0,1.0,652,100,0.0,6628d9dfa9efe18f4d85ef1b,shared_domain,shared_domain
1.0,1.0,1.0,1.0,0.0,0.0,0,170,0.0,6628d9dfa9efe18f4d85ef2b,shared_domain,shared_domain
1.0,1.0,0.0,1.0,0.0,0.0,211,396,0.0,6628d9dfa9efe18f4d85ef4f,shared_domain,shared_domain
1.0,1.0,1.0,1.0,0.0,1.0,115,52,0.0,6628d9dfa9efe18f4d85ef62,shared_domain,shared_domain
1.0,1.0,1.0,1.0,0.0,1.0,652,249,0.0,6628d9dfa9efe18f4d85ef68,shared_domain,shared_domain
0.0,1.0,1.0,1.0,0.0,1.0,4,198,0.0,6628d9dfa9efe18f4d85ef69,shared_domain,shared_domain
1.0,0.0,0.0,0.0,0.0,1.0,-2,-2,1.0,6628d9e0a9efe18f4d85ef84,attackers_domain,attackers_domain
1.0,0.0,0.0,0.0,0.0,1.0,-2,-2,1.0,6628d9e0a9efe18f4d85ef85,attackers_domain,attackers_domain
0.0,0.0,0.0,0.0,0.0,1.0,-2,-2,1.0,6628d9e0a9efe18f4d85ef86,attackers_domain,attackers_domain
1.0,0.0,0.0,0.0,0.0,1.0,-2,-2,1.0,6628d9e0a9efe18f4d85ef96,attackers_domain,attackers_domain
1.0,0.0,0.0,0.0,0.0,1.0,-2,-2,1.0,6628d9e1a9efe18f4d85f03a,attackers_domain,attackers_domain
1.0,1.0,1.0,1.0,0.0,1.0,115,55,0.0,6628d9e1a9efe18f4d85f053,shared_domain,shared_domain
1.0,1.0,1.0,1.0,0.0,1.0,115,55,0.0,6628d9e1a9efe18f4d85f057,shared_domain,shared_domain
1.0,1.0,1.0,1.0,0.0,1.0,115,55,0.0,6628d9e1a9efe18f4d85f059,shared_domain,shared_domain
1.0,1.0,1.0,1.0,0.0,1.0,115,55,0.0,6628d9e1a9efe18f4d85f05b,shared_domain,shared_domain
1.0,1.0,1.0,1.0,0.0,1.0,115,55,0.0,6628d9e1a9efe18f4d85f05d,shared_domain,shared_domain
1.0,1.0,1.0,1.0,0.0,1.0,115,55,0.0,6628d9e1a9efe18f4d85f065,shared_domain,shared_domain
1.0,1.0,1.0,1.0,0.0,1.0,115,55,0.0,6628d9e2a9efe18f4d85f080,shared_domain,shared_domain
1.0,1.0,1.0,1.0,0.0,1.0,115,55,0.0,6628d9e2a9efe18f4d85f082,shared_domain,shared_domain
0.0,0.0,0.0,0.0,0.0,1.0,-2,-2,1.0,6628d9e2a9efe18f4d85f089,attackers_domain,attackers_domain
0.0,0.0,0.0,0.0,0.0,1.0,-2,-2,1.0,6628d9e2a9efe18f4d85f099,attackers_domain,attackers_domain
1.0,0.0,0.0,1.0,1.0,0.0,88,153,1.0,6628d9e2a9efe18f4d85f0a1,attackers_domain,attackers_domain
0.0,0.0,0.0,0.0,0.0,1.0,-2,-2,1.0,6628d9e2a9efe18f4d85f0a8,attackers_domain,attackers_domain
0.0,0.0,0.0,1.0,0.0,1.0,-1,20,1.0,6628d9e2a9efe18f4d85f0b0,attackers_domain,attackers_domain
0.0,0.0,0.0,1.0,0.0,1.0,-1,58,1.0,6628d9e2a9efe18f4d85f0b2,attackers_domain,attackers_domain
0.0,0.0,0.0,1.0,0.0,1.0,-2,-2,1.0,6628d9e2a9efe18f4d85f0b9,attackers_domain,attackers_domain
1.0,0.0,0.0,0.0,1.0,0.0,-2,-2,1.0,6628d9e2a9efe18f4d85f0ce,attackers_domain,attackers_domain
0.0,0.0,0.0,0.0,0.0,1.0,-2,-2,1.0,6628d9e2a9efe18f4d85f0cf,attackers_domain,attackers_domain
0.0,0.0,0.0,0.0,0.0,1.0,-2,-2,1.0,6628d9e2a9efe18f4d85f0d0,attackers_domain,attackers_domain
1.0,1.0,1.0,1.0,0.0,1.0,49,74,0.0,6628d9e2a9efe18f4d85f0d7,shared_domain,shared_domain
1.0,0.0,0.0,1.0,0.0,0.0,0,26,0.0,6628d9e2a9efe18f4d85f0e1,compromised_domain,compromised_domain
1.0,0.0,0.0,0.0,0.0,1.0,-2,-2,1.0,6628d9e3a9efe18f4d85f0f0,attackers_domain,attackers_domain
1.0,1.0,1.0,1.0,0.0,1.0,652,37,0.0,6628d9e3a9efe18f4d85f0f1,shared_domain,shared_domain
1.0,1.0,1.0,1.0,0.0,1.0,115,48,0.0,6628dfc6a9efe18f4d85f112,shared_domain,shared_domain
1.0,1.0,0.0,1.0,0.0,0.0,4432,465,0.0,6628dfc6a9efe18f4d85f119,shared_domain,shared_domain
1.0,1.0,0.0,1.0,0.0,1.0,2435,13,0.0,6628e7fda9efe18f4d85f14d,shared_domain,shared_domain
1.0,1.0,1.0,1.0,0.0,1.0,115,296,0.0,6628e7fda9efe18f4d85f153,shared_domain,shared_domain
1.0,1.0,1.0,1.0,0.0,1.0,115,296,0.0,6628e7fda9efe18f4d85f155,shared_domain,shared_domain
1.0,1.0,1.0,1.0,0.0,1.0,115,128,0.0,6628e7fea9efe18f4d85f15c,shared_domain,shared_domain
1.0,0.0,0.0,0.0,0.0,1.0,-2,-2,1.0,6628e7fea9efe18f4d85f160,attackers_domain,attackers_domain
0.0,0.0,0.0,0.0,0.0,1.0,-2,-2,1.0,6628e7fea9efe18f4d85f163,attackers_domain,attackers_domain
0.0,0.0,0.0,0.0,0.0,1.0,-2,-2,1.0,6628e7fea9efe18f4d85f165,attackers_domain,attackers_domain
1.0,1.0,0.0,1.0,0.0,0.0,299,63,0.0,6628e7fea9efe18f4d85f17a,shared_domain,shared_domain
1.0,1.0,1.0,1.0,0.0,1.0,115,68,0.0,6628e7fea9efe18f4d85f183,shared_domain,shared_domain
1.0,1.0,1.0,1.0,0.0,1.0,115,46,0.0,6628e7fea9efe18f4d85f18c,shared_domain,shared_domain
1.0,1.0,1.0,1.0,0.0,1.0,115,46,0.0,6628e7fea9efe18f4d85f190,shared_domain,shared_domain
1.0,1.0,1.0,1.0,0.0,1.0,115,46,0.0,6628e7fea9efe18f4d85f192,shared_domain,shared_domain
1.0,1.0,0.0,1.0,0.0,1.0,2435,123,0.0,6628e7fea9efe18f4d85f198,shared_domain,shared_domain
1.0,1.0,0.0,1.0,0.0,1.0,180,132,0.0,6628e7fea9efe18f4d85f19e,shared_domain,shared_domain
0.0,1.0,0.0,1.0,0.0,1.0,336,66,0.0,6628e7fea9efe18f4d85f1a3,shared_domain,shared_domain
1.0,1.0,0.0,1.0,0.0,0.0,299,91,0.0,6628e7fea9efe18f4d85f1a6,shared_domain,shared_domain
1.0,1.0,1.0,1.0,0.0,1.0,115,88,0.0,6628e7fea9efe18f4d85f1ae,shared_domain,shared_domain
1.0,1.0,1.0,1.0,0.0,1.0,115,88,0.0,6628e7fea9efe18f4d85f1b0,shared_domain,shared_domain
0.0,1.0,0.0,1.0,0.0,1.0,336,53,0.0,6628e7fea9efe18f4d85f1b5,shared_domain,shared_domain
0.0,1.0,0.0,1.0,0.0,1.0,336,66,0.0,6628e7fea9efe18f4d85f1bc,shared_domain,shared_domain
0.0,1.0,0.0,1.0,0.0,1.0,42,32,0.0,6628e7fea9efe18f4d85f1c5,shared_domain,shared_domain
0.0,1.0,0.0,1.0,0.0,1.0,42,431,0.0,6628e7fea9efe18f4d85f1d3,shared_domain,shared_domain
1.0,1.0,0.0,1.0,0.0,1.0,49,71,0.0,6628e7fea9efe18f4d85f1e3,shared_domain,shared_domain
1.0,1.0,0.0,1.0,0.0,1.0,2435,463,0.0,6628e7fea9efe18f4d85f1e4,shared_domain,shared_domain
1.0,1.0,1.0,1.0,0.0,1.0,115,52,0.0,6628e7fea9efe18f4d85f1e5,shared_domain,shared_domain
1.0,1.0,0.0,1.0,0.0,0.0,0,559,0.0,6628e7fea9efe18f4d85f1f3,attackers_domain,compromised_domain
1.0,1.0,0.0,1.0,0.0,1.0,1073,66,0.0,6628e7ffa9efe18f4d85f1fe,shared_domain,shared_domain
1.0,1.0,1.0,1.0,0.0,1.0,115,520,0.0,6628f51ba9efe18f4d85f241,shared_domain,shared_domain
1.0,1.0,0.0,1.0,0.0,0.0,211,666,0.0,6628f522a9efe18f4d85f258,shared_domain,shared_domain
1.0,1.0,0.0,1.0,0.0,1.0,1995,141,0.0,6628f524a9efe18f4d85f25c,shared_domain,shared_domain
1.0,1.0,0.0,1.0,0.0,0.0,-2,-2,1.0,6628f528a9efe18f4d85f26a,attackers_domain,compromised_domain
1.0,1.0,0.0,1.0,0.0,1.0,531,208,0.0,6628f533a9efe18f4d85f285,shared_domain,shared_domain
1.0,1.0,1.0,1.0,0.0,1.0,115,76,0.0,6628f53da9efe18f4d85f29a,shared_domain,shared_domain
0.0,1.0,1.0,1.0,0.0,1.0,378,151,0.0,6628f546a9efe18f4d85f2b1,shared_domain,shared_domain
1.0,1.0,0.0,1.0,0.0,0.0,4432,465,0.0,6628f547a9efe18f4d85f2b3,shared_domain,shared_domain
1.0,1.0,0.0,1.0,0.0,0.0,128,306,0.0,6628f54ea9efe18f4d85f2c5,compromised_domain,compromised_domain
0.0,1.0,0.0,1.0,0.0,1.0,1368,49,0.0,6628f554a9efe18f4d85f2d7,shared_domain,shared_domain
1.0,1.0,0.0,1.0,0.0,1.0,1995,131,0.0,6628f557a9efe18f4d85f2de,shared_domain,shared_domain
1.0,0.0,0.0,0.0,0.0,0.0,-2,-2,1.0,6628f55ea9efe18f4d85f2ef,attackers_domain,attackers_domain
1.0,1.0,0.0,1.0,0.0,1.0,325,178,0.0,6628f560a9efe18f4d85f2f7,shared_domain,shared_domain
1.0,1.0,0.0,1.0,0.0,1.0,391,98,0.0,6628f571a9efe18f4d85f31a,shared_domain,shared_domain
1.0,1.0,1.0,1.0,0.0,1.0,652,249,0.0,6628f575a9efe18f4d85f322,shared_domain,shared_domain
1.0,1.0,1.0,1.0,0.0,1.0,115,60,0.0,6628f578a9efe18f4d85f329,shared_domain,shared_domain
1.0,1.0,1.0,1.0,0.0,1.0,652,422,0.0,6628f57ca9efe18f4d85f32f,shared_domain,shared_domain
1.0,0.0,0.0,1.0,0.0,0.0,-2,-2,1.0,6628f57ea9efe18f4d85f335,attackers_domain,attackers_domain
1.0,0.0,0.0,0.0,0.0,0.0,-2,-2,1.0,6628f581a9efe18f4d85f33e,attackers_domain,attackers_domain
1.0,0.0,0.0,0.0,0.0,0.0,-2,-2,1.0,6628f582a9efe18f4d85f344,attackers_domain,attackers_domain
0.0,1.0,0.0,1.0,0.0,1.0,304,134,0.0,6628f590a9efe18f4d85f362,shared_domain,shared_domain
0.0,1.0,0.0,1.0,0.0,1.0,42,126,0.0,6628f59ca9efe18f4d85f37c,shared_domain,shared_domain
1.0,1.0,1.0,1.0,0.0,1.0,115,115,0.0,6628f59da9efe18f4d85f37d,shared_domain,shared_domain
1.0,1.0,1.0,1.0,0.0,1.0,115,75,0.0,6628f59ea9efe18f4d85f37f,shared_domain,shared_domain
0.0,1.0,0.0,1.0,0.0,1.0,555,23,0.0,6628f5a0a9efe18f4d85f381,shared_domain,shared_domain
1.0,1.0,1.0,1.0,0.0,1.0,115,48,0.0,6628f5e5a9efe18f4d85f399,shared_domain,shared_domain
1.0,1.0,1.0,1.0,0.0,1.0,115,510,0.0,6628f631a9efe18f4d85f3ac,shared_domain,shared_domain
1.0,1.0,1.0,1.0,0.0,1.0,370,633,0.0,6628f631a9efe18f4d85f3b1,shared_domain,shared_domain
0.0,1.0,0.0,1.0,0.0,1.0,336,66,0.0,6628f632a9efe18f4d85f3b4,shared_domain,shared_domain
1.0,1.0,1.0,1.0,0.0,1.0,115,48,0.0,6628fd50a9efe18f4d85f406,shared_domain,shared_domain
1.0,1.0,1.0,1.0,0.0,1.0,115,48,0.0,6628fd50a9efe18f4d85f411,shared_domain,shared_domain
1.0,1.0,1.0,1.0,0.0,1.0,115,48,0.0,6629055ba9efe18f4d85f42b,shared_domain,shared_domain
1.0,1.0,1.0,1.0,0.0,1.0,115,48,0.0,66290c8ba9efe18f4d85f43b,shared_domain,shared_domain
1.0,1.0,1.0,1.0,0.0,1.0,115,48,0.0,66290c8ba9efe18f4d85f43d,shared_domain,shared_domain
1.0,1.0,0.0,1.0,0.0,0.0,4432,466,0.0,6629128ba9efe18f4d85f44e,shared_domain,shared_domain
1.0,1.0,0.0,1.0,0.0,0.0,4432,457,0.0,6629128ba9efe18f4d85f44f,shared_domain,shared_domain
1.0,1.0,0.0,1.0,0.0,0.0,4432,465,0.0,6629128ba9efe18f4d85f451,shared_domain,shared_domain
1.0,1.0,1.0,1.0,0.0,1.0,225,446,0.0,662913d9a9efe18f4d85f46b,shared_domain,shared_domain
1.0,0.0,0.0,0.0,0.0,0.0,-2,-2,1.0,662913daa9efe18f4d85f47f,attackers_domain,attackers_domain
1.0,0.0,0.0,0.0,0.0,0.0,-2,-2,1.0,662913daa9efe18f4d85f483,attackers_domain,attackers_domain
1.0,0.0,0.0,0.0,0.0,0.0,-2,-2,1.0,662913daa9efe18f4d85f484,attackers_domain,attackers_domain
0.0,1.0,0.0,1.0,0.0,1.0,304,88,0.0,66291b0ba9efe18f4d85f48e,shared_domain,shared_domain
1.0,1.0,1.0,1.0,0.0,1.0,115,44,0.0,66291b0ba9efe18f4d85f495,shared_domain,shared_domain
1.0,1.0,1.0,1.0,0.0,1.0,-1,204,0.0,66291ec9a9efe18f4d85f4b0,shared_domain,shared_domain
0.0,1.0,0.0,1.0,0.0,1.0,304,95,0.0,66291ec9a9efe18f4d85f4ba,shared_domain,shared_domain
1.0,1.0,0.0,1.0,0.0,1.0,17,202,0.0,662920bca9efe18f4d85f4ce,shared_domain,compromised_domain
1.0,1.0,1.0,1.0,0.0,1.0,-1,203,0.0,662920bca9efe18f4d85f4cf,shared_domain,shared_domain
1.0,1.0,0.0,1.0,0.0,0.0,4432,434,0.0,662920bca9efe18f4d85f4dc,shared_domain,shared_domain
1.0,1.0,1.0,1.0,0.0,1.0,-1,204,0.0,66292d33a9efe18f4d85f4ff,shared_domain,shared_domain
1.0,1.0,1.0,1.0,0.0,1.0,225,88,0.0,66292d33a9efe18f4d85f503,shared_domain,shared_domain
1.0,1.0,0.0,1.0,0.0,0.0,10,453,0.0,66292d34a9efe18f4d85f50d,compromised_domain,compromised_domain
1.0,1.0,1.0,1.0,0.0,1.0,-1,204,0.0,66292d34a9efe18f4d85f50f,shared_domain,shared_domain
1.0,1.0,0.0,1.0,0.0,0.0,4432,453,0.0,66292eeaa9efe18f4d85f512,shared_domain,shared_domain
1.0,1.0,0.0,1.0,0.0,1.0,-1,1250,0.0,66292eeaa9efe18f4d85f515,shared_domain,shared_domain
0.0,1.0,0.0,1.0,0.0,1.0,43,105,0.0,66292eeaa9efe18f4d85f516,shared_domain,shared_domain
1.0,1.0,1.0,1.0,0.0,1.0,-1,203,0.0,662930bca9efe18f4d85f52c,shared_domain,shared_domain
1.0,1.0,1.0,1.0,0.0,1.0,-1,74,0.0,66293458a9efe18f4d85f535,shared_domain,shared_domain
1.0,1.0,1.0,1.0,0.0,1.0,-1,203,0.0,66293458a9efe18f4d85f536,shared_domain,shared_domain
1.0,1.0,1.0,1.0,0.0,1.0,-1,205,0.0,66293d09a9efe18f4d85f541,shared_domain,shared_domain
0.0,1.0,1.0,1.0,0.0,1.0,378,160,0.0,66293d09a9efe18f4d85f552,shared_domain,shared_domain
0.0,1.0,1.0,1.0,0.0,1.0,72,96,0.0,66293f14a9efe18f4d85f55a,shared_domain,shared_domain
0.0,1.0,0.0,1.0,0.0,1.0,64,214,0.0,662942afa9efe18f4d85f55d,shared_domain,shared_domain
0.0,1.0,1.0,1.0,0.0,1.0,4,196,0.0,662942afa9efe18f4d85f55e,shared_domain,shared_domain
0.0,1.0,0.0,1.0,0.0,1.0,42,14,0.0,662949fca9efe18f4d85f577,shared_domain,shared_domain
1.0,1.0,0.0,1.0,0.0,0.0,4432,455,0.0,66294b37a9efe18f4d85f591,shared_domain,shared_domain
1.0,1.0,1.0,1.0,0.0,1.0,-1,205,0.0,66294b37a9efe18f4d85f59c,shared_domain,shared_domain
1.0,1.0,0.0,1.0,0.0,1.0,1073,179,0.0,66295152a9efe18f4d85f59d,shared_domain,compromised_domain
1.0,0.0,0.0,1.0,1.0,0.0,-2,-2,1.0,662954eba9efe18f4d85f5ac,attackers_domain,attackers_domain
1.0,0.0,0.0,1.0,1.0,0.0,-2,-2,1.0,662954eba9efe18f4d85f5ae,attackers_domain,attackers_domain
1.0,0.0,0.0,1.0,1.0,0.0,-2,-2,1.0,662954eba9efe18f4d85f5b4,attackers_domain,attackers_domain
1.0,0.0,0.0,1.0,1.0,0.0,-2,-2,1.0,662954eba9efe18f4d85f5b9,attackers_domain,attackers_domain
1.0,0.0,0.0,1.0,1.0,0.0,-2,-2,1.0,662954eba9efe18f4d85f5ba,attackers_domain,attackers_domain
1.0,0.0,0.0,1.0,1.0,0.0,-2,-2,1.0,662954eba9efe18f4d85f5bb,attackers_domain,attackers_domain
1.0,0.0,0.0,1.0,1.0,0.0,-2,-2,1.0,662954eba9efe18f4d85f5c4,attackers_domain,attackers_domain
0.0,1.0,0.0,1.0,0.0,1.0,304,236,0.0,66295982a9efe18f4d85f5df,shared_domain,shared_domain
0.0,1.0,1.0,1.0,0.0,1.0,72,96,0.0,66295982a9efe18f4d85f5e6,shared_domain,shared_domain
0.0,1.0,1.0,1.0,0.0,1.0,77,155,0.0,66295982a9efe18f4d85f5ed,shared_domain,shared_domain
0.0,1.0,0.0,1.0,0.0,1.0,430,193,0.0,66295982a9efe18f4d85f5ef,shared_domain,shared_domain
0.0,1.0,0.0,1.0,0.0,1.0,430,236,0.0,66295982a9efe18f4d85f5f1,shared_domain,shared_domain
1.0,1.0,0.0,1.0,0.0,0.0,43,20,0.0,66295982a9efe18f4d85f5f2,shared_domain,shared_domain
0.0,1.0,0.0,1.0,0.0,1.0,43,54,0.0,66295982a9efe18f4d85f5f7,shared_domain,shared_domain
1.0,1.0,1.0,1.0,0.0,1.0,-1,204,0.0,66295982a9efe18f4d85f5fc,shared_domain,shared_domain
0.0,1.0,0.0,1.0,0.0,1.0,304,92,0.0,66295982a9efe18f4d85f5ff,shared_domain,shared_domain
0.0,1.0,0.0,1.0,0.0,1.0,304,222,0.0,66295982a9efe18f4d85f606,shared_domain,shared_domain
0.0,1.0,0.0,1.0,0.0,1.0,304,86,0.0,66295982a9efe18f4d85f617,shared_domain,shared_domain
0.0,1.0,0.0,1.0,0.0,1.0,304,98,0.0,66295983a9efe18f4d85f624,shared_domain,shared_domain
0.0,1.0,0.0,1.0,0.0,1.0,304,87,0.0,66295983a9efe18f4d85f626,shared_domain,shared_domain
1.0,1.0,1.0,1.0,0.0,0.0,0,852,0.0,66295fdaa9efe18f4d85f64e,shared_domain,shared_domain
1.0,1.0,1.0,1.0,0.0,1.0,115,48,0.0,66295fdaa9efe18f4d85f656,shared_domain,shared_domain
0.0,1.0,0.0,1.0,0.0,1.0,12,40,0.0,66296713a9efe18f4d85f682,shared_domain,shared_domain
1.0,1.0,0.0,1.0,0.0,0.0,4432,466,0.0,6629679ba9efe18f4d85f68e,shared_domain,shared_domain
1.0,1.0,0.0,1.0,0.0,1.0,2435,35,0.0,6629679ba9efe18f4d85f6ad,shared_domain,shared_domain
1.0,1.0,1.0,1.0,0.0,1.0,115,66,0.0,6629679ba9efe18f4d85f6af,shared_domain,shared_domain
0.0,1.0,0.0,1.0,0.0,1.0,430,227,0.0,6629679ba9efe18f4d85f6b3,shared_domain,shared_domain
0.0,1.0,0.0,1.0,0.0,1.0,4,91,0.0,66296a9aa9efe18f4d85f6b6,shared_domain,shared_domain
0.0,1.0,1.0,1.0,0.0,1.0,378,157,0.0,662975baa9efe18f4d85f6ff,shared_domain,shared_domain
1.0,1.0,0.0,1.0,0.0,1.0,12,16,0.0,662975baa9efe18f4d85f708,shared_domain,shared_domain
0.0,1.0,0.0,1.0,0.0,1.0,336,67,0.0,662978fba9efe18f4d85f719,shared_domain,shared_domain
1.0,1.0,0.0,1.0,0.0,1.0,739,49,0.0,66298032a9efe18f4d85f72d,compromised_domain,shared_domain
1.0,1.0,1.0,1.0,0.0,1.0,652,90,0.0,662983cca9efe18f4d85f744,shared_domain,shared_domain
0.0,1.0,0.0,1.0,0.0,1.0,12,15,0.0,662983cea9efe18f4d85f752,shared_domain,shared_domain
1.0,1.0,0.0,1.0,0.0,0.0,4432,435,0.0,662983cea9efe18f4d85f755,shared_domain,shared_domain
0.0,1.0,0.0,1.0,0.0,1.0,12,13,0.0,662983cea9efe18f4d85f75b,shared_domain,shared_domain
0.0,1.0,0.0,1.0,0.0,1.0,12,7,0.0,662983cea9efe18f4d85f75d,shared_domain,shared_domain
0.0,1.0,0.0,1.0,0.0,1.0,12,7,0.0,662983cea9efe18f4d85f75f,shared_domain,shared_domain
1.0,1.0,0.0,1.0,0.0,1.0,1644,529,0.0,662983cea9efe18f4d85f763,shared_domain,shared_domain
1.0,1.0,1.0,1.0,0.0,1.0,660,452,0.0,662983cea9efe18f4d85f76d,shared_domain,shared_domain
1.0,1.0,0.0,1.0,0.0,0.0,155,87,0.0,662983cea9efe18f4d85f777,shared_domain,shared_domain
1.0,0.0,0.0,0.0,0.0,0.0,-2,-2,1.0,66298b46a9efe18f4d85f85b,attackers_domain,attackers_domain
1.0,1.0,1.0,1.0,0.0,1.0,-1,205,0.0,66298edda9efe18f4d85f867,shared_domain,shared_domain
0.0,1.0,0.0,1.0,0.0,1.0,211,17,0.0,662991fda9efe18f4d85f86d,shared_domain,shared_domain
0.0,1.0,0.0,1.0,0.0,1.0,211,21,0.0,662991fda9efe18f4d85f86f,shared_domain,shared_domain
0.0,1.0,0.0,1.0,0.0,1.0,12,1960,0.0,662991fda9efe18f4d85f87a,shared_domain,shared_domain
0.0,1.0,0.0,1.0,0.0,1.0,12,8,0.0,662991fea9efe18f4d85f880,shared_domain,shared_domain
0.0,1.0,0.0,1.0,0.0,1.0,12,31,0.0,662991fea9efe18f4d85f888,shared_domain,shared_domain
0.0,1.0,0.0,1.0,0.0,1.0,12,422,0.0,662991fea9efe18f4d85f898,shared_domain,shared_domain
1.0,1.0,1.0,1.0,0.0,1.0,49,102,0.0,662991fea9efe18f4d85f8a4,shared_domain,shared_domain
1.0,1.0,1.0,1.0,0.0,1.0,49,102,0.0,662991fea9efe18f4d85f8a5,shared_domain,shared_domain
0.0,1.0,0.0,1.0,0.0,1.0,12,13,0.0,662991fea9efe18f4d85f8a6,shared_domain,shared_domain
0.0,1.0,0.0,1.0,0.0,1.0,211,17,0.0,662991fea9efe18f4d85f8a8,shared_domain,shared_domain
0.0,1.0,0.0,1.0,0.0,1.0,12,149,0.0,662991fea9efe18f4d85f8a9,shared_domain,shared_domain
0.0,1.0,0.0,1.0,0.0,1.0,211,155,0.0,662991fea9efe18f4d85f8ab,shared_domain,shared_domain
0.0,1.0,0.0,1.0,0.0,1.0,12,51,0.0,662991fea9efe18f4d85f8b3,shared_domain,shared_domain
1.0,1.0,1.0,1.0,0.0,1.0,115,525,0.0,66299310a9efe18f4d85f8be,shared_domain,shared_domain
1.0,1.0,0.0,1.0,0.0,0.0,0,559,0.0,66299310a9efe18f4d85f8bf,attackers_domain,compromised_domain
1.0,1.0,1.0,1.0,0.0,1.0,115,520,0.0,66299310a9efe18f4d85f8c0,shared_domain,shared_domain
1.0,1.0,1.0,1.0,0.0,1.0,115,39,0.0,66299310a9efe18f4d85f8c1,shared_domain,shared_domain
1.0,0.0,0.0,1.0,0.0,0.0,-1,7,1.0,66299ddda9efe18f4d85f8e9,attackers_domain,attackers_domain
1.0,0.0,0.0,0.0,0.0,0.0,-2,-2,1.0,66299df9a9efe18f4d85f92d,attackers_domain,attackers_domain
0.0,1.0,0.0,1.0,0.0,1.0,0,101,0.0,66299dfea9efe18f4d85f93b,shared_domain,shared_domain
0.0,0.0,0.0,0.0,0.0,1.0,-2,-2,1.0,66299dfea9efe18f4d85f93c,attackers_domain,attackers_domain
0.0,1.0,1.0,1.0,0.0,1.0,378,180,0.0,66299dfea9efe18f4d85f93d,shared_domain,shared_domain
1.0,1.0,1.0,1.0,0.0,1.0,225,184,0.0,66299e08a9efe18f4d85f95b,shared_domain,shared_domain
1.0,1.0,0.0,0.0,0.0,1.0,-2,-2,0.0,66299e0da9efe18f4d85f96a,shared_domain,shared_domain
1.0,1.0,1.0,1.0,0.0,1.0,115,525,0.0,66299e0ea9efe18f4d85f96c,shared_domain,shared_domain
0.0,1.0,0.0,1.0,0.0,1.0,211,21,0.0,66299e20a9efe18f4d85f992,shared_domain,shared_domain
1.0,0.0,0.0,1.0,0.0,1.0,0,198,0.0,66299e21a9efe18f4d85f993,attackers_domain,compromised_domain
0.0,1.0,0.0,1.0,0.0,1.0,211,13,0.0,66299e23a9efe18f4d85f99a,shared_domain,shared_domain
0.0,1.0,0.0,1.0,0.0,1.0,12,7,0.0,66299e23a9efe18f4d85f99c,shared_domain,shared_domain
0.0,1.0,0.0,1.0,0.0,1.0,12,7,0.0,66299e26a9efe18f4d85f9a6,shared_domain,shared_domain
1.0,1.0,1.0,1.0,0.0,1.0,652,254,0.0,66299e28a9efe18f4d85f9ac,shared_domain,shared_domain
1.0,1.0,1.0,1.0,0.0,1.0,652,30,0.0,66299e2aa9efe18f4d85f9b1,shared_domain,shared_domain
1.0,1.0,1.0,1.0,0.0,1.0,115,525,0.0,66299e38a9efe18f4d85f9df,shared_domain,shared_domain
1.0,1.0,1.0,1.0,0.0,1.0,225,78,0.0,66299e3ca9efe18f4d85f9e5,shared_domain,shared_domain
0.0,1.0,0.0,1.0,0.0,1.0,82,110,0.0,66299e41a9efe18f4d85f9f4,shared_domain,shared_domain
1.0,1.0,1.0,1.0,0.0,1.0,225,184,0.0,66299e4ba9efe18f4d85fa0d,shared_domain,shared_domain
1.0,1.0,1.0,1.0,0.0,1.0,49,178,0.0,66299e4ea9efe18f4d85fa16,shared_domain,shared_domain
1.0,1.0,1.0,1.0,0.0,1.0,115,425,0.0,66299e4fa9efe18f4d85fa1a,shared_domain,shared_domain
1.0,0.0,0.0,1.0,1.0,0.0,-2,-2,1.0,66299e52a9efe18f4d85fa20,attackers_domain,attackers_domain
1.0,1.0,1.0,1.0,0.0,1.0,225,226,0.0,66299e52a9efe18f4d85fa21,shared_domain,shared_domain
0.0,1.0,0.0,1.0,0.0,1.0,304,222,0.0,66299e55a9efe18f4d85fa27,shared_domain,shared_domain
1.0,1.0,1.0,1.0,0.0,1.0,115,133,0.0,66299e58a9efe18f4d85fa30,shared_domain,shared_domain
0.0,1.0,1.0,1.0,0.0,1.0,378,150,0.0,66299e5da9efe18f4d85fa3e,shared_domain,shared_domain
1.0,0.0,0.0,0.0,1.0,0.0,-2,-2,1.0,66299e5da9efe18f4d85fa3f,attackers_domain,attackers_domain
0.0,1.0,0.0,1.0,0.0,1.0,430,225,0.0,66299e64a9efe18f4d85fa54,shared_domain,shared_domain
0.0,1.0,1.0,1.0,0.0,1.0,4,196,0.0,66299e66a9efe18f4d85fa5c,shared_domain,shared_domain
0.0,1.0,1.0,1.0,0.0,1.0,77,149,0.0,66299e67a9efe18f4d85fa5f,shared_domain,shared_domain
0.0,1.0,0.0,1.0,0.0,1.0,430,193,0.0,66299e67a9efe18f4d85fa60,shared_domain,shared_domain
1.0,1.0,0.0,1.0,0.0,0.0,43,173,0.0,66299e68a9efe18f4d85fa63,shared_domain,compromised_domain
0.0,1.0,1.0,1.0,0.0,1.0,378,162,0.0,66299e69a9efe18f4d85fa66,shared_domain,shared_domain
0.0,1.0,0.0,1.0,0.0,1.0,304,222,0.0,66299e70a9efe18f4d85fa7a,shared_domain,shared_domain
1.0,1.0,0.0,1.0,0.0,0.0,39,10,0.0,66299e74a9efe18f4d85fa87,shared_domain,shared_domain
1.0,1.0,1.0,1.0,0.0,1.0,115,525,0.0,6629a512a9efe18f4d85fa9a,shared_domain,shared_domain
0.0,1.0,1.0,1.0,0.0,1.0,378,190,0.0,6629a512a9efe18f4d85faa0,shared_domain,shared_domain
1.0,1.0,1.0,1.0,0.0,1.0,49,554,0.0,6629ac48a9efe18f4d85faa6,shared_domain,shared_domain
1.0,1.0,1.0,1.0,0.0,1.0,49,554,0.0,6629ac49a9efe18f4d85faac,shared_domain,shared_domain
1.0,1.0,1.0,1.0,0.0,1.0,-1,204,0.0,6629ac49a9efe18f4d85fab1,shared_domain,shared_domain
0.0,1.0,1.0,1.0,0.0,1.0,72,96,0.0,6629b36aa9efe18f4d85fab7,shared_domain,shared_domain
1.0,1.0,1.0,1.0,0.0,1.0,-1,204,0.0,6629b36aa9efe18f4d85fab8,shared_domain,shared_domain
1.0,1.0,0.0,1.0,0.0,1.0,-2,-2,1.0,6629b728a9efe18f4d85facb,attackers_domain,attackers_domain
1.0,0.0,0.0,1.0,1.0,0.0,-2,-2,1.0,6629be47a9efe18f4d85fae3,attackers_domain,attackers_domain
1.0,1.0,0.0,1.0,1.0,0.0,-2,-2,1.0,6629be47a9efe18f4d85fae9,attackers_domain,attackers_domain
0.0,1.0,1.0,1.0,0.0,1.0,54,335,0.0,6629be47a9efe18f4d85faeb,shared_domain,shared_domain
1.0,1.0,0.0,1.0,1.0,0.0,-2,-2,1.0,6629be47a9efe18f4d85faec,attackers_domain,attackers_domain
0.0,1.0,1.0,1.0,0.0,1.0,378,180,0.0,6629c1e3a9efe18f4d85faf5,shared_domain,shared_domain
1.0,0.0,0.0,0.0,0.0,1.0,-2,-2,1.0,6629c1e3a9efe18f4d85faff,attackers_domain,attackers_domain
0.0,1.0,1.0,1.0,0.0,1.0,378,141,0.0,6629c1e3a9efe18f4d85fb02,shared_domain,shared_domain
0.0,1.0,1.0,1.0,0.0,1.0,378,141,0.0,6629c1e3a9efe18f4d85fb04,shared_domain,shared_domain
1.0,1.0,1.0,1.0,0.0,1.0,115,48,0.0,6629c1e3a9efe18f4d85fb05,shared_domain,shared_domain
1.0,0.0,0.0,0.0,0.0,1.0,-2,-2,1.0,6629c91ca9efe18f4d85fb27,attackers_domain,attackers_domain
1.0,0.0,0.0,0.0,0.0,1.0,-2,-2,1.0,6629c91ca9efe18f4d85fb28,attackers_domain,attackers_domain
1.0,0.0,0.0,0.0,0.0,1.0,-2,-2,1.0,6629c91ca9efe18f4d85fb2d,attackers_domain,attackers_domain
0.0,1.0,0.0,1.0,0.0,1.0,0,126,0.0,6629d77da9efe18f4d85fb58,shared_domain,shared_domain
1.0,1.0,1.0,1.0,0.0,1.0,115,48,0.0,6629d77da9efe18f4d85fb5b,shared_domain,shared_domain
0.0,1.0,0.0,1.0,0.0,1.0,12,40,0.0,6629e98ca9efe18f4d85fbe4,shared_domain,shared_domain
0.0,1.0,0.0,1.0,0.0,1.0,12,7,0.0,6629ed26a9efe18f4d85fbf4,shared_domain,shared_domain
0.0,1.0,0.0,1.0,0.0,1.0,12,7,0.0,6629ed26a9efe18f4d85fbf7,shared_domain,shared_domain
0.0,1.0,1.0,1.0,0.0,1.0,378,180,0.0,6629f461a9efe18f4d85fc0f,shared_domain,shared_domain
0.0,1.0,0.0,1.0,0.0,1.0,42,44,0.0,6629f523a9efe18f4d85fc19,shared_domain,shared_domain
1.0,1.0,0.0,1.0,0.0,0.0,4432,454,0.0,662a064fa9efe18f4d85fc5f,shared_domain,shared_domain
1.0,0.0,0.0,1.0,1.0,0.0,-2,-2,1.0,662a14bda9efe18f4d85fc9e,attackers_domain,attackers_domain
1.0,1.0,0.0,1.0,0.0,0.0,4432,491,0.0,662a2342a9efe18f4d85fcdd,shared_domain,shared_domain
0.0,1.0,0.0,1.0,0.0,1.0,211,19,0.0,662a2342a9efe18f4d85fcde,shared_domain,shared_domain
1.0,1.0,1.0,1.0,0.0,1.0,49,61,0.0,662a39b1a9efe18f4d85fd36,shared_domain,shared_domain
1.0,1.0,0.0,1.0,0.0,0.0,4432,491,0.0,662a3c1ca9efe18f4d85fd5b,shared_domain,shared_domain
1.0,0.0,0.0,1.0,0.0,0.0,-1,370,1.0,662a45e5a9efe18f4d85fdd8,attackers_domain,attackers_domain
1.0,1.0,0.0,1.0,0.0,0.0,21,6,0.0,662a4623a9efe18f4d85fe52,shared_domain,shared_domain
1.0,1.0,0.0,1.0,0.0,1.0,1995,141,0.0,662a4629a9efe18f4d85fe5f,shared_domain,shared_domain
0.0,0.0,0.0,1.0,0.0,1.0,-1,87,1.0,662a4643a9efe18f4d85fe8d,attackers_domain,attackers_domain
1.0,0.0,0.0,0.0,0.0,0.0,-2,-2,1.0,662a4644a9efe18f4d85fe90,attackers_domain,attackers_domain
1.0,0.0,0.0,0.0,0.0,0.0,-2,-2,1.0,662a4646a9efe18f4d85fe95,attackers_domain,attackers_domain
1.0,1.0,1.0,1.0,0.0,1.0,-1,82,0.0,662a480ca9efe18f4d85feca,shared_domain,shared_domain
1.0,1.0,0.0,1.0,0.0,0.0,155,87,0.0,662a5d97a9efe18f4d85ff44,shared_domain,shared_domain
1.0,1.0,1.0,1.0,0.0,1.0,49,554,0.0,662a5d97a9efe18f4d85ff4f,shared_domain,shared_domain
0.0,1.0,0.0,1.0,0.0,1.0,42,57,0.0,662a5d97a9efe18f4d85ff52,shared_domain,shared_domain
0.0,1.0,0.0,1.0,0.0,1.0,430,254,0.0,662a64d2a9efe18f4d85ff6c,shared_domain,shared_domain
1.0,1.0,1.0,1.0,0.0,1.0,-1,204,0.0,662a82e7a9efe18f4d85ffdd,shared_domain,shared_domain
0.0,1.0,1.0,1.0,0.0,1.0,378,151,0.0,662a82e7a9efe18f4d85ffdf,shared_domain,shared_domain
1.0,1.0,1.0,1.0,0.0,1.0,-1,203,0.0,662a852ca9efe18f4d85ffe4,shared_domain,shared_domain
1.0,1.0,0.0,1.0,0.0,1.0,-1,1227,0.0,662a9375a9efe18f4d86001c,shared_domain,shared_domain
0.0,1.0,0.0,1.0,0.0,1.0,77,20,0.0,662a9e3fa9efe18f4d860043,shared_domain,shared_domain
1.0,1.0,0.0,1.0,0.0,0.0,260,63,0.0,662a9f3ea9efe18f4d860056,shared_domain,shared_domain
1.0,1.0,0.0,1.0,0.0,1.0,376,2693,0.0,662a464da9efe18f4d85fea1,compromised_domain,shared_domain
1.0,1.0,0.0,1.0,0.0,1.0,13,89,0.0,66293d09a9efe18f4d85f54e,compromised_domain,compromised_domain
0.0,1.0,0.0,1.0,0.0,1.0,0,37,0.0,6628e7fea9efe18f4d85f1e7,compromised_domain,compromised_domain
1.0,1.0,0.0,1.0,0.0,0.0,128,314,0.0,6628e7fea9efe18f4d85f1a0,compromised_domain,compromised_domain
1.0,0.0,0.0,1.0,0.0,0.0,-1,162,0.0,6627fa9ea9efe18f4d85e65b,compromised_domain,compromised_domain
0.0,1.0,0.0,1.0,0.0,1.0,0,8,0.0,6626fa98a9efe18f4d85ddf5,compromised_domain,compromised_domain
1.0,1.0,0.0,1.0,0.0,0.0,58,1,0.0,6626fa95a9efe18f4d85dded,compromised_domain,compromised_domain
0.0,1.0,0.0,1.0,0.0,1.0,0,8,0.0,6626a085a9efe18f4d85dabc,compromised_domain,compromised_domain
1.0,1.0,0.0,1.0,0.0,0.0,231,282,0.0,66267dd0a9efe18f4d85d604,compromised_domain,compromised_domain
1.0,1.0,0.0,1.0,0.0,0.0,1330,119,0.0,662609e9a9efe18f4d85cf68,compromised_domain,compromised_domain
1.0,1.0,0.0,1.0,0.0,0.0,1330,119,0.0,662609e9a9efe18f4d85cf67,compromised_domain,compromised_domain
1.0,1.0,0.0,1.0,0.0,0.0,1330,119,0.0,662609e9a9efe18f4d85cf65,compromised_domain,compromised_domain
1.0,1.0,0.0,1.0,0.0,0.0,1330,119,0.0,66257768a9efe18f4d85c936,compromised_domain,compromised_domain
1.0,1.0,0.0,1.0,0.0,0.0,63,313,0.0,66239a74a9efe18f4d85b356,compromised_domain,compromised_domain
0.0,0.0,0.0,0.0,0.0,1.0,-2,-2,1.0,66239a74a9efe18f4d85b32b,attackers_domain,attackers_domain
0.0,0.0,0.0,0.0,0.0,1.0,-2,-2,1.0,66239a74a9efe18f4d85b32c,attackers_domain,attackers_domain
1.0,0.0,0.0,1.0,1.0,0.0,-1,125,1.0,66239a74a9efe18f4d85b334,attackers_domain,attackers_domain
1.0,0.0,0.0,0.0,1.0,0.0,-2,-2,1.0,66239a74a9efe18f4d85b338,attackers_domain,attackers_domain
1.0,0.0,0.0,0.0,0.0,1.0,-2,-2,1.0,66239a74a9efe18f4d85b33c,attackers_domain,attackers_domain
1.0,0.0,0.0,1.0,0.0,1.0,-2,-2,1.0,66239a74a9efe18f4d85b342,attackers_domain,attackers_domain
0.0,0.0,0.0,1.0,0.0,1.0,-2,-2,1.0,66239a74a9efe18f4d85b346,attackers_domain,attackers_domain
0.0,0.0,0.0,0.0,0.0,1.0,-2,-2,1.0,66239a74a9efe18f4d85b348,attackers_domain,attackers_domain
0.0,0.0,0.0,0.0,0.0,1.0,-2,-2,0.0,66239a74a9efe18f4d85b349,attackers_domain,shared_domain
1.0,1.0,0.0,1.0,0.0,0.0,39,26,0.0,6623a094a9efe18f4d85b35f,shared_domain,shared_domain
1.0,1.0,0.0,1.0,0.0,1.0,1995,157,0.0,6623a094a9efe18f4d85b360,shared_domain,shared_domain
1.0,0.0,0.0,0.0,0.0,1.0,-2,-2,1.0,6623a094a9efe18f4d85b365,attackers_domain,attackers_domain
0.0,1.0,1.0,1.0,0.0,1.0,54,199,0.0,6623a901a9efe18f4d85b384,shared_domain,shared_domain
1.0,1.0,1.0,1.0,0.0,1.0,-1,203,0.0,6623ab83a9efe18f4d85b387,shared_domain,shared_domain
0.0,0.0,0.0,0.0,0.0,1.0,-2,-2,1.0,6623af2fa9efe18f4d85b3ab,attackers_domain,attackers_domain
1.0,1.0,0.0,0.0,0.0,1.0,-2,-2,0.0,6623af30a9efe18f4d85b3b6,shared_domain,shared_domain
1.0,1.0,1.0,1.0,0.0,1.0,49,554,0.0,6623b025a9efe18f4d85b3ce,shared_domain,shared_domain
1.0,1.0,1.0,1.0,0.0,1.0,115,41,0.0,6623b028a9efe18f4d85b3d8,shared_domain,shared_domain
1.0,0.0,0.0,0.0,0.0,1.0,-2,-2,1.0,6623b02da9efe18f4d85b3e4,attackers_domain,attackers_domain
0.0,1.0,1.0,1.0,0.0,1.0,72,85,0.0,6623b034a9efe18f4d85b3f3,shared_domain,shared_domain
0.0,1.0,1.0,1.0,0.0,1.0,72,109,0.0,6623b036a9efe18f4d85b3f8,shared_domain,shared_domain
0.0,1.0,1.0,1.0,0.0,1.0,378,119,0.0,6623b03fa9efe18f4d85b407,shared_domain,shared_domain
1.0,1.0,0.0,1.0,0.0,1.0,2435,127,0.0,6623b049a9efe18f4d85b422,shared_domain,shared_domain
1.0,0.0,0.0,1.0,0.0,1.0,-2,-2,0.0,6623b04da9efe18f4d85b42d,attackers_domain,compromised_domain
1.0,1.0,1.0,1.0,0.0,1.0,225,844,0.0,6623b053a9efe18f4d85b43d,shared_domain,shared_domain
0.0,1.0,1.0,1.0,0.0,1.0,4,203,0.0,6623b055a9efe18f4d85b445,shared_domain,shared_domain
1.0,0.0,0.0,1.0,1.0,0.0,-1,9,1.0,6623b058a9efe18f4d85b44e,attackers_domain,attackers_domain
1.0,1.0,1.0,1.0,0.0,1.0,115,49,0.0,6623b05aa9efe18f4d85b454,shared_domain,shared_domain
1.0,1.0,1.0,1.0,0.0,1.0,49,51,0.0,6623b05da9efe18f4d85b45d,shared_domain,shared_domain
1.0,0.0,0.0,0.0,0.0,1.0,-2,-2,1.0,6623b069a9efe18f4d85b486,attackers_domain,attackers_domain
0.0,0.0,0.0,0.0,0.0,1.0,-2,-2,1.0,6623b06ca9efe18f4d85b48f,attackers_domain,attackers_domain
0.0,0.0,0.0,0.0,0.0,1.0,-2,-2,1.0,6623b06da9efe18f4d85b490,attackers_domain,attackers_domain
1.0,1.0,1.0,1.0,0.0,0.0,0,175,0.0,6623b07ba9efe18f4d85b4bc,shared_domain,shared_domain
0.0,1.0,0.0,1.0,0.0,1.0,555,14,0.0,6623b07da9efe18f4d85b4c3,shared_domain,shared_domain
0.0,1.0,0.0,1.0,0.0,1.0,555,18,0.0,6623b07ea9efe18f4d85b4c6,shared_domain,shared_domain
0.0,1.0,0.0,1.0,0.0,1.0,555,25,0.0,6623b080a9efe18f4d85b4cd,shared_domain,shared_domain
0.0,1.0,0.0,1.0,0.0,1.0,555,30,0.0,6623b081a9efe18f4d85b4ce,shared_domain,shared_domain
0.0,1.0,0.0,1.0,0.0,1.0,555,26,0.0,6623b081a9efe18f4d85b4d0,shared_domain,shared_domain
0.0,1.0,0.0,1.0,0.0,1.0,555,17,0.0,6623b082a9efe18f4d85b4d2,shared_domain,shared_domain
0.0,1.0,0.0,1.0,0.0,1.0,555,21,0.0,6623b085a9efe18f4d85b4db,shared_domain,shared_domain
0.0,1.0,0.0,1.0,0.0,1.0,555,29,0.0,6623b085a9efe18f4d85b4dc,shared_domain,shared_domain
0.0,1.0,0.0,1.0,0.0,1.0,555,38,0.0,6623b086a9efe18f4d85b4de,shared_domain,shared_domain
0.0,1.0,0.0,1.0,0.0,1.0,555,20,0.0,6623b08aa9efe18f4d85b4e7,shared_domain,shared_domain
0.0,1.0,0.0,1.0,0.0,1.0,555,34,0.0,6623b091a9efe18f4d85b4fa,shared_domain,shared_domain
1.0,1.0,0.0,1.0,1.0,0.0,258,252,0.0,6623b093a9efe18f4d85b4fe,attackers_domain,compromised_domain
1.0,1.0,1.0,1.0,0.0,1.0,652,168,0.0,6623b096a9efe18f4d85b502,shared_domain,shared_domain
1.0,1.0,1.0,1.0,0.0,1.0,115,404,0.0,6623b09aa9efe18f4d85b50f,shared_domain,shared_domain
1.0,1.0,1.0,1.0,0.0,1.0,115,404,0.0,6623b09aa9efe18f4d85b510,shared_domain,shared_domain
1.0,1.0,1.0,1.0,0.0,1.0,115,404,0.0,6623b09ca9efe18f4d85b517,shared_domain,shared_domain
1.0,1.0,1.0,1.0,0.0,1.0,115,404,0.0,6623b09da9efe18f4d85b51a,shared_domain,shared_domain
1.0,1.0,1.0,1.0,0.0,1.0,115,404,0.0,6623b09ea9efe18f4d85b51b,shared_domain,shared_domain
0.0,0.0,0.0,1.0,0.0,1.0,106,193,1.0,6623b09fa9efe18f4d85b51f,attackers_domain,attackers_domain
1.0,0.0,0.0,0.0,0.0,1.0,-2,-2,1.0,6623b0a3a9efe18f4d85b52c,attackers_domain,attackers_domain
1.0,1.0,1.0,1.0,0.0,1.0,115,404,0.0,6623b0a4a9efe18f4d85b531,shared_domain,shared_domain
1.0,1.0,1.0,1.0,0.0,1.0,115,404,0.0,6623b0a5a9efe18f4d85b533,shared_domain,shared_domain
1.0,1.0,1.0,1.0,0.0,1.0,115,404,0.0,6623b0a6a9efe18f4d85b537,shared_domain,shared_domain
1.0,1.0,1.0,1.0,0.0,1.0,115,404,0.0,6623b0a7a9efe18f4d85b53c,shared_domain,shared_domain
1.0,1.0,1.0,1.0,0.0,1.0,115,404,0.0,6623b0a9a9efe18f4d85b540,shared_domain,shared_domain
0.0,0.0,0.0,1.0,0.0,1.0,-2,-2,1.0,6623b0aea9efe18f4d85b553,attackers_domain,attackers_domain
0.0,1.0,0.0,1.0,0.0,1.0,1995,157,0.0,6623b67ba9efe18f4d85b57e,shared_domain,shared_domain
1.0,1.0,1.0,1.0,0.0,1.0,-1,204,0.0,6623b7b7a9efe18f4d85b588,shared_domain,shared_domain
1.0,0.0,0.0,1.0,0.0,0.0,-2,-2,1.0,6623ba37a9efe18f4d85b58c,attackers_domain,attackers_domain
1.0,1.0,1.0,1.0,0.0,1.0,49,43,0.0,6623bdd7a9efe18f4d85b59d,shared_domain,shared_domain
1.0,1.0,1.0,1.0,0.0,1.0,-1,203,0.0,6623c174a9efe18f4d85b59f,shared_domain,shared_domain
0.0,1.0,1.0,1.0,0.0,1.0,378,179,0.0,6623cc4aa9efe18f4d85b5cb,shared_domain,shared_domain
0.0,0.0,0.0,1.0,0.0,1.0,-2,-2,1.0,6623cfeaa9efe18f4d85b5d7,attackers_domain,attackers_domain
1.0,1.0,1.0,1.0,0.0,1.0,49,43,0.0,6623d3a7a9efe18f4d85b5dc,shared_domain,shared_domain
1.0,1.0,0.0,0.0,0.0,1.0,-2,-2,0.0,6623d4e9a9efe18f4d85b5e5,shared_domain,shared_domain
1.0,1.0,0.0,1.0,0.0,1.0,430,159,0.0,6623d4e9a9efe18f4d85b5eb,shared_domain,shared_domain
1.0,1.0,1.0,1.0,0.0,1.0,54,201,0.0,6623d4e9a9efe18f4d85b5f1,shared_domain,shared_domain
1.0,0.0,0.0,1.0,0.0,1.0,-2,-2,1.0,6623de70a9efe18f4d85b60b,attackers_domain,attackers_domain
0.0,1.0,1.0,1.0,0.0,1.0,54,50,0.0,6623de70a9efe18f4d85b60c,shared_domain,shared_domain
1.0,1.0,0.0,1.0,0.0,0.0,39,16,0.0,6623e21aa9efe18f4d85b619,shared_domain,shared_domain
1.0,1.0,1.0,1.0,0.0,1.0,115,525,0.0,6623e21aa9efe18f4d85b621,shared_domain,shared_domain
1.0,1.0,1.0,1.0,0.0,1.0,115,38,0.0,6623e21aa9efe18f4d85b622,shared_domain,shared_domain
1.0,1.0,1.0,1.0,0.0,1.0,115,48,0.0,6623e961a9efe18f4d85b634,shared_domain,shared_domain
1.0,1.0,1.0,1.0,0.0,1.0,115,525,0.0,6623e962a9efe18f4d85b639,shared_domain,shared_domain
1.0,0.0,0.0,0.0,0.0,1.0,-2,-2,1.0,6623e962a9efe18f4d85b63b,attackers_domain,attackers_domain
0.0,1.0,1.0,1.0,0.0,1.0,72,122,0.0,6623ecfca9efe18f4d85b641,shared_domain,shared_domain
0.0,0.0,0.0,0.0,0.0,1.0,-2,-2,1.0,66240f2aa9efe18f4d85b6c5,attackers_domain,attackers_domain
0.0,1.0,1.0,1.0,0.0,1.0,77,158,0.0,66240f2aa9efe18f4d85b6ce,shared_domain,shared_domain
1.0,1.0,1.0,1.0,0.0,1.0,652,61,0.0,66240f2aa9efe18f4d85b6db,shared_domain,shared_domain
1.0,1.0,0.0,1.0,0.0,1.0,2435,127,0.0,66240f2aa9efe18f4d85b6e1,shared_domain,shared_domain
1.0,1.0,0.0,1.0,0.0,0.0,4432,424,0.0,66240f2aa9efe18f4d85b6e6,shared_domain,shared_domain
0.0,1.0,0.0,1.0,0.0,1.0,42,41,0.0,66240f2aa9efe18f4d85b6e7,shared_domain,shared_domain
1.0,0.0,0.0,1.0,1.0,0.0,-1,7,1.0,66241c50a9efe18f4d85b711,attackers_domain,attackers_domain
0.0,1.0,0.0,1.0,0.0,1.0,43,106,0.0,66241d83a9efe18f4d85b71d,shared_domain,shared_domain
1.0,1.0,1.0,1.0,0.0,1.0,-1,203,0.0,66242000a9efe18f4d85b728,shared_domain,shared_domain
1.0,1.0,0.0,1.0,0.0,1.0,1995,156,0.0,6624273ca9efe18f4d85b734,shared_domain,shared_domain
1.0,1.0,1.0,1.0,0.0,1.0,-1,203,0.0,66242ca4a9efe18f4d85b744,shared_domain,shared_domain
1.0,1.0,0.0,1.0,0.0,0.0,-1,315,0.0,66242ca5a9efe18f4d85b750,compromised_domain,compromised_domain
1.0,1.0,0.0,1.0,0.0,0.0,-1,1146,1.0,66242ca5a9efe18f4d85b751,attackers_domain,attackers_domain
0.0,1.0,0.0,1.0,0.0,1.0,387,312,0.0,66242ca5a9efe18f4d85b752,shared_domain,shared_domain
1.0,1.0,1.0,1.0,0.0,1.0,-1,203,0.0,66242ca5a9efe18f4d85b755,shared_domain,shared_domain
1.0,1.0,1.0,1.0,0.0,1.0,-1,203,0.0,6624320ca9efe18f4d85b76b,shared_domain,shared_domain
0.0,1.0,0.0,1.0,0.0,1.0,42,44,0.0,662435a7a9efe18f4d85b773,shared_domain,shared_domain
0.0,0.0,0.0,0.0,0.0,1.0,-2,-2,1.0,662435a7a9efe18f4d85b789,attackers_domain,attackers_domain
0.0,0.0,0.0,0.0,0.0,1.0,-2,-2,1.0,66243aeca9efe18f4d85b790,attackers_domain,attackers_domain
1.0,1.0,1.0,1.0,0.0,1.0,115,837,0.0,66243aeca9efe18f4d85b792,shared_domain,shared_domain
1.0,0.0,0.0,1.0,0.0,0.0,-1,564,1.0,66243aeca9efe18f4d85b796,attackers_domain,attackers_domain
1.0,1.0,1.0,1.0,0.0,1.0,115,631,0.0,66243cf8a9efe18f4d85b79a,shared_domain,shared_domain
0.0,1.0,1.0,1.0,0.0,1.0,378,174,0.0,66243cf8a9efe18f4d85b79b,shared_domain,shared_domain
1.0,0.0,0.0,0.0,1.0,0.0,-2,-2,1.0,66243cf8a9efe18f4d85b7a3,attackers_domain,attackers_domain
1.0,1.0,1.0,1.0,0.0,1.0,115,525,0.0,66243cf8a9efe18f4d85b7aa,shared_domain,shared_domain
0.0,1.0,0.0,1.0,0.0,1.0,211,186,0.0,662457cda9efe18f4d85b8b0,shared_domain,shared_domain
0.0,1.0,0.0,1.0,0.0,1.0,42,31,0.0,662457cea9efe18f4d85b8be,shared_domain,shared_domain
1.0,1.0,1.0,1.0,0.0,1.0,225,492,0.0,662457d7a9efe18f4d85b8d9,shared_domain,shared_domain
0.0,1.0,0.0,1.0,0.0,1.0,42,83,0.0,662457daa9efe18f4d85b8e3,shared_domain,shared_domain
1.0,1.0,0.0,1.0,0.0,1.0,1289,142,0.0,662457dda9efe18f4d85b8ed,shared_domain,shared_domain
1.0,1.0,0.0,1.0,0.0,1.0,1995,141,0.0,662457e5a9efe18f4d85b906,shared_domain,shared_domain
1.0,1.0,0.0,1.0,0.0,1.0,1995,141,0.0,662457e5a9efe18f4d85b907,shared_domain,shared_domain
1.0,1.0,0.0,1.0,0.0,1.0,1995,141,0.0,662457e7a9efe18f4d85b90c,shared_domain,shared_domain
1.0,1.0,0.0,1.0,0.0,1.0,1995,156,0.0,662457e7a9efe18f4d85b90d,shared_domain,shared_domain
1.0,1.0,0.0,1.0,0.0,1.0,1995,156,0.0,662457e8a9efe18f4d85b90e,shared_domain,shared_domain
0.0,1.0,0.0,1.0,0.0,1.0,0,24,0.0,662457e9a9efe18f4d85b912,shared_domain,shared_domain
1.0,0.0,0.0,1.0,1.0,0.0,-1,69,1.0,662457eaa9efe18f4d85b914,attackers_domain,attackers_domain
1.0,1.0,0.0,1.0,1.0,0.0,-1,10,1.0,662457eca9efe18f4d85b91d,attackers_domain,attackers_domain
1.0,0.0,0.0,1.0,0.0,1.0,-1,9,1.0,662457eda9efe18f4d85b91e,attackers_domain,attackers_domain
0.0,1.0,1.0,1.0,0.0,1.0,378,151,0.0,662457f7a9efe18f4d85b931,shared_domain,shared_domain
1.0,1.0,0.0,1.0,0.0,1.0,1644,478,0.0,66245801a9efe18f4d85b94a,shared_domain,shared_domain
1.0,0.0,0.0,1.0,1.0,0.0,-1,80,1.0,66245802a9efe18f4d85b94b,attackers_domain,attackers_domain
0.0,1.0,0.0,1.0,0.0,1.0,304,139,0.0,66245803a9efe18f4d85b94d,shared_domain,shared_domain
1.0,1.0,0.0,1.0,0.0,0.0,-1,325,0.0,66245807a9efe18f4d85b958,compromised_domain,compromised_domain
1.0,1.0,1.0,1.0,0.0,1.0,115,41,0.0,66245808a9efe18f4d85b95c,shared_domain,shared_domain
1.0,1.0,1.0,1.0,0.0,1.0,77,169,0.0,6624580ca9efe18f4d85b969,shared_domain,shared_domain
1.0,0.0,0.0,1.0,1.0,0.0,-1,9,1.0,66245817a9efe18f4d85b974,attackers_domain,attackers_domain
0.0,1.0,1.0,1.0,0.0,1.0,378,161,0.0,66245817a9efe18f4d85b975,shared_domain,shared_domain
0.0,1.0,1.0,1.0,0.0,1.0,378,199,0.0,6624581aa9efe18f4d85b978,shared_domain,shared_domain
1.0,1.0,1.0,1.0,0.0,1.0,54,208,0.0,6624581aa9efe18f4d85b979,shared_domain,shared_domain
1.0,1.0,0.0,1.0,0.0,1.0,391,98,0.0,6624581aa9efe18f4d85b97a,shared_domain,shared_domain
0.0,0.0,0.0,0.0,0.0,1.0,-2,-2,1.0,66245822a9efe18f4d85b989,attackers_domain,attackers_domain
1.0,0.0,0.0,0.0,0.0,0.0,-2,-2,1.0,66245823a9efe18f4d85b98b,attackers_domain,attackers_domain
1.0,1.0,0.0,1.0,0.0,0.0,4432,623,0.0,66245830a9efe18f4d85b9aa,shared_domain,shared_domain
0.0,1.0,1.0,1.0,0.0,1.0,4,191,0.0,66245837a9efe18f4d85b9c0,shared_domain,shared_domain
0.0,1.0,1.0,1.0,0.0,1.0,4,229,0.0,66245838a9efe18f4d85b9c2,shared_domain,shared_domain
0.0,1.0,0.0,1.0,0.0,1.0,555,90,0.0,6624583aa9efe18f4d85b9c9,shared_domain,shared_domain
1.0,1.0,1.0,1.0,0.0,1.0,49,554,0.0,6624583aa9efe18f4d85b9ca,shared_domain,shared_domain
1.0,1.0,0.0,1.0,0.0,0.0,211,135,0.0,6624583aa9efe18f4d85b9cb,shared_domain,shared_domain
1.0,1.0,1.0,1.0,0.0,1.0,115,404,0.0,6624583fa9efe18f4d85b9da,shared_domain,shared_domain
1.0,1.0,1.0,1.0,0.0,1.0,115,404,0.0,6624583fa9efe18f4d85b9dc,shared_domain,shared_domain
1.0,1.0,1.0,1.0,0.0,1.0,115,404,0.0,6624583fa9efe18f4d85b9dd,shared_domain,shared_domain
1.0,1.0,1.0,1.0,0.0,1.0,115,404,0.0,66245841a9efe18f4d85b9e3,shared_domain,shared_domain
0.0,1.0,0.0,1.0,0.0,1.0,387,130,0.0,66245842a9efe18f4d85b9e6,shared_domain,shared_domain
1.0,0.0,0.0,1.0,0.0,0.0,-2,-2,1.0,66245846a9efe18f4d85b9f1,attackers_domain,attackers_domain
1.0,1.0,1.0,1.0,0.0,1.0,115,404,0.0,66245847a9efe18f4d85b9f6,shared_domain,shared_domain
1.0,1.0,1.0,1.0,0.0,1.0,115,404,0.0,66245849a9efe18f4d85b9fc,shared_domain,shared_domain
1.0,1.0,1.0,1.0,0.0,1.0,115,404,0.0,6624584ca9efe18f4d85ba05,shared_domain,shared_domain
1.0,1.0,1.0,1.0,0.0,1.0,115,404,0.0,6624584da9efe18f4d85ba07,shared_domain,shared_domain
1.0,1.0,1.0,1.0,0.0,1.0,115,404,0.0,6624584fa9efe18f4d85ba0e,shared_domain,shared_domain
1.0,1.0,1.0,1.0,0.0,1.0,115,404,0.0,66245851a9efe18f4d85ba15,shared_domain,shared_domain
1.0,1.0,1.0,1.0,0.0,1.0,115,404,0.0,66245854a9efe18f4d85ba1e,shared_domain,shared_domain
1.0,1.0,1.0,1.0,0.0,1.0,115,404,0.0,66245855a9efe18f4d85ba1f,shared_domain,shared_domain
1.0,1.0,1.0,1.0,0.0,1.0,115,404,0.0,66245856a9efe18f4d85ba24,shared_domain,shared_domain
1.0,1.0,1.0,1.0,0.0,1.0,115,404,0.0,66245858a9efe18f4d85ba29,shared_domain,shared_domain
1.0,1.0,1.0,1.0,0.0,1.0,115,404,0.0,66245859a9efe18f4d85ba2d,shared_domain,shared_domain
1.0,1.0,1.0,1.0,0.0,1.0,115,404,0.0,6624585ba9efe18f4d85ba35,shared_domain,shared_domain
1.0,1.0,1.0,1.0,0.0,1.0,115,404,0.0,6624585ca9efe18f4d85ba36,shared_domain,shared_domain
1.0,1.0,1.0,1.0,0.0,1.0,115,404,0.0,6624585ea9efe18f4d85ba3e,shared_domain,shared_domain
1.0,1.0,1.0,1.0,0.0,1.0,115,404,0.0,66245860a9efe18f4d85ba43,shared_domain,shared_domain
1.0,1.0,1.0,1.0,0.0,1.0,115,404,0.0,66245861a9efe18f4d85ba47,shared_domain,shared_domain
1.0,1.0,1.0,1.0,0.0,1.0,115,404,0.0,66245862a9efe18f4d85ba4a,shared_domain,shared_domain
1.0,1.0,1.0,1.0,0.0,1.0,115,404,0.0,66245862a9efe18f4d85ba4b,shared_domain,shared_domain
1.0,1.0,1.0,1.0,0.0,1.0,115,404,0.0,66245865a9efe18f4d85ba52,shared_domain,shared_domain
1.0,1.0,1.0,1.0,0.0,1.0,115,51,0.0,66246458a9efe18f4d85c158,shared_domain,shared_domain
1.0,1.0,0.0,1.0,0.0,1.0,1995,151,0.0,66246458a9efe18f4d85c161,shared_domain,shared_domain
1.0,1.0,1.0,1.0,0.0,1.0,115,48,0.0,662467e0a9efe18f4d85c1c0,shared_domain,shared_domain
0.0,1.0,1.0,1.0,0.0,1.0,72,100,0.0,66246b8ca9efe18f4d85c1dd,shared_domain,shared_domain
0.0,1.0,0.0,1.0,0.0,1.0,42,44,0.0,66246f25a9efe18f4d85c1f7,shared_domain,shared_domain
1.0,1.0,1.0,1.0,0.0,1.0,-1,203,0.0,66246f25a9efe18f4d85c1f8,shared_domain,shared_domain
1.0,1.0,1.0,1.0,0.0,1.0,115,48,0.0,66246f25a9efe18f4d85c204,shared_domain,shared_domain
1.0,1.0,1.0,1.0,0.0,1.0,115,48,0.0,66246f26a9efe18f4d85c218,shared_domain,shared_domain
1.0,1.0,1.0,1.0,0.0,1.0,115,48,0.0,66247680a9efe18f4d85c24a,shared_domain,shared_domain
1.0,1.0,1.0,1.0,0.0,1.0,115,48,0.0,66247680a9efe18f4d85c24d,shared_domain,shared_domain
1.0,1.0,1.0,1.0,0.0,1.0,115,48,0.0,66247dbba9efe18f4d85c268,shared_domain,shared_domain
1.0,1.0,1.0,1.0,0.0,1.0,115,48,0.0,66247dbba9efe18f4d85c26f,shared_domain,shared_domain
1.0,1.0,1.0,1.0,0.0,1.0,115,48,0.0,66247dbba9efe18f4d85c277,shared_domain,shared_domain
1.0,1.0,1.0,1.0,0.0,1.0,115,48,0.0,66247dbba9efe18f4d85c27e,shared_domain,shared_domain
1.0,1.0,1.0,1.0,0.0,1.0,115,48,0.0,66247dbba9efe18f4d85c281,shared_domain,shared_domain
1.0,1.0,0.0,1.0,0.0,1.0,-1,323,0.0,66248512a9efe18f4d85c296,shared_domain,compromised_domain
1.0,1.0,1.0,1.0,0.0,1.0,115,48,0.0,662488b8a9efe18f4d85c2a6,shared_domain,shared_domain
1.0,1.0,1.0,1.0,0.0,1.0,115,48,0.0,662488b8a9efe18f4d85c2a7,shared_domain,shared_domain
1.0,1.0,1.0,1.0,0.0,1.0,115,48,0.0,662488b8a9efe18f4d85c2b2,shared_domain,shared_domain
1.0,0.0,0.0,0.0,0.0,1.0,-2,-2,1.0,662488b8a9efe18f4d85c2b4,attackers_domain,attackers_domain
1.0,0.0,0.0,0.0,0.0,1.0,-2,-2,1.0,662488b8a9efe18f4d85c2ba,attackers_domain,attackers_domain
1.0,1.0,1.0,1.0,0.0,1.0,49,61,0.0,662488b9a9efe18f4d85c2bb,shared_domain,shared_domain
1.0,1.0,1.0,1.0,0.0,1.0,115,48,0.0,66248feba9efe18f4d85c2d5,shared_domain,shared_domain
1.0,1.0,0.0,1.0,0.0,1.0,41,7,0.0,66248feba9efe18f4d85c2e8,shared_domain,shared_domain
1.0,1.0,1.0,1.0,0.0,1.0,115,48,0.0,66249744a9efe18f4d85c2f2,shared_domain,shared_domain
1.0,1.0,1.0,1.0,0.0,1.0,115,44,0.0,66249744a9efe18f4d85c2f8,shared_domain,shared_domain
1.0,1.0,1.0,1.0,0.0,1.0,115,48,0.0,66249744a9efe18f4d85c2fb,shared_domain,shared_domain
1.0,1.0,1.0,1.0,0.0,1.0,115,48,0.0,66249744a9efe18f4d85c302,shared_domain,shared_domain
1.0,1.0,1.0,1.0,0.0,1.0,115,48,0.0,66249e72a9efe18f4d85c318,shared_domain,shared_domain
1.0,1.0,1.0,1.0,0.0,1.0,115,48,0.0,66249e72a9efe18f4d85c31b,shared_domain,shared_domain
1.0,1.0,1.0,1.0,0.0,1.0,115,48,0.0,66249e72a9efe18f4d85c31d,shared_domain,shared_domain
1.0,1.0,1.0,1.0,0.0,1.0,115,48,0.0,6624a594a9efe18f4d85c32b,shared_domain,shared_domain
1.0,1.0,1.0,1.0,0.0,1.0,49,595,0.0,6624a594a9efe18f4d85c330,shared_domain,shared_domain
1.0,0.0,0.0,0.0,0.0,1.0,-2,-2,1.0,6624b430a9efe18f4d85c360,attackers_domain,attackers_domain
1.0,1.0,1.0,1.0,0.0,1.0,115,48,0.0,6624b431a9efe18f4d85c3a5,shared_domain,shared_domain
1.0,1.0,1.0,1.0,0.0,1.0,115,48,0.0,6624bb61a9efe18f4d85c3bb,shared_domain,shared_domain
1.0,1.0,1.0,1.0,0.0,1.0,4,196,0.0,6624bc9ca9efe18f4d85c3c8,shared_domain,shared_domain
1.0,1.0,1.0,1.0,0.0,1.0,4,196,0.0,6624bc9ca9efe18f4d85c3ca,shared_domain,shared_domain
1.0,1.0,0.0,1.0,0.0,1.0,430,233,0.0,6624bc9ca9efe18f4d85c3cb,shared_domain,shared_domain
1.0,1.0,0.0,0.0,0.0,1.0,-2,-2,0.0,6624c2b4a9efe18f4d85c3d2,shared_domain,shared_domain
1.0,1.0,1.0,1.0,0.0,1.0,115,48,0.0,6624c2b4a9efe18f4d85c3da,shared_domain,shared_domain
1.0,1.0,1.0,1.0,0.0,1.0,115,48,0.0,6624c2b5a9efe18f4d85c3e4,shared_domain,shared_domain
1.0,0.0,0.0,1.0,0.0,1.0,-2,-2,1.0,6624d10ea9efe18f4d85c3fa,attackers_domain,attackers_domain
1.0,1.0,1.0,1.0,0.0,1.0,115,44,0.0,6624d10ea9efe18f4d85c3fb,shared_domain,shared_domain
1.0,1.0,1.0,1.0,0.0,1.0,115,48,0.0,6624d848a9efe18f4d85c419,shared_domain,shared_domain
1.0,0.0,0.0,0.0,0.0,1.0,-2,-2,1.0,6624d848a9efe18f4d85c41a,attackers_domain,attackers_domain
1.0,0.0,0.0,0.0,0.0,1.0,-2,-2,1.0,6624d848a9efe18f4d85c41b,attackers_domain,attackers_domain
1.0,0.0,0.0,1.0,1.0,0.0,-1,7,1.0,6624d848a9efe18f4d85c41d,attackers_domain,attackers_domain
1.0,1.0,1.0,1.0,0.0,1.0,115,48,0.0,6624df71a9efe18f4d85c425,shared_domain,shared_domain
1.0,1.0,0.0,1.0,0.0,1.0,-1,1254,0.0,6624f6d9a9efe18f4d85c451,shared_domain,shared_domain
1.0,1.0,1.0,1.0,0.0,1.0,-1,203,0.0,6624f91fa9efe18f4d85c456,shared_domain,shared_domain
0.0,0.0,0.0,0.0,0.0,1.0,-2,-2,1.0,6625019aa9efe18f4d85c481,attackers_domain,attackers_domain
0.0,0.0,0.0,0.0,0.0,1.0,-2,-2,1.0,6625019aa9efe18f4d85c483,attackers_domain,attackers_domain
0.0,1.0,1.0,1.0,0.0,1.0,378,120,0.0,662501a0a9efe18f4d85c497,shared_domain,shared_domain
1.0,0.0,0.0,0.0,1.0,0.0,-2,-2,1.0,662501a2a9efe18f4d85c49e,attackers_domain,attackers_domain
0.0,0.0,0.0,0.0,0.0,1.0,-2,-2,1.0,662501a4a9efe18f4d85c4a3,attackers_domain,attackers_domain
0.0,1.0,1.0,1.0,0.0,1.0,378,135,0.0,662501aba9efe18f4d85c4b3,shared_domain,shared_domain
0.0,1.0,1.0,1.0,0.0,1.0,378,212,0.0,662501c5a9efe18f4d85c4dc,shared_domain,shared_domain
0.0,0.0,0.0,0.0,0.0,1.0,-2,-2,1.0,662501cfa9efe18f4d85c4f1,attackers_domain,attackers_domain
1.0,1.0,0.0,1.0,0.0,1.0,1995,141,0.0,662501d5a9efe18f4d85c4fd,shared_domain,shared_domain
1.0,1.0,0.0,0.0,0.0,1.0,-2,-2,0.0,662501d7a9efe18f4d85c501,shared_domain,shared_domain
0.0,1.0,1.0,1.0,0.0,1.0,378,124,0.0,662501dca9efe18f4d85c513,shared_domain,shared_domain
0.0,0.0,0.0,0.0,0.0,1.0,-2,-2,1.0,662501dea9efe18f4d85c519,attackers_domain,attackers_domain
1.0,1.0,1.0,1.0,0.0,1.0,4,211,0.0,662501e2a9efe18f4d85c525,shared_domain,shared_domain
1.0,1.0,1.0,1.0,0.0,1.0,4,48,0.0,662501e2a9efe18f4d85c526,shared_domain,shared_domain
1.0,1.0,1.0,1.0,0.0,1.0,4,211,0.0,662501e2a9efe18f4d85c527,shared_domain,shared_domain
1.0,1.0,1.0,1.0,0.0,1.0,4,196,0.0,662501e3a9efe18f4d85c52b,shared_domain,shared_domain
0.0,0.0,0.0,0.0,0.0,1.0,-2,-2,1.0,662501e7a9efe18f4d85c537,attackers_domain,attackers_domain
1.0,0.0,0.0,0.0,0.0,1.0,-2,-2,1.0,662501e8a9efe18f4d85c538,attackers_domain,attackers_domain
1.0,1.0,1.0,1.0,0.0,1.0,115,471,0.0,662501eda9efe18f4d85c54a,shared_domain,shared_domain
0.0,0.0,0.0,0.0,0.0,1.0,-2,-2,1.0,662501f7a9efe18f4d85c55a,attackers_domain,attackers_domain
1.0,1.0,1.0,1.0,0.0,1.0,115,45,0.0,662501ffa9efe18f4d85c56f,shared_domain,shared_domain
1.0,1.0,0.0,1.0,0.0,1.0,2435,127,0.0,66250202a9efe18f4d85c577,shared_domain,shared_domain
0.0,1.0,1.0,1.0,0.0,1.0,378,141,0.0,66250213a9efe18f4d85c5b5,shared_domain,shared_domain
0.0,1.0,0.0,1.0,0.0,1.0,12,372,0.0,66251367a9efe18f4d85c632,shared_domain,shared_domain
1.0,1.0,1.0,1.0,0.0,1.0,49,554,0.0,66252434a9efe18f4d85c69d,shared_domain,shared_domain
1.0,1.0,1.0,1.0,0.0,1.0,115,525,0.0,66252434a9efe18f4d85c69f,shared_domain,shared_domain
1.0,1.0,1.0,1.0,0.0,1.0,115,525,0.0,66252434a9efe18f4d85c6a6,shared_domain,shared_domain
1.0,0.0,0.0,0.0,0.0,1.0,-2,-2,1.0,66252434a9efe18f4d85c6a9,attackers_domain,attackers_domain
0.0,0.0,0.0,0.0,0.0,1.0,-2,-2,1.0,66252b79a9efe18f4d85c6b8,attackers_domain,attackers_domain
0.0,0.0,0.0,0.0,0.0,1.0,-2,-2,1.0,66252b79a9efe18f4d85c6bc,attackers_domain,attackers_domain
1.0,0.0,0.0,0.0,0.0,1.0,-2,-2,1.0,66252b79a9efe18f4d85c6c5,attackers_domain,attackers_domain
1.0,0.0,0.0,0.0,0.0,0.0,-2,-2,1.0,66252b7aa9efe18f4d85c6d5,attackers_domain,attackers_domain
1.0,1.0,1.0,1.0,0.0,1.0,225,63,0.0,66252b7aa9efe18f4d85c6d9,shared_domain,shared_domain
0.0,0.0,0.0,0.0,0.0,1.0,-2,-2,1.0,66252f1ca9efe18f4d85c6e6,attackers_domain,attackers_domain
0.0,0.0,0.0,0.0,0.0,1.0,-2,-2,1.0,66252f1ca9efe18f4d85c6ea,attackers_domain,attackers_domain
0.0,0.0,0.0,0.0,0.0,1.0,-2,-2,1.0,66252f1ca9efe18f4d85c6f9,attackers_domain,attackers_domain
0.0,0.0,0.0,0.0,0.0,1.0,-2,-2,1.0,662532c0a9efe18f4d85c7b7,attackers_domain,attackers_domain
1.0,0.0,0.0,0.0,0.0,1.0,-2,-2,1.0,662532c0a9efe18f4d85c7cc,attackers_domain,attackers_domain
1.0,0.0,0.0,0.0,0.0,1.0,-2,-2,1.0,662532c0a9efe18f4d85c7d2,attackers_domain,attackers_domain
0.0,0.0,0.0,0.0,0.0,1.0,-2,-2,1.0,662532c0a9efe18f4d85c7e4,attackers_domain,attackers_domain
0.0,0.0,0.0,0.0,0.0,1.0,-2,-2,1.0,662532c0a9efe18f4d85c7ed,attackers_domain,attackers_domain
1.0,1.0,1.0,1.0,0.0,1.0,72,133,0.0,66253ecea9efe18f4d85c834,shared_domain,shared_domain
0.0,1.0,0.0,1.0,0.0,1.0,430,226,0.0,66253ecea9efe18f4d85c837,shared_domain,shared_domain
0.0,1.0,0.0,1.0,0.0,1.0,169,235,0.0,66253ecea9efe18f4d85c83a,shared_domain,shared_domain
1.0,1.0,1.0,1.0,0.0,1.0,115,48,0.0,66254118a9efe18f4d85c84c,shared_domain,shared_domain
1.0,1.0,1.0,1.0,0.0,1.0,115,525,0.0,66254118a9efe18f4d85c84e,shared_domain,shared_domain
1.0,0.0,0.0,1.0,1.0,0.0,-2,-2,1.0,66254118a9efe18f4d85c852,attackers_domain,attackers_domain
1.0,1.0,1.0,1.0,0.0,1.0,115,525,0.0,66254118a9efe18f4d85c856,shared_domain,shared_domain
1.0,0.0,0.0,0.0,0.0,1.0,-2,-2,1.0,66254118a9efe18f4d85c85c,attackers_domain,attackers_domain
0.0,1.0,0.0,1.0,0.0,1.0,42,44,0.0,6625485aa9efe18f4d85c86e,shared_domain,shared_domain
1.0,1.0,1.0,1.0,0.0,1.0,115,525,0.0,6625485aa9efe18f4d85c870,shared_domain,shared_domain
1.0,0.0,0.0,0.0,0.0,1.0,-2,-2,1.0,6625485aa9efe18f4d85c872,attackers_domain,attackers_domain
0.0,1.0,1.0,1.0,0.0,1.0,378,176,0.0,6625485aa9efe18f4d85c874,shared_domain,shared_domain
1.0,0.0,0.0,0.0,0.0,0.0,-2,-2,1.0,6625485aa9efe18f4d85c878,attackers_domain,attackers_domain
1.0,1.0,0.0,1.0,0.0,1.0,0,40,0.0,66254f7ca9efe18f4d85c889,shared_domain,shared_domain
1.0,1.0,1.0,1.0,0.0,1.0,115,48,0.0,66254f7ca9efe18f4d85c88e,shared_domain,shared_domain
1.0,1.0,1.0,1.0,0.0,1.0,115,48,0.0,662556b4a9efe18f4d85c897,shared_domain,shared_domain
1.0,1.0,1.0,1.0,0.0,1.0,49,554,0.0,66255b90a9efe18f4d85c8b9,shared_domain,shared_domain
1.0,1.0,1.0,1.0,0.0,1.0,115,332,0.0,66256a2ba9efe18f4d85c8ee,shared_domain,shared_domain
1.0,0.0,0.0,0.0,0.0,1.0,-2,-2,1.0,66256ca9a9efe18f4d85c904,attackers_domain,attackers_domain
0.0,1.0,1.0,1.0,0.0,1.0,378,172,0.0,66256caaa9efe18f4d85c90c,shared_domain,shared_domain
1.0,0.0,0.0,0.0,0.0,1.0,-2,-2,1.0,66256caaa9efe18f4d85c911,attackers_domain,attackers_domain
1.0,1.0,1.0,1.0,0.0,1.0,49,554,0.0,662573d4a9efe18f4d85c917,shared_domain,shared_domain
1.0,1.0,1.0,1.0,0.0,1.0,115,525,0.0,662573d4a9efe18f4d85c925,shared_domain,shared_domain
1.0,1.0,1.0,1.0,0.0,1.0,49,61,0.0,662573d4a9efe18f4d85c927,shared_domain,shared_domain
1.0,1.0,1.0,1.0,0.0,1.0,49,554,0.0,66257eb0a9efe18f4d85c95a,shared_domain,shared_domain
1.0,1.0,1.0,1.0,0.0,1.0,49,21,0.0,662585dfa9efe18f4d85c97d,shared_domain,shared_domain
0.0,1.0,1.0,1.0,0.0,1.0,378,153,0.0,662585dfa9efe18f4d85c982,shared_domain,shared_domain
0.0,1.0,1.0,1.0,0.0,1.0,378,153,0.0,662585dfa9efe18f4d85c983,shared_domain,shared_domain
0.0,1.0,1.0,1.0,0.0,1.0,4,212,0.0,66258726a9efe18f4d85c993,shared_domain,shared_domain
0.0,1.0,1.0,1.0,0.0,1.0,4,212,0.0,66258726a9efe18f4d85c994,shared_domain,shared_domain
1.0,1.0,1.0,1.0,0.0,1.0,-1,203,0.0,6625896da9efe18f4d85c9b0,shared_domain,shared_domain
1.0,1.0,1.0,1.0,0.0,1.0,115,51,0.0,66258d01a9efe18f4d85c9bb,shared_domain,shared_domain
0.0,0.0,0.0,0.0,0.0,1.0,-2,-2,1.0,66258d02a9efe18f4d85c9ca,attackers_domain,attackers_domain
1.0,1.0,1.0,1.0,0.0,1.0,49,554,0.0,66258d02a9efe18f4d85c9cf,shared_domain,shared_domain
1.0,0.0,0.0,0.0,0.0,1.0,-2,-2,1.0,66258d02a9efe18f4d85c9d7,attackers_domain,attackers_domain
1.0,1.0,1.0,1.0,0.0,1.0,115,51,0.0,66259444a9efe18f4d85ca03,shared_domain,shared_domain
1.0,0.0,0.0,0.0,0.0,1.0,-2,-2,1.0,66259444a9efe18f4d85ca04,attackers_domain,attackers_domain
0.0,1.0,1.0,1.0,0.0,1.0,72,157,0.0,66259b70a9efe18f4d85ca27,shared_domain,shared_domain
1.0,1.0,1.0,1.0,0.0,1.0,-1,203,0.0,6625a3e8a9efe18f4d85ca46,shared_domain,shared_domain
1.0,1.0,0.0,1.0,0.0,1.0,1995,156,0.0,6625a8dea9efe18f4d85ca53,shared_domain,shared_domain
0.0,1.0,1.0,1.0,0.0,1.0,378,201,0.0,6625a8dea9efe18f4d85ca55,shared_domain,shared_domain
1.0,1.0,0.0,1.0,0.0,1.0,1995,141,0.0,6625a8e1a9efe18f4d85ca5e,shared_domain,shared_domain
1.0,1.0,1.0,1.0,0.0,1.0,115,404,0.0,6625a8f5a9efe18f4d85caa3,shared_domain,shared_domain
1.0,1.0,1.0,1.0,0.0,1.0,115,404,0.0,6625a8f5a9efe18f4d85caa4,shared_domain,shared_domain
1.0,1.0,1.0,1.0,0.0,1.0,115,404,0.0,6625a8f6a9efe18f4d85caa7,shared_domain,shared_domain
1.0,0.0,0.0,1.0,1.0,0.0,163,57,0.0,6625a8f7a9efe18f4d85caaa,attackers_domain,attackers_domain
1.0,1.0,0.0,1.0,0.0,1.0,1995,141,0.0,6625a8faa9efe18f4d85cab6,shared_domain,shared_domain
1.0,1.0,0.0,1.0,0.0,1.0,1995,141,0.0,6625a8fda9efe18f4d85cac1,shared_domain,shared_domain
1.0,1.0,0.0,1.0,0.0,1.0,1995,141,0.0,6625a8fea9efe18f4d85cac2,shared_domain,shared_domain
1.0,1.0,0.0,1.0,0.0,1.0,1995,141,0.0,6625a8fea9efe18f4d85cac3,shared_domain,shared_domain
1.0,1.0,1.0,1.0,0.0,1.0,115,43,0.0,6625a903a9efe18f4d85cad3,shared_domain,shared_domain
1.0,1.0,1.0,1.0,0.0,1.0,115,404,0.0,6625a904a9efe18f4d85cad6,shared_domain,shared_domain
1.0,1.0,1.0,1.0,0.0,1.0,115,404,0.0,6625a905a9efe18f4d85cada,shared_domain,shared_domain
1.0,0.0,0.0,0.0,0.0,1.0,-2,-2,1.0,6625a905a9efe18f4d85cadc,attackers_domain,attackers_domain
0.0,0.0,0.0,0.0,0.0,1.0,-2,-2,1.0,6625a906a9efe18f4d85cae0,attackers_domain,attackers_domain
1.0,1.0,1.0,1.0,0.0,1.0,115,404,0.0,6625a907a9efe18f4d85cae3,shared_domain,shared_domain
1.0,1.0,1.0,1.0,0.0,1.0,115,404,0.0,6625a90ea9efe18f4d85caf6,shared_domain,shared_domain
1.0,1.0,1.0,1.0,0.0,1.0,115,404,0.0,6625a90fa9efe18f4d85caf8,shared_domain,shared_domain
1.0,1.0,1.0,1.0,0.0,1.0,115,404,0.0,6625a910a9efe18f4d85cafe,shared_domain,shared_domain
1.0,1.0,0.0,1.0,0.0,1.0,1995,156,0.0,6625a915a9efe18f4d85cb0e,shared_domain,shared_domain
1.0,1.0,1.0,1.0,0.0,1.0,115,38,0.0,6625a918a9efe18f4d85cb19,shared_domain,shared_domain
1.0,1.0,0.0,1.0,0.0,1.0,4,77,0.0,6625a919a9efe18f4d85cb1c,shared_domain,shared_domain
1.0,1.0,1.0,1.0,0.0,1.0,115,1358,0.0,6625a91ca9efe18f4d85cb24,shared_domain,shared_domain
0.0,1.0,0.0,1.0,0.0,1.0,304,145,0.0,6625a920a9efe18f4d85cb30,shared_domain,shared_domain
1.0,1.0,1.0,1.0,0.0,1.0,115,404,0.0,6625a927a9efe18f4d85cb4a,shared_domain,shared_domain
1.0,1.0,1.0,1.0,0.0,1.0,115,404,0.0,6625a92ca9efe18f4d85cb5c,shared_domain,shared_domain
1.0,0.0,0.0,0.0,0.0,1.0,-2,-2,1.0,6625a92fa9efe18f4d85cb68,attackers_domain,attackers_domain
1.0,1.0,1.0,1.0,0.0,1.0,225,184,0.0,6625a930a9efe18f4d85cb6a,shared_domain,shared_domain
1.0,1.0,1.0,1.0,0.0,1.0,115,404,0.0,6625a930a9efe18f4d85cb6c,shared_domain,shared_domain
1.0,1.0,1.0,1.0,0.0,1.0,225,185,0.0,6625a931a9efe18f4d85cb6e,shared_domain,shared_domain
1.0,1.0,1.0,1.0,0.0,1.0,115,404,0.0,6625a933a9efe18f4d85cb74,shared_domain,shared_domain
1.0,1.0,1.0,1.0,0.0,1.0,115,404,0.0,6625a936a9efe18f4d85cb81,shared_domain,shared_domain
1.0,1.0,1.0,1.0,0.0,1.0,115,404,0.0,6625a936a9efe18f4d85cb82,shared_domain,shared_domain
1.0,1.0,1.0,1.0,0.0,1.0,115,404,0.0,6625a938a9efe18f4d85cb88,shared_domain,shared_domain
1.0,1.0,1.0,1.0,0.0,1.0,115,404,0.0,6625a939a9efe18f4d85cb8c,shared_domain,shared_domain
0.0,1.0,1.0,1.0,0.0,1.0,378,150,0.0,6625a93ba9efe18f4d85cb8f,shared_domain,shared_domain
0.0,0.0,0.0,0.0,0.0,1.0,-2,-2,1.0,6625a947a9efe18f4d85cba8,attackers_domain,attackers_domain
0.0,0.0,0.0,0.0,0.0,1.0,-2,-2,1.0,6625a947a9efe18f4d85cbaa,attackers_domain,attackers_domain
0.0,0.0,0.0,0.0,0.0,1.0,-2,-2,1.0,6625a947a9efe18f4d85cbab,attackers_domain,attackers_domain
0.0,0.0,0.0,0.0,0.0,1.0,-2,-2,1.0,6625a948a9efe18f4d85cbad,attackers_domain,attackers_domain
1.0,1.0,1.0,1.0,0.0,1.0,115,319,0.0,6625a955a9efe18f4d85cbcd,shared_domain,shared_domain
0.0,0.0,0.0,0.0,0.0,1.0,-2,-2,1.0,6625a956a9efe18f4d85cbcf,attackers_domain,attackers_domain
0.0,1.0,1.0,1.0,0.0,1.0,378,171,0.0,6625a95aa9efe18f4d85cbd5,shared_domain,shared_domain
1.0,1.0,1.0,1.0,0.0,1.0,115,404,0.0,6625a95ba9efe18f4d85cbd7,shared_domain,shared_domain
1.0,1.0,1.0,1.0,0.0,1.0,115,404,0.0,6625a95ca9efe18f4d85cbdc,shared_domain,shared_domain
1.0,1.0,1.0,1.0,0.0,1.0,115,404,0.0,6625a95ca9efe18f4d85cbdd,shared_domain,shared_domain
1.0,1.0,1.0,1.0,0.0,1.0,225,184,0.0,6625a95da9efe18f4d85cbde,shared_domain,shared_domain
0.0,1.0,1.0,1.0,0.0,1.0,378,190,0.0,6625a95da9efe18f4d85cbdf,shared_domain,shared_domain
1.0,1.0,0.0,1.0,0.0,0.0,4432,486,0.0,6625a95fa9efe18f4d85cbe4,shared_domain,shared_domain
1.0,1.0,1.0,1.0,0.0,1.0,115,525,0.0,6625a95fa9efe18f4d85cbe5,shared_domain,shared_domain
1.0,1.0,1.0,1.0,0.0,1.0,115,404,0.0,6625a960a9efe18f4d85cbe7,shared_domain,shared_domain
1.0,1.0,1.0,1.0,0.0,1.0,115,404,0.0,6625a961a9efe18f4d85cbea,shared_domain,shared_domain
1.0,1.0,1.0,1.0,0.0,1.0,115,404,0.0,6625a964a9efe18f4d85cbf2,shared_domain,shared_domain
1.0,0.0,0.0,0.0,0.0,1.0,-2,-2,1.0,6625b139a9efe18f4d85cc0c,attackers_domain,attackers_domain
1.0,0.0,0.0,0.0,0.0,1.0,-2,-2,1.0,6625b139a9efe18f4d85cc18,attackers_domain,attackers_domain
1.0,1.0,1.0,1.0,0.0,1.0,72,114,0.0,6625b285a9efe18f4d85cc3b,shared_domain,shared_domain
1.0,1.0,0.0,1.0,0.0,1.0,336,59,0.0,6625b285a9efe18f4d85cc3c,shared_domain,shared_domain
1.0,1.0,1.0,1.0,0.0,1.0,72,95,0.0,6625b285a9efe18f4d85cc3e,shared_domain,shared_domain
1.0,1.0,1.0,1.0,0.0,1.0,4,254,0.0,6625b285a9efe18f4d85cc3f,shared_domain,shared_domain
1.0,1.0,1.0,1.0,0.0,1.0,115,1358,0.0,6625b285a9efe18f4d85cc44,shared_domain,shared_domain
1.0,0.0,0.0,0.0,0.0,0.0,-2,-2,,6625b288a9efe18f4d85cc4d,attackers_domain,attackers_domain
1.0,0.0,0.0,1.0,1.0,0.0,-2,-2,1.0,6625b28aa9efe18f4d85cc54,attackers_domain,attackers_domain
0.0,1.0,1.0,1.0,0.0,1.0,72,88,0.0,6625bbfca9efe18f4d85cd3b,shared_domain,shared_domain
1.0,0.0,0.0,1.0,0.0,1.0,-2,-2,1.0,6625bf95a9efe18f4d85cd3d,attackers_domain,attackers_domain
0.0,0.0,0.0,0.0,0.0,1.0,-2,-2,1.0,6625ce51a9efe18f4d85cda8,attackers_domain,attackers_domain
1.0,1.0,1.0,1.0,0.0,1.0,49,42,0.0,6625ce51a9efe18f4d85cdac,shared_domain,shared_domain
1.0,1.0,1.0,1.0,0.0,1.0,115,57,0.0,6625d59da9efe18f4d85cde1,shared_domain,shared_domain
0.0,1.0,1.0,1.0,0.0,1.0,378,173,0.0,6625dccfa9efe18f4d85cdf7,shared_domain,shared_domain
0.0,1.0,1.0,1.0,0.0,1.0,72,88,0.0,6625e7c6a9efe18f4d85ce17,shared_domain,shared_domain
1.0,1.0,1.0,1.0,0.0,1.0,-1,73,0.0,6625e7c6a9efe18f4d85ce18,shared_domain,shared_domain
1.0,1.0,1.0,1.0,0.0,1.0,115,44,0.0,6625eb63a9efe18f4d85ce2e,shared_domain,shared_domain
0.0,0.0,0.0,0.0,0.0,1.0,-2,-2,1.0,6625f658a9efe18f4d85ce55,attackers_domain,attackers_domain
1.0,0.0,0.0,0.0,0.0,1.0,-2,-2,1.0,662604fea9efe18f4d85ce9b,attackers_domain,attackers_domain
1.0,0.0,0.0,0.0,0.0,1.0,-2,-2,1.0,662604fea9efe18f4d85ce9d,attackers_domain,attackers_domain
1.0,0.0,0.0,0.0,0.0,1.0,-2,-2,1.0,662604fea9efe18f4d85cea0,attackers_domain,attackers_domain
1.0,1.0,0.0,1.0,0.0,1.0,452,654,0.0,662609e8a9efe18f4d85ceed,compromised_domain,compromised_domain
1.0,1.0,1.0,1.0,0.0,1.0,49,554,0.0,662609e9a9efe18f4d85cf47,shared_domain,shared_domain
0.0,1.0,0.0,1.0,0.0,1.0,211,130,1.0,662609e9a9efe18f4d85cf64,attackers_domain,attackers_domain
0.0,1.0,0.0,0.0,0.0,1.0,-2,-2,0.0,662609e9a9efe18f4d85cf70,shared_domain,shared_domain
0.0,0.0,0.0,0.0,0.0,1.0,-2,-2,1.0,662609e9a9efe18f4d85cf76,attackers_domain,attackers_domain
0.0,0.0,0.0,0.0,0.0,1.0,-2,-2,1.0,662609eaa9efe18f4d85cf77,attackers_domain,attackers_domain
0.0,0.0,0.0,0.0,0.0,1.0,-2,-2,1.0,662609eaa9efe18f4d85cf7f,attackers_domain,attackers_domain
0.0,0.0,0.0,0.0,0.0,1.0,-2,-2,1.0,662609eaa9efe18f4d85cf85,attackers_domain,attackers_domain
0.0,0.0,0.0,0.0,0.0,1.0,-2,-2,1.0,662609eaa9efe18f4d85cf87,attackers_domain,attackers_domain
1.0,0.0,0.0,0.0,0.0,1.0,-2,-2,1.0,662609eaa9efe18f4d85cfa3,attackers_domain,attackers_domain
0.0,1.0,0.0,1.0,0.0,1.0,163,193,1.0,662609eaa9efe18f4d85cfa6,attackers_domain,attackers_domain
1.0,0.0,0.0,0.0,1.0,0.0,-2,-2,1.0,662609eaa9efe18f4d85cfae,attackers_domain,attackers_domain
1.0,0.0,0.0,0.0,0.0,1.0,-2,-2,1.0,662609eaa9efe18f4d85cfaf,attackers_domain,attackers_domain
0.0,0.0,0.0,0.0,0.0,1.0,-2,-2,1.0,662609eaa9efe18f4d85cfb9,attackers_domain,attackers_domain
0.0,0.0,0.0,1.0,0.0,1.0,73,205,1.0,662609eaa9efe18f4d85cfba,attackers_domain,attackers_domain
0.0,0.0,0.0,1.0,0.0,1.0,69,204,1.0,662609eaa9efe18f4d85cfbb,attackers_domain,attackers_domain
0.0,0.0,0.0,0.0,0.0,1.0,-2,-2,1.0,662609eaa9efe18f4d85cfbc,attackers_domain,attackers_domain
0.0,0.0,0.0,0.0,0.0,1.0,-2,-2,1.0,662609eaa9efe18f4d85cfc1,attackers_domain,attackers_domain
1.0,0.0,0.0,0.0,1.0,0.0,-2,-2,1.0,662609eaa9efe18f4d85cfc3,attackers_domain,attackers_domain
1.0,0.0,0.0,0.0,0.0,1.0,-2,-2,1.0,662609eaa9efe18f4d85cfc7,attackers_domain,attackers_domain
1.0,1.0,1.0,1.0,0.0,1.0,115,55,0.0,662609eaa9efe18f4d85cfdd,shared_domain,shared_domain
1.0,1.0,1.0,1.0,0.0,1.0,115,55,0.0,662609eaa9efe18f4d85cfe4,shared_domain,shared_domain
1.0,1.0,1.0,1.0,0.0,1.0,115,55,0.0,662609eaa9efe18f4d85cff3,shared_domain,shared_domain
1.0,1.0,1.0,1.0,0.0,1.0,225,329,0.0,66260c36a9efe18f4d85d02c,shared_domain,shared_domain
1.0,1.0,1.0,1.0,0.0,1.0,115,48,0.0,66260c36a9efe18f4d85d02e,shared_domain,shared_domain
1.0,1.0,1.0,1.0,0.0,1.0,49,595,0.0,66260c36a9efe18f4d85d030,shared_domain,shared_domain
1.0,1.0,1.0,1.0,0.0,1.0,49,595,0.0,66260c36a9efe18f4d85d038,shared_domain,shared_domain
1.0,1.0,1.0,1.0,0.0,1.0,115,48,0.0,66260c36a9efe18f4d85d03c,shared_domain,shared_domain
1.0,1.0,1.0,1.0,0.0,1.0,115,48,0.0,66260c36a9efe18f4d85d03d,shared_domain,shared_domain
1.0,1.0,1.0,1.0,0.0,1.0,-1,203,0.0,66261872a9efe18f4d85d069,shared_domain,shared_domain
1.0,1.0,1.0,1.0,0.0,1.0,72,102,0.0,66261872a9efe18f4d85d072,shared_domain,shared_domain
1.0,1.0,0.0,0.0,0.0,1.0,-2,-2,1.0,66261872a9efe18f4d85d077,shared_domain,attackers_domain
1.0,1.0,1.0,1.0,0.0,1.0,115,271,0.0,66261872a9efe18f4d85d078,shared_domain,shared_domain
1.0,1.0,1.0,1.0,0.0,1.0,225,63,0.0,66261872a9efe18f4d85d082,shared_domain,shared_domain
1.0,1.0,0.0,1.0,0.0,0.0,269,38,0.0,66261872a9efe18f4d85d085,shared_domain,shared_domain
1.0,1.0,1.0,1.0,0.0,1.0,-1,204,0.0,66261872a9efe18f4d85d088,shared_domain,shared_domain
0.0,1.0,1.0,1.0,0.0,1.0,54,201,0.0,66261872a9efe18f4d85d08d,shared_domain,shared_domain
0.0,0.0,0.0,0.0,0.0,1.0,-2,-2,1.0,66261872a9efe18f4d85d095,attackers_domain,attackers_domain
1.0,1.0,0.0,1.0,0.0,1.0,391,76,0.0,66261872a9efe18f4d85d096,shared_domain,shared_domain
0.0,1.0,0.0,1.0,0.0,1.0,21,48,0.0,66261872a9efe18f4d85d0a3,shared_domain,shared_domain
1.0,1.0,0.0,1.0,0.0,1.0,2435,762,0.0,66261872a9efe18f4d85d0a7,shared_domain,shared_domain
1.0,1.0,1.0,1.0,0.0,1.0,115,195,0.0,66261872a9efe18f4d85d0ad,shared_domain,shared_domain
0.0,1.0,1.0,1.0,0.0,1.0,378,154,0.0,66261872a9efe18f4d85d0b2,shared_domain,shared_domain
1.0,1.0,1.0,1.0,0.0,1.0,115,471,0.0,66261872a9efe18f4d85d0b3,shared_domain,shared_domain
1.0,1.0,0.0,1.0,0.0,0.0,211,37,0.0,66261872a9efe18f4d85d0b8,shared_domain,shared_domain
1.0,1.0,1.0,1.0,0.0,1.0,225,73,0.0,66261872a9efe18f4d85d0bc,shared_domain,shared_domain
1.0,1.0,0.0,1.0,0.0,0.0,87,120,0.0,66261872a9efe18f4d85d0bf,shared_domain,shared_domain
0.0,1.0,0.0,1.0,0.0,1.0,42,83,0.0,66261872a9efe18f4d85d0d1,shared_domain,shared_domain
1.0,1.0,1.0,1.0,0.0,0.0,0,550,0.0,66261873a9efe18f4d85d0d7,shared_domain,shared_domain
1.0,1.0,1.0,1.0,0.0,1.0,225,446,0.0,66261873a9efe18f4d85d0e3,shared_domain,shared_domain
1.0,1.0,1.0,1.0,0.0,1.0,115,242,0.0,66261873a9efe18f4d85d0f6,shared_domain,shared_domain
1.0,1.0,1.0,1.0,0.0,1.0,652,105,0.0,66261873a9efe18f4d85d0f8,shared_domain,shared_domain
1.0,1.0,0.0,1.0,0.0,1.0,2435,268,0.0,66261873a9efe18f4d85d0fa,shared_domain,shared_domain
1.0,1.0,0.0,1.0,0.0,1.0,42,56,0.0,66261873a9efe18f4d85d0fd,shared_domain,shared_domain
1.0,1.0,1.0,1.0,0.0,1.0,652,248,0.0,66261873a9efe18f4d85d109,shared_domain,shared_domain
1.0,1.0,1.0,1.0,0.0,1.0,652,257,0.0,66261873a9efe18f4d85d114,shared_domain,shared_domain
1.0,0.0,0.0,0.0,0.0,1.0,-2,-2,1.0,662626cea9efe18f4d85d14c,attackers_domain,attackers_domain
1.0,1.0,0.0,1.0,0.0,0.0,39,12,0.0,662626cea9efe18f4d85d14f,shared_domain,shared_domain
1.0,0.0,0.0,0.0,1.0,0.0,-2,-2,1.0,662626cea9efe18f4d85d150,attackers_domain,attackers_domain
1.0,1.0,0.0,1.0,0.0,0.0,260,622,0.0,66263049a9efe18f4d85d18f,shared_domain,shared_domain
1.0,1.0,0.0,1.0,0.0,0.0,41,69,0.0,66263773a9efe18f4d85d1ac,shared_domain,shared_domain
1.0,1.0,0.0,1.0,0.0,1.0,-1,4941,0.0,66264259a9efe18f4d85d1f6,shared_domain,shared_domain
1.0,1.0,0.0,1.0,0.0,1.0,42,56,0.0,662645eba9efe18f4d85d224,shared_domain,shared_domain
1.0,0.0,0.0,0.0,0.0,0.0,-2,-2,1.0,66264985a9efe18f4d85d231,attackers_domain,attackers_domain
1.0,1.0,0.0,1.0,0.0,0.0,4432,487,0.0,66265222a9efe18f4d85d330,shared_domain,shared_domain
1.0,1.0,0.0,1.0,0.0,1.0,1073,114,0.0,66265224a9efe18f4d85d33b,shared_domain,shared_domain
0.0,1.0,1.0,1.0,0.0,1.0,378,148,0.0,66265226a9efe18f4d85d341,shared_domain,shared_domain
1.0,1.0,0.0,1.0,0.0,0.0,4432,468,0.0,6626522aa9efe18f4d85d34f,shared_domain,shared_domain
1.0,1.0,0.0,1.0,0.0,0.0,4432,465,0.0,6626522da9efe18f4d85d356,shared_domain,shared_domain
1.0,0.0,0.0,1.0,0.0,1.0,-2,-2,1.0,66265236a9efe18f4d85d373,attackers_domain,attackers_domain
1.0,0.0,0.0,1.0,1.0,0.0,-2,-2,1.0,66265237a9efe18f4d85d378,attackers_domain,attackers_domain
0.0,0.0,0.0,0.0,0.0,1.0,-2,-2,1.0,6626523ca9efe18f4d85d387,attackers_domain,attackers_domain
0.0,0.0,0.0,1.0,0.0,1.0,-2,-2,1.0,66265241a9efe18f4d85d395,attackers_domain,attackers_domain
0.0,0.0,0.0,1.0,0.0,1.0,-1,20,1.0,66265243a9efe18f4d85d39b,attackers_domain,attackers_domain
0.0,1.0,0.0,1.0,0.0,1.0,42,14,0.0,66265247a9efe18f4d85d3a7,shared_domain,shared_domain
1.0,0.0,0.0,1.0,0.0,1.0,-2,-2,1.0,6626524ca9efe18f4d85d3b8,attackers_domain,attackers_domain
0.0,0.0,0.0,1.0,0.0,1.0,-1,20,1.0,6626524da9efe18f4d85d3ba,attackers_domain,attackers_domain
1.0,0.0,0.0,0.0,0.0,1.0,-2,-2,1.0,66265250a9efe18f4d85d3c1,attackers_domain,attackers_domain
1.0,1.0,0.0,1.0,0.0,1.0,1073,52,0.0,66265250a9efe18f4d85d3c2,shared_domain,shared_domain
1.0,0.0,0.0,0.0,0.0,1.0,-2,-2,1.0,66265253a9efe18f4d85d3c9,attackers_domain,attackers_domain
1.0,1.0,0.0,1.0,0.0,1.0,430,122,0.0,6626525ea9efe18f4d85d3e0,shared_domain,shared_domain
0.0,1.0,1.0,1.0,0.0,1.0,378,199,0.0,6626526ea9efe18f4d85d400,shared_domain,shared_domain
1.0,1.0,1.0,1.0,0.0,1.0,115,66,0.0,66265278a9efe18f4d85d413,shared_domain,shared_domain
0.0,1.0,0.0,1.0,0.0,1.0,555,20,0.0,66265287a9efe18f4d85d430,shared_domain,shared_domain
1.0,0.0,0.0,0.0,0.0,0.0,-2,-2,1.0,66265288a9efe18f4d85d431,attackers_domain,attackers_domain
0.0,1.0,0.0,1.0,0.0,1.0,555,28,0.0,6626528ba9efe18f4d85d43b,shared_domain,shared_domain
0.0,1.0,0.0,1.0,0.0,1.0,555,26,0.0,6626528ca9efe18f4d85d43e,shared_domain,shared_domain
1.0,1.0,1.0,1.0,0.0,1.0,115,38,0.0,6626528da9efe18f4d85d43f,shared_domain,shared_domain
0.0,1.0,0.0,1.0,0.0,1.0,555,28,0.0,6626528fa9efe18f4d85d443,shared_domain,shared_domain
0.0,1.0,0.0,1.0,0.0,1.0,555,48,0.0,66265295a9efe18f4d85d44e,shared_domain,shared_domain
0.0,1.0,0.0,1.0,0.0,1.0,555,61,0.0,66265298a9efe18f4d85d457,shared_domain,shared_domain
0.0,1.0,0.0,1.0,0.0,1.0,555,23,0.0,6626529ea9efe18f4d85d462,shared_domain,shared_domain
1.0,1.0,1.0,1.0,0.0,1.0,652,90,0.0,6626529ea9efe18f4d85d464,shared_domain,shared_domain
0.0,1.0,0.0,1.0,0.0,1.0,555,45,0.0,662652a0a9efe18f4d85d468,shared_domain,shared_domain
0.0,1.0,0.0,1.0,0.0,1.0,555,29,0.0,662652a1a9efe18f4d85d46b,shared_domain,shared_domain
1.0,1.0,1.0,1.0,0.0,1.0,652,215,0.0,662652a4a9efe18f4d85d472,shared_domain,shared_domain
1.0,1.0,0.0,1.0,0.0,0.0,4432,368,0.0,662652a7a9efe18f4d85d476,shared_domain,shared_domain
1.0,1.0,1.0,1.0,0.0,1.0,652,60,0.0,662652a9a9efe18f4d85d479,shared_domain,shared_domain
0.0,1.0,0.0,1.0,0.0,1.0,555,33,0.0,662652aca9efe18f4d85d47e,shared_domain,shared_domain
1.0,1.0,0.0,0.0,1.0,0.0,-2,-2,1.0,662652b5a9efe18f4d85d494,attackers_domain,attackers_domain
1.0,1.0,1.0,1.0,0.0,1.0,652,98,0.0,662652b9a9efe18f4d85d498,shared_domain,shared_domain
0.0,1.0,0.0,1.0,0.0,1.0,555,26,0.0,662652b9a9efe18f4d85d499,shared_domain,shared_domain
1.0,1.0,0.0,1.0,0.0,1.0,1995,84,0.0,662652baa9efe18f4d85d49b,shared_domain,shared_domain
1.0,1.0,1.0,1.0,0.0,1.0,115,56,0.0,662652bca9efe18f4d85d49d,shared_domain,shared_domain
0.0,0.0,0.0,0.0,0.0,1.0,-2,-2,1.0,6626546da9efe18f4d85d4a7,attackers_domain,attackers_domain
1.0,0.0,0.0,0.0,0.0,1.0,-2,-2,1.0,66265822a9efe18f4d85d4df,attackers_domain,attackers_domain
0.0,1.0,1.0,1.0,0.0,1.0,378,147,0.0,66265bcea9efe18f4d85d4fd,shared_domain,shared_domain
1.0,1.0,0.0,1.0,0.0,0.0,4432,428,0.0,662660afa9efe18f4d85d50e,shared_domain,shared_domain
0.0,1.0,0.0,1.0,0.0,1.0,3,53,1.0,66266a73a9efe18f4d85d553,shared_domain,attackers_domain
1.0,1.0,0.0,1.0,0.0,0.0,0,559,0.0,66266e14a9efe18f4d85d564,attackers_domain,attackers_domain
1.0,1.0,1.0,1.0,0.0,1.0,115,374,0.0,66266f5aa9efe18f4d85d585,shared_domain,shared_domain
1.0,1.0,0.0,1.0,0.0,0.0,4432,452,0.0,66266f5aa9efe18f4d85d588,shared_domain,shared_domain
1.0,1.0,1.0,1.0,0.0,1.0,-1,204,0.0,662671a3a9efe18f4d85d58c,shared_domain,shared_domain
1.0,1.0,1.0,1.0,0.0,1.0,49,595,0.0,66267540a9efe18f4d85d5af,shared_domain,shared_domain
0.0,1.0,0.0,1.0,0.0,1.0,42,73,0.0,66267540a9efe18f4d85d5b2,shared_domain,shared_domain
1.0,0.0,0.0,1.0,1.0,0.0,-1,40,1.0,662678e4a9efe18f4d85d5c0,attackers_domain,attackers_domain
1.0,1.0,1.0,1.0,0.0,1.0,-1,204,0.0,66267c8da9efe18f4d85d5c7,shared_domain,shared_domain
1.0,1.0,0.0,0.0,0.0,1.0,-2,-2,0.0,66267dd0a9efe18f4d85d5e8,shared_domain,shared_domain
1.0,1.0,1.0,1.0,0.0,1.0,-1,202,0.0,66267dd0a9efe18f4d85d5fb,shared_domain,shared_domain
1.0,1.0,1.0,1.0,0.0,1.0,-1,202,0.0,66267dd0a9efe18f4d85d5fd,shared_domain,shared_domain
1.0,1.0,1.0,1.0,0.0,1.0,225,73,0.0,66267dd0a9efe18f4d85d601,shared_domain,shared_domain
1.0,1.0,1.0,1.0,0.0,1.0,481,701,0.0,66267dd0a9efe18f4d85d602,shared_domain,shared_domain
0.0,1.0,0.0,1.0,0.0,1.0,43,11,0.0,66267dd0a9efe18f4d85d613,shared_domain,shared_domain
0.0,1.0,1.0,1.0,0.0,1.0,378,244,0.0,662683a1a9efe18f4d85d61c,shared_domain,shared_domain
1.0,1.0,1.0,1.0,0.0,1.0,115,525,0.0,662683a1a9efe18f4d85d625,shared_domain,shared_domain
1.0,0.0,0.0,0.0,1.0,0.0,-2,-2,1.0,66268737a9efe18f4d85d62b,attackers_domain,attackers_domain
1.0,0.0,0.0,0.0,0.0,1.0,-2,-2,1.0,66268acba9efe18f4d85d639,attackers_domain,attackers_domain
1.0,1.0,1.0,1.0,0.0,1.0,115,57,0.0,66268acba9efe18f4d85d63b,shared_domain,shared_domain
1.0,1.0,1.0,1.0,0.0,1.0,481,701,0.0,66268c11a9efe18f4d85d65d,shared_domain,shared_domain
1.0,1.0,1.0,1.0,0.0,1.0,-1,203,0.0,66268e52a9efe18f4d85d65e,shared_domain,shared_domain
0.0,1.0,0.0,1.0,0.0,1.0,3,49,1.0,6626959ba9efe18f4d85da3a,shared_domain,attackers_domain
1.0,1.0,0.0,1.0,1.0,0.0,-2,-2,1.0,6626959ca9efe18f4d85da4b,attackers_domain,attackers_domain
1.0,1.0,0.0,1.0,0.0,1.0,92,54,0.0,6626a085a9efe18f4d85dabf,shared_domain,shared_domain
0.0,1.0,1.0,1.0,0.0,1.0,54,335,0.0,6626a7caa9efe18f4d85dac8,shared_domain,shared_domain
1.0,1.0,0.0,1.0,0.0,0.0,23,334,0.0,6626af04a9efe18f4d85dae4,compromised_domain,compromised_domain
0.0,1.0,0.0,1.0,0.0,1.0,387,70,0.0,6626af04a9efe18f4d85dae7,shared_domain,shared_domain
0.0,1.0,0.0,1.0,0.0,1.0,304,100,0.0,6626b784a9efe18f4d85db00,shared_domain,shared_domain
1.0,1.0,1.0,1.0,0.0,0.0,0,174,0.0,6626b784a9efe18f4d85db11,shared_domain,shared_domain
1.0,1.0,1.0,1.0,0.0,0.0,0,174,0.0,6626b784a9efe18f4d85db1c,shared_domain,shared_domain
1.0,1.0,0.0,0.0,0.0,0.0,-2,-2,0.0,6626b784a9efe18f4d85db1d,shared_domain,shared_domain
1.0,1.0,0.0,1.0,0.0,1.0,430,172,0.0,6626b784a9efe18f4d85db1e,shared_domain,shared_domain
1.0,1.0,1.0,1.0,0.0,1.0,-1,204,0.0,6626c0f3a9efe18f4d85db2b,shared_domain,shared_domain
1.0,1.0,0.0,1.0,1.0,0.0,-1,145,1.0,6626c5faa9efe18f4d85db33,shared_domain,shared_domain
0.0,1.0,1.0,1.0,0.0,1.0,4,228,0.0,6626c5faa9efe18f4d85db3b,shared_domain,shared_domain
0.0,1.0,1.0,1.0,0.0,1.0,4,403,0.0,6626c5faa9efe18f4d85db3c,shared_domain,shared_domain
0.0,1.0,1.0,1.0,0.0,1.0,378,154,0.0,6626c5faa9efe18f4d85db44,shared_domain,shared_domain
1.0,1.0,0.0,1.0,0.0,0.0,4432,468,0.0,6626c5faa9efe18f4d85db4f,shared_domain,shared_domain
1.0,0.0,0.0,1.0,1.0,0.0,-2,-2,1.0,6626cbd8a9efe18f4d85db61,attackers_domain,attackers_domain
1.0,0.0,0.0,1.0,1.0,0.0,-2,-2,1.0,6626cbd8a9efe18f4d85db6c,attackers_domain,attackers_domain
1.0,1.0,0.0,1.0,1.0,0.0,-2,-2,1.0,6626cf8aa9efe18f4d85db87,attackers_domain,attackers_domain
1.0,1.0,0.0,1.0,1.0,0.0,-2,-2,1.0,6626cf8aa9efe18f4d85db8c,attackers_domain,attackers_domain
1.0,1.0,0.0,1.0,1.0,0.0,-2,-2,1.0,6626cf8aa9efe18f4d85db8e,attackers_domain,attackers_domain
1.0,1.0,0.0,1.0,1.0,0.0,-2,-2,1.0,6626cf8ba9efe18f4d85db90,attackers_domain,attackers_domain
1.0,1.0,1.0,1.0,0.0,1.0,225,75,0.0,6626cf8ba9efe18f4d85db99,shared_domain,shared_domain
1.0,0.0,0.0,1.0,1.0,0.0,101,883,1.0,6626d318a9efe18f4d85dba0,attackers_domain,attackers_domain
1.0,1.0,0.0,1.0,0.0,0.0,155,88,0.0,6626d6d7a9efe18f4d85dbbc,shared_domain,shared_domain
1.0,1.0,1.0,1.0,0.0,1.0,115,317,0.0,6626da79a9efe18f4d85dbc2,shared_domain,shared_domain
1.0,0.0,0.0,1.0,1.0,0.0,-1,7,1.0,6626da79a9efe18f4d85dbd2,attackers_domain,attackers_domain
0.0,1.0,0.0,1.0,0.0,1.0,303,486,0.0,6626e316a9efe18f4d85dbf9,shared_domain,shared_domain
0.0,1.0,1.0,1.0,0.0,1.0,72,98,0.0,6626e316a9efe18f4d85dbfc,shared_domain,shared_domain
1.0,1.0,0.0,1.0,1.0,0.0,-1,151,1.0,6626e316a9efe18f4d85dbfd,shared_domain,shared_domain
1.0,1.0,0.0,1.0,0.0,0.0,381,2034,0.0,6626e316a9efe18f4d85dc0d,shared_domain,shared_domain
1.0,1.0,1.0,1.0,0.0,1.0,-1,203,0.0,6626e316a9efe18f4d85dc0e,shared_domain,shared_domain
0.0,1.0,1.0,1.0,0.0,1.0,378,158,0.0,6626e557a9efe18f4d85dc14,shared_domain,shared_domain
1.0,1.0,1.0,1.0,0.0,1.0,-1,204,0.0,6626f18da9efe18f4d85dc40,shared_domain,shared_domain
1.0,0.0,0.0,0.0,0.0,0.0,-2,-2,1.0,6626f3cea9efe18f4d85dc4c,attackers_domain,attackers_domain
1.0,0.0,0.0,1.0,0.0,0.0,-2,-2,1.0,6626f3cea9efe18f4d85dc52,attackers_domain,attackers_domain
0.0,1.0,1.0,1.0,0.0,1.0,378,151,0.0,6626fa3ca9efe18f4d85dcda,shared_domain,shared_domain
0.0,1.0,0.0,1.0,0.0,1.0,303,490,0.0,6626fa50a9efe18f4d85dd1b,shared_domain,shared_domain
1.0,1.0,1.0,1.0,0.0,1.0,49,288,0.0,6626fa53a9efe18f4d85dd26,shared_domain,shared_domain
1.0,0.0,0.0,0.0,0.0,1.0,-2,-2,,6626fa55a9efe18f4d85dd2c,attackers_domain,attackers_domain
0.0,1.0,1.0,1.0,0.0,1.0,378,165,0.0,6626fa62a9efe18f4d85dd53,shared_domain,shared_domain
1.0,1.0,0.0,1.0,1.0,0.0,693,14,0.0,6626fa69a9efe18f4d85dd67,attackers_domain,compromised_domain
1.0,1.0,1.0,1.0,0.0,1.0,225,184,0.0,6626fa70a9efe18f4d85dd7e,shared_domain,shared_domain
1.0,1.0,1.0,1.0,0.0,1.0,225,184,0.0,6626fa74a9efe18f4d85dd85,shared_domain,shared_domain
0.0,1.0,1.0,1.0,0.0,1.0,378,150,0.0,6626fa84a9efe18f4d85ddba,shared_domain,shared_domain
1.0,1.0,1.0,1.0,0.0,1.0,225,184,0.0,6626fa88a9efe18f4d85ddc7,shared_domain,shared_domain
1.0,1.0,0.0,1.0,0.0,0.0,4432,453,0.0,6626fa8aa9efe18f4d85ddcd,shared_domain,shared_domain
1.0,1.0,0.0,1.0,0.0,0.0,4432,442,0.0,6626fa94a9efe18f4d85dde8,shared_domain,shared_domain
1.0,0.0,0.0,1.0,0.0,1.0,71,209,1.0,6626fa99a9efe18f4d85ddf8,attackers_domain,attackers_domain
1.0,1.0,0.0,1.0,0.0,0.0,96,115,,6626fa9fa9efe18f4d85de0a,shared_domain,shared_domain
0.0,1.0,0.0,1.0,0.0,1.0,555,117,0.0,6626faa9a9efe18f4d85de22,shared_domain,shared_domain
1.0,1.0,1.0,1.0,0.0,1.0,225,256,0.0,6626faaba9efe18f4d85de28,shared_domain,shared_domain
1.0,1.0,1.0,1.0,0.0,1.0,115,88,0.0,6626faada9efe18f4d85de2d,shared_domain,shared_domain
0.0,0.0,0.0,0.0,0.0,1.0,-2,-2,1.0,6626faaea9efe18f4d85de30,attackers_domain,attackers_domain
1.0,1.0,0.0,1.0,0.0,0.0,4432,566,0.0,6626faafa9efe18f4d85de31,shared_domain,shared_domain
1.0,1.0,0.0,1.0,0.0,1.0,2435,58,0.0,6626fab4a9efe18f4d85de3a,shared_domain,shared_domain
1.0,1.0,1.0,1.0,0.0,1.0,115,68,0.0,6626fab7a9efe18f4d85de41,shared_domain,shared_domain
1.0,1.0,0.0,1.0,0.0,0.0,4432,421,0.0,6626fabaa9efe18f4d85de49,shared_domain,shared_domain
1.0,1.0,0.0,1.0,0.0,0.0,30,486,0.0,6626fac1a9efe18f4d85de52,compromised_domain,compromised_domain
1.0,1.0,1.0,1.0,0.0,1.0,115,76,0.0,6626fac6a9efe18f4d85de59,shared_domain,shared_domain
1.0,1.0,1.0,1.0,0.0,1.0,652,73,0.0,6626facca9efe18f4d85de6b,shared_domain,shared_domain
0.0,1.0,0.0,1.0,0.0,1.0,12,42,0.0,6626fb84a9efe18f4d85de80,shared_domain,shared_domain
1.0,1.0,1.0,1.0,0.0,1.0,115,525,0.0,6626fb84a9efe18f4d85de84,shared_domain,shared_domain
1.0,1.0,0.0,1.0,0.0,0.0,155,8,1.0,6626fb84a9efe18f4d85de88,shared_domain,attackers_domain
0.0,1.0,0.0,1.0,0.0,1.0,-1,85,1.0,66270069a9efe18f4d85de9f,attackers_domain,attackers_domain
0.0,1.0,0.0,1.0,0.0,1.0,336,68,0.0,66270f05a9efe18f4d85debd,shared_domain,shared_domain
1.0,0.0,0.0,0.0,0.0,1.0,-2,-2,1.0,66271fbaa9efe18f4d85df31,attackers_domain,attackers_domain
0.0,1.0,1.0,1.0,0.0,1.0,378,157,0.0,66271fbaa9efe18f4d85df35,shared_domain,shared_domain
0.0,1.0,1.0,1.0,0.0,1.0,54,381,0.0,66272356a9efe18f4d85df3a,shared_domain,shared_domain
1.0,1.0,0.0,1.0,0.0,0.0,0,61,0.0,662726f4a9efe18f4d85df51,attackers_domain,compromised_domain
1.0,0.0,0.0,0.0,0.0,1.0,-2,-2,1.0,662726f5a9efe18f4d85df6b,attackers_domain,attackers_domain
0.0,1.0,1.0,1.0,0.0,1.0,378,154,0.0,66273567a9efe18f4d85df95,shared_domain,shared_domain
1.0,1.0,1.0,1.0,0.0,1.0,115,105,0.0,66273a4ea9efe18f4d85dfad,shared_domain,shared_domain
1.0,1.0,0.0,1.0,1.0,0.0,-1,123,1.0,66273a4fa9efe18f4d85dfe7,shared_domain,shared_domain
1.0,0.0,0.0,0.0,0.0,1.0,-2,-2,1.0,66274073a9efe18f4d85e034,attackers_domain,attackers_domain
1.0,1.0,0.0,0.0,0.0,1.0,-2,-2,1.0,662747aaa9efe18f4d85e048,attackers_domain,attackers_domain
1.0,1.0,1.0,1.0,0.0,1.0,115,39,0.0,662747aaa9efe18f4d85e04d,shared_domain,shared_domain
1.0,1.0,1.0,1.0,0.0,1.0,115,39,0.0,662747aaa9efe18f4d85e051,shared_domain,shared_domain
1.0,1.0,1.0,1.0,0.0,1.0,115,43,0.0,662747aaa9efe18f4d85e052,shared_domain,shared_domain
1.0,1.0,1.0,1.0,0.0,1.0,115,43,0.0,662747aaa9efe18f4d85e054,shared_domain,shared_domain
1.0,1.0,1.0,1.0,0.0,1.0,115,39,0.0,662747aaa9efe18f4d85e056,shared_domain,shared_domain
1.0,0.0,0.0,1.0,1.0,0.0,-2,-2,1.0,662748eba9efe18f4d85e058,attackers_domain,attackers_domain
0.0,1.0,1.0,1.0,0.0,1.0,4,238,0.0,662748eba9efe18f4d85e05a,shared_domain,shared_domain
0.0,1.0,0.0,1.0,0.0,1.0,430,231,0.0,662748eba9efe18f4d85e060,shared_domain,shared_domain
1.0,0.0,0.0,0.0,1.0,0.0,-2,-2,1.0,662748eba9efe18f4d85e062,attackers_domain,attackers_domain
1.0,0.0,0.0,1.0,1.0,0.0,-2,-2,1.0,662748eba9efe18f4d85e063,attackers_domain,attackers_domain
1.0,0.0,0.0,0.0,1.0,0.0,-2,-2,1.0,662748eca9efe18f4d85e068,attackers_domain,attackers_domain
1.0,1.0,0.0,0.0,0.0,1.0,-2,-2,1.0,66274ee5a9efe18f4d85e06a,attackers_domain,attackers_domain
1.0,0.0,0.0,0.0,0.0,0.0,-2,-2,1.0,66275757a9efe18f4d85e08b,attackers_domain,attackers_domain
1.0,1.0,0.0,1.0,0.0,0.0,0,16,0.0,662757bca9efe18f4d85e08e,attackers_domain,shared_domain
1.0,1.0,1.0,1.0,0.0,1.0,320,7,0.0,662757dca9efe18f4d85e08f,shared_domain,shared_domain
1.0,1.0,0.0,1.0,0.0,1.0,15,10,0.0,66275d76a9efe18f4d85e099,shared_domain,shared_domain
1.0,0.0,0.0,0.0,0.0,1.0,-2,-2,1.0,66275d76a9efe18f4d85e09d,attackers_domain,attackers_domain
0.0,1.0,0.0,1.0,0.0,1.0,336,73,0.0,662764b9a9efe18f4d85e0a4,shared_domain,shared_domain
0.0,1.0,0.0,1.0,0.0,1.0,12,11,0.0,66276c0ca9efe18f4d85e0ca,shared_domain,shared_domain
1.0,0.0,0.0,0.0,0.0,0.0,-2,-2,1.0,66277349a9efe18f4d85e0dc,attackers_domain,attackers_domain
0.0,1.0,0.0,0.0,0.0,1.0,-2,-2,0.0,6627759da9efe18f4d85e237,shared_domain,shared_domain
1.0,1.0,0.0,0.0,0.0,0.0,-2,-2,1.0,662783d1a9efe18f4d85e276,attackers_domain,attackers_domain
1.0,1.0,0.0,1.0,0.0,0.0,603,144,0.0,662783d2a9efe18f4d85e28b,shared_domain,shared_domain
0.0,1.0,1.0,1.0,0.0,1.0,378,150,0.0,6627893aa9efe18f4d85e2a3,shared_domain,shared_domain
0.0,1.0,1.0,1.0,0.0,1.0,54,528,0.0,66279082a9efe18f4d85e2ac,shared_domain,shared_domain
1.0,0.0,0.0,0.0,0.0,0.0,-2,-2,1.0,66279082a9efe18f4d85e2ad,attackers_domain,attackers_domain
1.0,0.0,0.0,0.0,0.0,1.0,-2,-2,1.0,662797a9a9efe18f4d85e2d1,attackers_domain,attackers_domain
1.0,1.0,1.0,1.0,0.0,1.0,115,48,0.0,662797a9a9efe18f4d85e2d4,shared_domain,shared_domain
1.0,1.0,1.0,1.0,0.0,1.0,660,87,0.0,66279f03a9efe18f4d85e31c,shared_domain,shared_domain
1.0,1.0,0.0,1.0,0.0,1.0,1995,233,0.0,6627a401a9efe18f4d85e34c,shared_domain,shared_domain
1.0,1.0,1.0,1.0,0.0,1.0,115,76,0.0,6627a404a9efe18f4d85e355,shared_domain,shared_domain
1.0,1.0,0.0,1.0,0.0,1.0,34,591,0.0,6627a409a9efe18f4d85e35d,shared_domain,shared_domain
1.0,1.0,0.0,1.0,0.0,1.0,1995,53,0.0,6627a415a9efe18f4d85e378,shared_domain,shared_domain
1.0,0.0,0.0,0.0,0.0,1.0,-2,-2,1.0,6627a41ca9efe18f4d85e384,attackers_domain,attackers_domain
1.0,1.0,0.0,1.0,0.0,0.0,45,368,0.0,6627a425a9efe18f4d85e396,compromised_domain,compromised_domain
1.0,1.0,0.0,1.0,0.0,0.0,45,1965,0.0,6627a425a9efe18f4d85e397,compromised_domain,compromised_domain
1.0,0.0,0.0,1.0,1.0,0.0,-1,8,1.0,6627a42ea9efe18f4d85e3a4,attackers_domain,attackers_domain
0.0,1.0,0.0,1.0,0.0,1.0,336,73,0.0,6627a44ea9efe18f4d85e3e7,shared_domain,shared_domain
0.0,1.0,0.0,1.0,0.0,1.0,304,114,0.0,6627a47da9efe18f4d85e44a,shared_domain,shared_domain
0.0,1.0,1.0,1.0,0.0,1.0,4,238,0.0,6627a485a9efe18f4d85e466,shared_domain,shared_domain
1.0,1.0,1.0,1.0,0.0,1.0,652,91,0.0,6627a48aa9efe18f4d85e474,shared_domain,shared_domain
1.0,1.0,0.0,1.0,0.0,0.0,4432,488,0.0,6627a48ba9efe18f4d85e477,shared_domain,shared_domain
1.0,1.0,1.0,1.0,0.0,1.0,-1,204,0.0,6627a676a9efe18f4d85e48f,shared_domain,shared_domain
1.0,1.0,1.0,1.0,0.0,0.0,0,569,0.0,6627aa0ea9efe18f4d85e4a9,shared_domain,shared_domain
1.0,1.0,1.0,1.0,0.0,0.0,0,54,0.0,6627aef1a9efe18f4d85e4c7,shared_domain,shared_domain
0.0,1.0,1.0,1.0,0.0,1.0,378,177,0.0,6627b133a9efe18f4d85e4e6,shared_domain,shared_domain
1.0,0.0,0.0,0.0,0.0,1.0,-2,-2,1.0,6627b133a9efe18f4d85e4ee,attackers_domain,attackers_domain
0.0,1.0,0.0,1.0,0.0,1.0,304,98,0.0,6627b133a9efe18f4d85e4f0,shared_domain,shared_domain
1.0,1.0,1.0,1.0,0.0,1.0,49,61,0.0,6627b869a9efe18f4d85e51b,shared_domain,shared_domain
1.0,1.0,0.0,1.0,0.0,1.0,92,57,0.0,6627b869a9efe18f4d85e51f,shared_domain,shared_domain
0.0,1.0,1.0,1.0,0.0,1.0,77,155,0.0,6627bd04a9efe18f4d85e538,shared_domain,shared_domain
1.0,1.0,1.0,1.0,0.0,1.0,-1,202,0.0,6627bd04a9efe18f4d85e53a,shared_domain,shared_domain
1.0,1.0,1.0,1.0,0.0,1.0,-1,204,0.0,6627bd04a9efe18f4d85e53e,shared_domain,shared_domain
1.0,1.0,1.0,1.0,0.0,1.0,49,595,0.0,6627bfc3a9efe18f4d85e54c,shared_domain,shared_domain
1.0,0.0,0.0,0.0,1.0,0.0,-2,-2,1.0,6627bfc3a9efe18f4d85e554,attackers_domain,attackers_domain
1.0,1.0,1.0,1.0,0.0,1.0,115,48,0.0,6627c35fa9efe18f4d85e55b,shared_domain,shared_domain
1.0,0.0,0.0,0.0,0.0,1.0,-2,-2,1.0,6627c6f9a9efe18f4d85e561,attackers_domain,attackers_domain
1.0,0.0,0.0,0.0,0.0,1.0,-2,-2,1.0,6627c6f9a9efe18f4d85e567,attackers_domain,attackers_domain
1.0,1.0,0.0,0.0,1.0,0.0,-2,-2,1.0,6627c6f9a9efe18f4d85e56d,attackers_domain,attackers_domain
1.0,1.0,1.0,1.0,0.0,1.0,481,701,0.0,6627c6f9a9efe18f4d85e56f,shared_domain,shared_domain
1.0,1.0,0.0,1.0,0.0,1.0,205,7,1.0,6627cb1aa9efe18f4d85e57d,attackers_domain,attackers_domain
1.0,1.0,1.0,1.0,0.0,1.0,115,48,0.0,6627d57ea9efe18f4d85e593,shared_domain,shared_domain
1.0,1.0,0.0,1.0,0.0,0.0,114,67,0.0,6627d918a9efe18f4d85e596,shared_domain,shared_domain
1.0,1.0,1.0,1.0,0.0,1.0,-1,204,0.0,6627d918a9efe18f4d85e598,shared_domain,shared_domain
1.0,1.0,1.0,1.0,0.0,1.0,49,149,0.0,6627d961a9efe18f4d85e59c,shared_domain,shared_domain
0.0,1.0,1.0,1.0,0.0,1.0,378,190,0.0,6627dcd4a9efe18f4d85e5b4,shared_domain,shared_domain
1.0,1.0,1.0,1.0,0.0,1.0,-1,110,0.0,6627dcd4a9efe18f4d85e5b6,shared_domain,shared_domain
1.0,1.0,1.0,1.0,0.0,0.0,0,569,0.0,6627dcd4a9efe18f4d85e5bd,shared_domain,shared_domain
1.0,0.0,0.0,0.0,0.0,1.0,-2,-2,1.0,6627dcd4a9efe18f4d85e5bf,attackers_domain,attackers_domain
1.0,1.0,1.0,1.0,0.0,1.0,49,61,0.0,6627e40ba9efe18f4d85e5cf,shared_domain,shared_domain
1.0,1.0,1.0,1.0,0.0,1.0,49,52,0.0,6627e40ba9efe18f4d85e5d8,shared_domain,shared_domain
0.0,1.0,1.0,1.0,0.0,1.0,72,89,0.0,6627e7a6a9efe18f4d85e5db,shared_domain,shared_domain
1.0,1.0,1.0,1.0,0.0,1.0,-1,204,0.0,6627e7a7a9efe18f4d85e5e4,shared_domain,shared_domain
1.0,1.0,1.0,1.0,0.0,1.0,225,156,0.0,6627eb5ba9efe18f4d85e604,shared_domain,shared_domain
0.0,1.0,0.0,1.0,0.0,1.0,59,256,0.0,6627eb5ba9efe18f4d85e605,shared_domain,shared_domain
0.0,1.0,0.0,1.0,0.0,1.0,59,256,0.0,6627eb5ba9efe18f4d85e606,shared_domain,shared_domain
1.0,1.0,0.0,1.0,1.0,0.0,2,742,1.0,6627eef6a9efe18f4d85e613,attackers_domain,attackers_domain
1.0,1.0,0.0,1.0,1.0,0.0,-2,-2,1.0,6627eef6a9efe18f4d85e619,attackers_domain,attackers_domain
1.0,1.0,1.0,1.0,0.0,1.0,-1,203,0.0,6627f290a9efe18f4d85e61d,shared_domain,shared_domain
0.0,1.0,1.0,1.0,0.0,1.0,378,190,0.0,6627f290a9efe18f4d85e621,shared_domain,shared_domain
1.0,0.0,0.0,1.0,1.0,0.0,65,656,1.0,6627fa9da9efe18f4d85e637,attackers_domain,attackers_domain
1.0,1.0,0.0,1.0,0.0,0.0,310,418,0.0,6627fa9ea9efe18f4d85e662,shared_domain,shared_domain
0.0,1.0,1.0,1.0,0.0,1.0,72,98,0.0,6627fe39a9efe18f4d85e678,shared_domain,shared_domain
1.0,1.0,0.0,1.0,1.0,0.0,-2,-2,1.0,662801c2a9efe18f4d85e6a4,attackers_domain,attackers_domain
0.0,1.0,0.0,1.0,0.0,1.0,12,14,0.0,662801c2a9efe18f4d85e6ae,shared_domain,shared_domain
0.0,0.0,0.0,0.0,0.0,1.0,-2,-2,1.0,662801c2a9efe18f4d85e6af,attackers_domain,attackers_domain
0.0,0.0,0.0,0.0,0.0,1.0,-2,-2,1.0,6628042fa9efe18f4d85e6b3,attackers_domain,attackers_domain
1.0,1.0,1.0,1.0,0.0,1.0,225,78,0.0,6628042fa9efe18f4d85e6b8,shared_domain,shared_domain
0.0,1.0,0.0,1.0,0.0,1.0,304,100,0.0,6628042fa9efe18f4d85e6bf,shared_domain,shared_domain
0.0,1.0,1.0,1.0,0.0,1.0,77,156,0.0,6628042fa9efe18f4d85e6c0,shared_domain,shared_domain
1.0,1.0,1.0,1.0,0.0,1.0,-1,203,0.0,6628042fa9efe18f4d85e6c7,shared_domain,shared_domain
1.0,1.0,0.0,1.0,1.0,0.0,-2,-2,1.0,6628091ba9efe18f4d85e6df,attackers_domain,attackers_domain
1.0,1.0,1.0,1.0,0.0,1.0,-1,204,0.0,6628091ba9efe18f4d85e6e7,shared_domain,shared_domain
1.0,1.0,1.0,1.0,0.0,0.0,0,842,0.0,6628091ba9efe18f4d85e6f2,shared_domain,shared_domain
1.0,0.0,0.0,1.0,0.0,1.0,-2,-2,1.0,6628091ba9efe18f4d85e6f3,attackers_domain,attackers_domain
1.0,1.0,0.0,1.0,1.0,0.0,-2,-2,1.0,6628091ba9efe18f4d85e6f5,attackers_domain,attackers_domain
0.0,1.0,1.0,1.0,0.0,1.0,72,101,0.0,66280cb7a9efe18f4d85e700,shared_domain,shared_domain
0.0,1.0,0.0,1.0,0.0,1.0,211,193,0.0,66280cb7a9efe18f4d85e707,shared_domain,shared_domain
1.0,1.0,0.0,1.0,0.0,0.0,47,15,0.0,66280cb7a9efe18f4d85e70a,shared_domain,shared_domain
1.0,1.0,0.0,1.0,0.0,1.0,0,11,0.0,66280cb7a9efe18f4d85e70b,compromised_domain,shared_domain
0.0,1.0,1.0,1.0,0.0,1.0,54,196,0.0,66280cb7a9efe18f4d85e712,shared_domain,shared_domain
1.0,1.0,0.0,1.0,0.0,0.0,49,435,0.0,66281053a9efe18f4d85e713,compromised_domain,compromised_domain
1.0,1.0,1.0,1.0,0.0,1.0,481,701,0.0,66281053a9efe18f4d85e715,shared_domain,shared_domain
1.0,1.0,0.0,1.0,0.0,0.0,105,55,,66281245a9efe18f4d85e72e,shared_domain,shared_domain
0.0,1.0,0.0,1.0,0.0,1.0,430,207,0.0,66281245a9efe18f4d85e72f,shared_domain,shared_domain
1.0,1.0,0.0,1.0,0.0,0.0,-1,110,1.0,66281412a9efe18f4d85e73a,attackers_domain,attackers_domain
0.0,1.0,1.0,1.0,0.0,1.0,4,204,0.0,66281412a9efe18f4d85e74c,shared_domain,shared_domain
1.0,1.0,1.0,1.0,0.0,1.0,-1,204,0.0,66281412a9efe18f4d85e74d,shared_domain,shared_domain
0.0,1.0,1.0,1.0,0.0,1.0,72,98,0.0,662817aea9efe18f4d85e751,shared_domain,shared_domain
0.0,1.0,1.0,1.0,0.0,1.0,378,165,0.0,66281b4aa9efe18f4d85e753,shared_domain,shared_domain
0.0,1.0,1.0,1.0,0.0,1.0,472,69,0.0,66282060a9efe18f4d85e76e,shared_domain,shared_domain
0.0,1.0,1.0,1.0,0.0,1.0,4,191,0.0,66282060a9efe18f4d85e771,shared_domain,shared_domain
0.0,1.0,1.0,1.0,0.0,1.0,77,148,0.0,66282060a9efe18f4d85e775,shared_domain,shared_domain
1.0,1.0,1.0,1.0,0.0,1.0,-1,70,0.0,66282060a9efe18f4d85e77b,shared_domain,shared_domain
1.0,1.0,1.0,1.0,0.0,1.0,-1,238,0.0,66282060a9efe18f4d85e782,shared_domain,shared_domain
1.0,1.0,1.0,1.0,0.0,1.0,481,701,0.0,66282060a9efe18f4d85e785,shared_domain,shared_domain
1.0,1.0,0.0,1.0,0.0,1.0,2435,16,0.0,66282060a9efe18f4d85e78c,shared_domain,shared_domain
0.0,1.0,0.0,1.0,0.0,1.0,211,185,0.0,66282060a9efe18f4d85e793,shared_domain,shared_domain
1.0,1.0,1.0,1.0,0.0,1.0,115,525,0.0,6628229ca9efe18f4d85e7ab,shared_domain,shared_domain
1.0,0.0,0.0,1.0,1.0,0.0,-2,-2,1.0,6628229ca9efe18f4d85e7ad,attackers_domain,attackers_domain
1.0,0.0,0.0,1.0,1.0,0.0,-1,7,1.0,662829cda9efe18f4d85e7c8,attackers_domain,attackers_domain
0.0,1.0,0.0,1.0,0.0,1.0,64,214,0.0,66282e9ea9efe18f4d85e7da,shared_domain,shared_domain
1.0,1.0,1.0,1.0,0.0,1.0,115,525,0.0,6628311aa9efe18f4d85e7f9,shared_domain,shared_domain
1.0,1.0,1.0,1.0,0.0,1.0,115,525,0.0,66283867a9efe18f4d85e9b1,shared_domain,shared_domain
0.0,1.0,1.0,1.0,0.0,1.0,54,335,0.0,66283c01a9efe18f4d85e9bf,shared_domain,shared_domain
1.0,1.0,1.0,1.0,0.0,1.0,-1,204,0.0,66283cc3a9efe18f4d85e9c3,shared_domain,shared_domain
1.0,1.0,1.0,1.0,0.0,1.0,115,44,0.0,662846dca9efe18f4d85eab0,shared_domain,shared_domain
0.0,1.0,1.0,1.0,0.0,1.0,54,335,0.0,66284afda9efe18f4d85eab8,shared_domain,shared_domain
1.0,1.0,0.0,1.0,0.0,1.0,-2,-2,0.0,66284c15a9efe18f4d85ead9,attackers_domain,attackers_domain
1.0,1.0,0.0,1.0,0.0,1.0,-2,-2,0.0,66284c17a9efe18f4d85eadf,attackers_domain,attackers_domain
1.0,1.0,1.0,1.0,0.0,1.0,115,404,0.0,66284c21a9efe18f4d85eafd,shared_domain,shared_domain
1.0,1.0,1.0,1.0,0.0,1.0,115,404,0.0,66284c25a9efe18f4d85eb0d,shared_domain,shared_domain
1.0,1.0,1.0,1.0,0.0,1.0,115,404,0.0,66284c26a9efe18f4d85eb0e,shared_domain,shared_domain
1.0,1.0,1.0,1.0,0.0,1.0,115,404,0.0,66284c26a9efe18f4d85eb10,shared_domain,shared_domain
1.0,1.0,1.0,1.0,0.0,1.0,115,404,0.0,66284c2ba9efe18f4d85eb20,shared_domain,shared_domain
1.0,1.0,1.0,1.0,0.0,1.0,115,404,0.0,66284c2ca9efe18f4d85eb21,shared_domain,shared_domain
1.0,1.0,1.0,1.0,0.0,1.0,115,404,0.0,66284c2da9efe18f4d85eb25,shared_domain,shared_domain
1.0,1.0,1.0,1.0,0.0,1.0,115,404,0.0,66284c2ea9efe18f4d85eb27,shared_domain,shared_domain
1.0,1.0,1.0,1.0,0.0,1.0,115,404,0.0,66284c2fa9efe18f4d85eb2b,shared_domain,shared_domain
1.0,1.0,1.0,1.0,0.0,1.0,115,404,0.0,66284c2fa9efe18f4d85eb2c,shared_domain,shared_domain
1.0,1.0,1.0,1.0,0.0,1.0,115,404,0.0,66284c30a9efe18f4d85eb2f,shared_domain,shared_domain
1.0,1.0,1.0,1.0,0.0,1.0,115,404,0.0,66284c30a9efe18f4d85eb30,shared_domain,shared_domain
1.0,1.0,1.0,1.0,0.0,1.0,115,404,0.0,66284c32a9efe18f4d85eb37,shared_domain,shared_domain
1.0,1.0,1.0,1.0,0.0,1.0,370,633,0.0,66284c38a9efe18f4d85eb4a,shared_domain,shared_domain
1.0,1.0,1.0,1.0,0.0,1.0,49,74,0.0,66284c3aa9efe18f4d85eb4f,shared_domain,shared_domain
1.0,1.0,0.0,1.0,0.0,1.0,2435,133,0.0,66284c42a9efe18f4d85eb6a,shared_domain,shared_domain
1.0,1.0,1.0,1.0,0.0,1.0,115,88,0.0,66284c46a9efe18f4d85eb78,shared_domain,shared_domain
0.0,1.0,0.0,1.0,0.0,1.0,555,26,0.0,66284c47a9efe18f4d85eb7b,shared_domain,shared_domain
1.0,1.0,0.0,1.0,0.0,1.0,1073,66,0.0,66284c54a9efe18f4d85eba5,shared_domain,shared_domain
1.0,1.0,0.0,1.0,0.0,1.0,-2,-2,0.0,66284c5ba9efe18f4d85ebad,attackers_domain,attackers_domain
1.0,0.0,0.0,0.0,0.0,1.0,-2,-2,1.0,66284c63a9efe18f4d85ebc9,attackers_domain,attackers_domain
0.0,1.0,1.0,1.0,0.0,1.0,54,335,0.0,66284c6aa9efe18f4d85ebde,shared_domain,shared_domain
0.0,1.0,1.0,1.0,0.0,1.0,378,148,0.0,66284c6ca9efe18f4d85ebe3,shared_domain,shared_domain
1.0,1.0,1.0,1.0,0.0,1.0,225,184,0.0,66284c6ea9efe18f4d85ebed,shared_domain,shared_domain
1.0,1.0,0.0,1.0,0.0,0.0,39,69,0.0,66284c72a9efe18f4d85ebf7,shared_domain,shared_domain
1.0,1.0,0.0,1.0,0.0,0.0,4432,424,0.0,66284c7ea9efe18f4d85ec1f,shared_domain,shared_domain
1.0,1.0,0.0,1.0,0.0,1.0,1288,133,0.0,66284c7fa9efe18f4d85ec22,shared_domain,shared_domain
1.0,1.0,0.0,1.0,0.0,0.0,285,2628,0.0,66284c80a9efe18f4d85ec26,compromised_domain,shared_domain
1.0,1.0,0.0,1.0,0.0,1.0,1995,53,0.0,66284c81a9efe18f4d85ec27,shared_domain,shared_domain
1.0,1.0,0.0,1.0,0.0,1.0,-2,-2,0.0,66284c86a9efe18f4d85ec36,attackers_domain,attackers_domain
1.0,0.0,0.0,0.0,0.0,1.0,-2,-2,1.0,66284c92a9efe18f4d85ec53,attackers_domain,attackers_domain
0.0,1.0,0.0,1.0,0.0,1.0,304,116,0.0,66284c92a9efe18f4d85ec55,shared_domain,shared_domain
1.0,1.0,1.0,1.0,0.0,1.0,115,525,0.0,66284c94a9efe18f4d85ec59,shared_domain,shared_domain
0.0,0.0,0.0,0.0,0.0,1.0,-2,-2,1.0,66284c95a9efe18f4d85ec5c,attackers_domain,attackers_domain
1.0,1.0,0.0,1.0,0.0,1.0,2435,123,0.0,66284c9ba9efe18f4d85ec6a,shared_domain,shared_domain
1.0,0.0,0.0,1.0,0.0,0.0,592,1875,,662851aaa9efe18f4d85ec80,shared_domain,shared_domain
1.0,1.0,1.0,1.0,0.0,1.0,-1,203,0.0,66285929a9efe18f4d85ec8c,shared_domain,shared_domain
1.0,1.0,0.0,0.0,0.0,0.0,-2,-2,1.0,66285c64a9efe18f4d85ec94,attackers_domain,attackers_domain
0.0,1.0,0.0,1.0,0.0,1.0,430,231,0.0,66286af4a9efe18f4d85ecd1,shared_domain,shared_domain
1.0,0.0,0.0,0.0,0.0,1.0,-2,-2,1.0,66287230a9efe18f4d85ece2,attackers_domain,attackers_domain
1.0,1.0,1.0,1.0,0.0,1.0,115,44,0.0,66287230a9efe18f4d85eceb,shared_domain,shared_domain
1.0,1.0,1.0,1.0,0.0,1.0,225,263,0.0,6628769ea9efe18f4d85ecf3,shared_domain,shared_domain
0.0,0.0,0.0,0.0,0.0,1.0,-2,-2,1.0,66288528a9efe18f4d85ed42,attackers_domain,attackers_domain
0.0,0.0,0.0,0.0,0.0,1.0,-2,-2,1.0,66288528a9efe18f4d85ed43,attackers_domain,attackers_domain
1.0,1.0,1.0,1.0,0.0,1.0,115,44,0.0,66288528a9efe18f4d85ed4b,shared_domain,shared_domain
0.0,0.0,0.0,1.0,0.0,1.0,-1,8,1.0,66288c79a9efe18f4d85ed81,attackers_domain,attackers_domain
0.0,1.0,0.0,1.0,0.0,1.0,0,133,0.0,66289202a9efe18f4d85edd1,shared_domain,shared_domain
1.0,1.0,1.0,1.0,0.0,1.0,115,60,0.0,66289b01a9efe18f4d85ede3,shared_domain,shared_domain
0.0,1.0,0.0,1.0,0.0,1.0,430,235,0.0,6628a015a9efe18f4d85ee0a,shared_domain,shared_domain
1.0,1.0,1.0,1.0,0.0,1.0,49,595,0.0,6628a95aa9efe18f4d85ee35,shared_domain,shared_domain
0.0,1.0,1.0,1.0,0.0,1.0,4,197,0.0,6628ae32a9efe18f4d85ee40,shared_domain,shared_domain
1.0,1.0,1.0,1.0,0.0,1.0,115,48,0.0,6628bf48a9efe18f4d85eea7,shared_domain,shared_domain
1.0,0.0,0.0,0.0,0.0,0.0,-2,-2,1.0,6628bf48a9efe18f4d85eeab,attackers_domain,attackers_domain
1.0,1.0,1.0,1.0,0.0,1.0,115,48,0.0,6628bf48a9efe18f4d85eeae,shared_domain,shared_domain
1.0,1.0,0.0,1.0,0.0,1.0,1073,61,0.0,6628c2e0a9efe18f4d85eeb8,shared_domain,shared_domain
1.0,1.0,1.0,1.0,0.0,1.0,-1,231,0.0,6628c678a9efe18f4d85eeba,shared_domain,shared_domain
1.0,1.0,1.0,1.0,0.0,1.0,115,48,0.0,6628cdb2a9efe18f4d85eec7,shared_domain,shared_domain
0.0,1.0,1.0,1.0,0.0,1.0,225,73,0.0,6628d14da9efe18f4d85eed9,shared_domain,shared_domain
1.0,1.0,1.0,1.0,0.0,1.0,115,48,0.0,6628d14da9efe18f4d85eee0,shared_domain,shared_domain
1.0,0.0,0.0,1.0,0.0,0.0,72,121,,6628d14da9efe18f4d85eee7,compromised_domain,compromised_domain
1.0,1.0,1.0,1.0,0.0,1.0,115,48,0.0,6628d87da9efe18f4d85eeec,shared_domain,shared_domain
0.0,0.0,0.0,0.0,0.0,1.0,-2,-2,1.0,6628d87da9efe18f4d85eefb,attackers_domain,attackers_domain
1.0,1.0,1.0,1.0,0.0,1.0,115,41,0.0,6628d9dfa9efe18f4d85ef14,shared_domain,shared_domain
1.0,1.0,0.0,1.0,0.0,0.0,4432,467,0.0,6628d9dfa9efe18f4d85ef28,shared_domain,shared_domain
1.0,1.0,1.0,1.0,0.0,0.0,0,157,0.0,6628d9dfa9efe18f4d85ef29,shared_domain,shared_domain
1.0,1.0,0.0,1.0,0.0,0.0,4432,424,0.0,6628d9dfa9efe18f4d85ef2d,shared_domain,shared_domain
1.0,1.0,1.0,1.0,0.0,1.0,652,42,0.0,6628d9dfa9efe18f4d85ef61,shared_domain,shared_domain
1.0,1.0,1.0,1.0,0.0,1.0,115,66,0.0,6628d9dfa9efe18f4d85ef64,shared_domain,shared_domain
0.0,1.0,1.0,1.0,0.0,1.0,4,203,0.0,6628d9dfa9efe18f4d85ef66,shared_domain,shared_domain
1.0,1.0,1.0,1.0,0.0,1.0,660,18,0.0,6628d9e0a9efe18f4d85ef71,shared_domain,shared_domain
1.0,1.0,1.0,1.0,0.0,0.0,0,35,0.0,6628d9e0a9efe18f4d85ef7c,shared_domain,shared_domain
1.0,1.0,0.0,1.0,0.0,0.0,2270,140,0.0,6628d9e1a9efe18f4d85eff4,shared_domain,shared_domain
1.0,1.0,1.0,1.0,0.0,1.0,115,55,0.0,6628d9e1a9efe18f4d85f05f,shared_domain,shared_domain
1.0,1.0,1.0,1.0,0.0,1.0,115,55,0.0,6628d9e1a9efe18f4d85f069,shared_domain,shared_domain
1.0,1.0,1.0,1.0,0.0,1.0,115,55,0.0,6628d9e2a9efe18f4d85f077,shared_domain,shared_domain
1.0,1.0,1.0,1.0,0.0,1.0,115,55,0.0,6628d9e2a9efe18f4d85f079,shared_domain,shared_domain
1.0,1.0,1.0,1.0,0.0,1.0,115,55,0.0,6628d9e2a9efe18f4d85f084,shared_domain,shared_domain
1.0,1.0,1.0,1.0,0.0,1.0,115,55,0.0,6628d9e2a9efe18f4d85f086,shared_domain,shared_domain
1.0,0.0,0.0,1.0,0.0,1.0,-2,-2,1.0,6628d9e2a9efe18f4d85f09a,attackers_domain,attackers_domain
0.0,0.0,0.0,0.0,0.0,1.0,-2,-2,1.0,6628d9e2a9efe18f4d85f09d,attackers_domain,attackers_domain
1.0,0.0,0.0,1.0,1.0,0.0,-2,-2,1.0,6628d9e2a9efe18f4d85f09f,attackers_domain,attackers_domain
1.0,0.0,0.0,1.0,0.0,1.0,0,199,1.0,6628d9e2a9efe18f4d85f0aa,attackers_domain,attackers_domain
0.0,0.0,0.0,0.0,0.0,1.0,-2,-2,1.0,6628d9e2a9efe18f4d85f0ab,attackers_domain,attackers_domain
0.0,0.0,0.0,1.0,0.0,1.0,0,199,1.0,6628d9e2a9efe18f4d85f0ac,attackers_domain,attackers_domain
0.0,0.0,0.0,1.0,0.0,1.0,-1,20,1.0,6628d9e2a9efe18f4d85f0ad,attackers_domain,attackers_domain
1.0,0.0,0.0,0.0,1.0,0.0,-2,-2,1.0,6628d9e2a9efe18f4d85f0b1,attackers_domain,attackers_domain
1.0,0.0,0.0,1.0,0.0,1.0,71,209,1.0,6628d9e2a9efe18f4d85f0b4,attackers_domain,attackers_domain
0.0,0.0,0.0,1.0,0.0,1.0,69,204,1.0,6628d9e2a9efe18f4d85f0b5,attackers_domain,attackers_domain
0.0,0.0,0.0,1.0,0.0,1.0,-2,-2,1.0,6628d9e2a9efe18f4d85f0ba,attackers_domain,attackers_domain
0.0,0.0,0.0,0.0,0.0,1.0,-2,-2,1.0,6628d9e2a9efe18f4d85f0bd,attackers_domain,attackers_domain
0.0,0.0,0.0,0.0,0.0,1.0,-2,-2,1.0,6628d9e2a9efe18f4d85f0c2,attackers_domain,attackers_domain
0.0,0.0,0.0,0.0,0.0,1.0,-2,-2,1.0,6628d9e2a9efe18f4d85f0c3,attackers_domain,attackers_domain
1.0,0.0,0.0,0.0,1.0,0.0,-2,-2,1.0,6628d9e2a9efe18f4d85f0ca,attackers_domain,attackers_domain
1.0,0.0,0.0,0.0,0.0,1.0,-2,-2,1.0,6628d9e2a9efe18f4d85f0d3,attackers_domain,attackers_domain
1.0,1.0,0.0,0.0,0.0,1.0,-2,-2,0.0,6628d9e2a9efe18f4d85f0d5,shared_domain,shared_domain
1.0,1.0,0.0,1.0,0.0,1.0,2435,253,0.0,6628d9e2a9efe18f4d85f0e6,shared_domain,shared_domain
1.0,1.0,1.0,1.0,0.0,0.0,0,309,0.0,6628d9e2a9efe18f4d85f0eb,shared_domain,shared_domain
1.0,1.0,1.0,1.0,0.0,1.0,115,48,0.0,6628dfc6a9efe18f4d85f10f,shared_domain,shared_domain
1.0,1.0,1.0,1.0,0.0,1.0,225,73,0.0,6628dfc6a9efe18f4d85f113,shared_domain,shared_domain
1.0,0.0,0.0,1.0,1.0,0.0,-2,-2,1.0,6628e361a9efe18f4d85f128,attackers_domain,attackers_domain
1.0,0.0,0.0,1.0,0.0,0.0,-2,-2,1.0,6628e361a9efe18f4d85f133,attackers_domain,attackers_domain
1.0,1.0,1.0,1.0,0.0,1.0,115,48,0.0,6628e6fba9efe18f4d85f134,shared_domain,shared_domain
1.0,1.0,1.0,1.0,0.0,1.0,115,48,0.0,6628e6fba9efe18f4d85f135,shared_domain,shared_domain
1.0,1.0,1.0,1.0,0.0,1.0,115,48,0.0,6628e6fba9efe18f4d85f136,shared_domain,shared_domain
0.0,1.0,0.0,1.0,0.0,1.0,42,127,0.0,6628e7fda9efe18f4d85f141,shared_domain,shared_domain
0.0,1.0,1.0,1.0,0.0,1.0,54,208,0.0,6628e7fda9efe18f4d85f14f,shared_domain,shared_domain
1.0,1.0,1.0,1.0,0.0,1.0,115,321,0.0,6628e7fda9efe18f4d85f154,shared_domain,shared_domain
1.0,1.0,1.0,1.0,0.0,1.0,115,233,0.0,6628e7fda9efe18f4d85f156,shared_domain,shared_domain
1.0,0.0,0.0,0.0,0.0,1.0,-2,-2,1.0,6628e7fea9efe18f4d85f15d,attackers_domain,attackers_domain
1.0,1.0,0.0,1.0,0.0,0.0,128,306,0.0,6628e7fea9efe18f4d85f168,compromised_domain,compromised_domain
1.0,1.0,0.0,1.0,0.0,0.0,13,160,0.0,6628e7fea9efe18f4d85f173,compromised_domain,compromised_domain
1.0,1.0,0.0,1.0,0.0,1.0,2435,62,0.0,6628e7fea9efe18f4d85f176,shared_domain,shared_domain
1.0,1.0,0.0,1.0,0.0,1.0,2435,121,0.0,6628e7fea9efe18f4d85f187,shared_domain,shared_domain
0.0,1.0,0.0,1.0,0.0,1.0,336,71,0.0,6628e7fea9efe18f4d85f189,shared_domain,shared_domain
1.0,1.0,1.0,1.0,0.0,1.0,115,46,0.0,6628e7fea9efe18f4d85f18e,shared_domain,shared_domain
1.0,1.0,1.0,1.0,0.0,1.0,115,46,0.0,6628e7fea9efe18f4d85f193,shared_domain,shared_domain
0.0,1.0,0.0,1.0,0.0,1.0,336,59,0.0,6628e7fea9efe18f4d85f197,shared_domain,shared_domain
1.0,1.0,1.0,1.0,0.0,1.0,115,44,0.0,6628e7fea9efe18f4d85f19c,shared_domain,shared_domain
1.0,1.0,1.0,1.0,0.0,1.0,115,88,0.0,6628e7fea9efe18f4d85f1ac,shared_domain,shared_domain
1.0,1.0,1.0,1.0,0.0,1.0,115,46,0.0,6628e7fea9efe18f4d85f1b2,shared_domain,shared_domain
0.0,1.0,0.0,0.0,0.0,1.0,-2,-2,0.0,6628e7fea9efe18f4d85f1b9,shared_domain,shared_domain
1.0,1.0,0.0,1.0,0.0,1.0,729,934,0.0,6628e7fea9efe18f4d85f1be,compromised_domain,compromised_domain
1.0,1.0,1.0,1.0,0.0,1.0,49,27,0.0,6628e7fea9efe18f4d85f1c0,shared_domain,shared_domain
0.0,1.0,1.0,1.0,0.0,1.0,225,73,0.0,6628e7fea9efe18f4d85f1c4,shared_domain,shared_domain
1.0,0.0,0.0,0.0,0.0,1.0,-2,-2,1.0,6628e7fea9efe18f4d85f1e2,attackers_domain,attackers_domain
1.0,1.0,0.0,1.0,0.0,1.0,2435,613,0.0,6628e7fea9efe18f4d85f1ed,shared_domain,shared_domain
1.0,1.0,1.0,1.0,0.0,1.0,115,237,0.0,6628e7fea9efe18f4d85f1f5,shared_domain,shared_domain
1.0,1.0,1.0,1.0,0.0,1.0,115,271,0.0,6628e7ffa9efe18f4d85f203,shared_domain,shared_domain
1.0,1.0,1.0,1.0,0.0,1.0,225,156,0.0,6628e7ffa9efe18f4d85f217,shared_domain,shared_domain
1.0,1.0,0.0,1.0,0.0,0.0,330,177,,6628e7ffa9efe18f4d85f218,shared_domain,shared_domain
1.0,1.0,1.0,1.0,0.0,1.0,115,48,0.0,6628ee20a9efe18f4d85f227,shared_domain,shared_domain
1.0,1.0,1.0,1.0,0.0,1.0,115,48,0.0,6628ee20a9efe18f4d85f228,shared_domain,shared_domain
1.0,1.0,1.0,1.0,0.0,1.0,115,48,0.0,6628ee20a9efe18f4d85f22b,shared_domain,shared_domain
1.0,1.0,1.0,1.0,0.0,1.0,115,48,0.0,6628ee20a9efe18f4d85f22c,shared_domain,shared_domain
1.0,1.0,1.0,1.0,0.0,1.0,115,48,0.0,6628ee20a9efe18f4d85f22e,shared_domain,shared_domain
1.0,1.0,1.0,1.0,0.0,1.0,115,68,0.0,6628f519a9efe18f4d85f23b,shared_domain,shared_domain
1.0,1.0,0.0,1.0,0.0,1.0,2435,121,0.0,6628f51ca9efe18f4d85f246,shared_domain,shared_domain
1.0,0.0,0.0,0.0,0.0,1.0,-2,-2,1.0,6628f51fa9efe18f4d85f24d,attackers_domain,attackers_domain
1.0,1.0,0.0,0.0,0.0,1.0,-2,-2,0.0,6628f529a9efe18f4d85f26d,shared_domain,shared_domain
0.0,1.0,0.0,1.0,0.0,1.0,304,96,0.0,6628f52fa9efe18f4d85f27a,shared_domain,shared_domain
0.0,1.0,1.0,1.0,0.0,1.0,378,177,0.0,6628f53ca9efe18f4d85f294,shared_domain,shared_domain
0.0,1.0,1.0,1.0,0.0,1.0,378,177,0.0,6628f53ca9efe18f4d85f295,shared_domain,shared_domain
1.0,1.0,1.0,1.0,0.0,1.0,115,76,0.0,6628f53da9efe18f4d85f297,shared_domain,shared_domain
0.0,1.0,1.0,1.0,0.0,1.0,378,166,0.0,6628f53da9efe18f4d85f299,shared_domain,shared_domain
1.0,0.0,0.0,0.0,0.0,0.0,-2,-2,1.0,6628f548a9efe18f4d85f2b7,attackers_domain,attackers_domain
1.0,1.0,0.0,1.0,0.0,0.0,-1,1960,1.0,6628f54aa9efe18f4d85f2bc,attackers_domain,attackers_domain
0.0,1.0,1.0,1.0,0.0,1.0,54,208,0.0,6628f54ba9efe18f4d85f2be,shared_domain,shared_domain
1.0,1.0,0.0,1.0,0.0,1.0,1073,66,0.0,6628f554a9efe18f4d85f2d6,shared_domain,shared_domain
1.0,1.0,0.0,1.0,0.0,1.0,1995,141,0.0,6628f556a9efe18f4d85f2da,shared_domain,shared_domain
1.0,1.0,1.0,1.0,0.0,1.0,225,226,0.0,6628f564a9efe18f4d85f300,shared_domain,shared_domain
1.0,1.0,1.0,1.0,0.0,1.0,115,130,0.0,6628f56ba9efe18f4d85f30c,shared_domain,shared_domain
1.0,1.0,1.0,1.0,0.0,1.0,660,815,0.0,6628f56ca9efe18f4d85f30e,shared_domain,shared_domain
1.0,1.0,0.0,1.0,0.0,0.0,4432,450,0.0,6628f56da9efe18f4d85f30f,shared_domain,shared_domain
0.0,1.0,0.0,1.0,0.0,1.0,304,130,0.0,6628f56ea9efe18f4d85f313,shared_domain,shared_domain
1.0,1.0,0.0,1.0,0.0,1.0,-1,151,0.0,6628f56ea9efe18f4d85f314,shared_domain,shared_domain
1.0,1.0,0.0,1.0,0.0,0.0,0,413,0.0,6628f576a9efe18f4d85f323,shared_domain,shared_domain
0.0,1.0,0.0,1.0,0.0,1.0,336,69,0.0,6628f578a9efe18f4d85f327,shared_domain,shared_domain
1.0,1.0,1.0,1.0,0.0,1.0,115,53,0.0,6628f57aa9efe18f4d85f32c,shared_domain,shared_domain
1.0,0.0,0.0,1.0,0.0,0.0,-1,38,1.0,6628f580a9efe18f4d85f33a,attackers_domain,attackers_domain
0.0,1.0,0.0,1.0,0.0,1.0,555,23,0.0,6628f582a9efe18f4d85f342,shared_domain,shared_domain
1.0,0.0,0.0,0.0,0.0,0.0,-2,-2,1.0,6628f582a9efe18f4d85f343,attackers_domain,attackers_domain
1.0,1.0,1.0,1.0,0.0,1.0,652,40,0.0,6628f583a9efe18f4d85f347,shared_domain,shared_domain
0.0,1.0,0.0,1.0,0.0,1.0,9,1005,0.0,6628f586a9efe18f4d85f34e,shared_domain,shared_domain
0.0,0.0,0.0,0.0,0.0,1.0,-2,-2,1.0,6628f58aa9efe18f4d85f355,attackers_domain,attackers_domain
1.0,0.0,0.0,0.0,0.0,1.0,-2,-2,1.0,6628f58ca9efe18f4d85f359,attackers_domain,attackers_domain
0.0,0.0,0.0,0.0,0.0,1.0,-2,-2,1.0,6628f58da9efe18f4d85f35b,attackers_domain,attackers_domain
0.0,1.0,1.0,1.0,0.0,1.0,4,200,0.0,6628f58ea9efe18f4d85f35c,shared_domain,shared_domain
0.0,1.0,0.0,1.0,0.0,1.0,555,23,0.0,6628f591a9efe18f4d85f363,shared_domain,shared_domain
1.0,1.0,0.0,1.0,0.0,1.0,1995,36,0.0,6628f592a9efe18f4d85f368,shared_domain,shared_domain
0.0,1.0,1.0,1.0,0.0,1.0,4,202,0.0,6628f597a9efe18f4d85f375,shared_domain,shared_domain
1.0,1.0,1.0,1.0,0.0,1.0,115,131,0.0,6628f599a9efe18f4d85f379,shared_domain,shared_domain
0.0,1.0,0.0,1.0,0.0,1.0,304,565,0.0,6628f5a1a9efe18f4d85f383,shared_domain,shared_domain
0.0,1.0,1.0,1.0,0.0,1.0,4,196,0.0,6628f5a7a9efe18f4d85f389,shared_domain,shared_domain
0.0,1.0,1.0,1.0,0.0,1.0,378,165,0.0,6628f631a9efe18f4d85f3a2,shared_domain,shared_domain
0.0,1.0,1.0,1.0,0.0,1.0,378,151,0.0,6628f631a9efe18f4d85f3a3,shared_domain,shared_domain
0.0,1.0,0.0,1.0,0.0,1.0,387,12,0.0,6628f631a9efe18f4d85f3a7,shared_domain,shared_domain
1.0,0.0,0.0,1.0,1.0,0.0,-1,11,1.0,6628f9a2a9efe18f4d85f3e2,attackers_domain,attackers_domain
1.0,0.0,0.0,0.0,0.0,1.0,-2,-2,1.0,6628fd50a9efe18f4d85f401,attackers_domain,attackers_domain
1.0,1.0,1.0,1.0,0.0,1.0,115,48,0.0,6628fd50a9efe18f4d85f404,shared_domain,shared_domain
1.0,1.0,1.0,1.0,0.0,1.0,115,48,0.0,6628fd50a9efe18f4d85f40e,shared_domain,shared_domain
1.0,1.0,1.0,1.0,0.0,1.0,115,48,0.0,6628fd50a9efe18f4d85f412,shared_domain,shared_domain
1.0,1.0,1.0,1.0,0.0,1.0,-1,204,0.0,662900eaa9efe18f4d85f41e,shared_domain,shared_domain
1.0,1.0,1.0,1.0,0.0,1.0,115,48,0.0,6629055ba9efe18f4d85f42c,shared_domain,shared_domain
1.0,1.0,1.0,1.0,0.0,1.0,115,48,0.0,6629055ba9efe18f4d85f42d,shared_domain,shared_domain
1.0,1.0,0.0,1.0,0.0,0.0,4432,465,0.0,6629128ba9efe18f4d85f450,shared_domain,shared_domain
1.0,1.0,1.0,1.0,0.0,1.0,-1,204,0.0,6629128ba9efe18f4d85f453,shared_domain,shared_domain
1.0,1.0,1.0,1.0,0.0,1.0,-1,203,0.0,6629128ba9efe18f4d85f454,shared_domain,shared_domain
1.0,1.0,1.0,1.0,0.0,1.0,115,86,0.0,662913d9a9efe18f4d85f45d,shared_domain,shared_domain
1.0,1.0,0.0,1.0,0.0,0.0,2,112,0.0,662913d9a9efe18f4d85f467,compromised_domain,compromised_domain
1.0,1.0,1.0,1.0,0.0,0.0,0,550,0.0,662913d9a9efe18f4d85f46c,shared_domain,shared_domain
1.0,0.0,0.0,0.0,0.0,0.0,-2,-2,1.0,662913d9a9efe18f4d85f471,attackers_domain,attackers_domain
1.0,0.0,0.0,0.0,0.0,0.0,-2,-2,1.0,662913d9a9efe18f4d85f472,attackers_domain,attackers_domain
1.0,0.0,0.0,0.0,0.0,0.0,-2,-2,1.0,662913daa9efe18f4d85f47b,attackers_domain,attackers_domain
1.0,1.0,1.0,1.0,0.0,1.0,-1,203,0.0,66291771a9efe18f4d85f48c,shared_domain,shared_domain
1.0,0.0,0.0,0.0,1.0,0.0,-2,-2,1.0,66291b0ba9efe18f4d85f496,attackers_domain,attackers_domain
1.0,1.0,1.0,1.0,0.0,1.0,115,48,0.0,66291b0ba9efe18f4d85f49a,shared_domain,shared_domain
1.0,1.0,1.0,1.0,0.0,1.0,115,48,0.0,66291b0ba9efe18f4d85f49c,shared_domain,shared_domain
1.0,1.0,1.0,1.0,0.0,1.0,-1,204,0.0,662920bca9efe18f4d85f4c3,shared_domain,shared_domain
1.0,1.0,0.0,1.0,0.0,0.0,4432,484,0.0,662920bca9efe18f4d85f4e1,shared_domain,shared_domain
1.0,0.0,0.0,1.0,1.0,0.0,-2,-2,1.0,66292999a9efe18f4d85f4f8,attackers_domain,attackers_domain
1.0,0.0,0.0,0.0,0.0,0.0,-2,-2,1.0,66292d34a9efe18f4d85f507,attackers_domain,attackers_domain
1.0,1.0,1.0,1.0,0.0,0.0,0,523,0.0,66292eeaa9efe18f4d85f521,shared_domain,shared_domain
1.0,0.0,0.0,0.0,1.0,0.0,-2,-2,1.0,66293458a9efe18f4d85f532,attackers_domain,attackers_domain
0.0,1.0,0.0,1.0,0.0,1.0,42,44,0.0,66293458a9efe18f4d85f534,shared_domain,shared_domain
1.0,1.0,1.0,1.0,0.0,1.0,-1,204,0.0,66293d09a9efe18f4d85f544,shared_domain,shared_domain
1.0,1.0,0.0,1.0,0.0,1.0,2435,87,0.0,66293d09a9efe18f4d85f545,shared_domain,shared_domain
1.0,1.0,0.0,0.0,0.0,1.0,-2,-2,0.0,66293d09a9efe18f4d85f546,shared_domain,shared_domain
1.0,1.0,1.0,1.0,0.0,1.0,-1,205,0.0,66293d09a9efe18f4d85f555,shared_domain,shared_domain
1.0,1.0,1.0,1.0,0.0,1.0,-1,72,0.0,66293f14a9efe18f4d85f558,shared_domain,shared_domain
1.0,1.0,1.0,1.0,0.0,1.0,-1,203,0.0,66293f14a9efe18f4d85f55b,shared_domain,shared_domain
0.0,1.0,0.0,1.0,0.0,1.0,42,58,0.0,662949fca9efe18f4d85f571,shared_domain,shared_domain
0.0,1.0,0.0,1.0,0.0,1.0,42,44,0.0,662949fca9efe18f4d85f574,shared_domain,shared_domain
0.0,1.0,0.0,1.0,0.0,1.0,304,102,0.0,66294b37a9efe18f4d85f585,shared_domain,shared_domain
0.0,1.0,0.0,1.0,0.0,1.0,304,98,0.0,66294b37a9efe18f4d85f586,shared_domain,shared_domain
0.0,1.0,1.0,1.0,0.0,1.0,378,165,0.0,66295152a9efe18f4d85f59f,shared_domain,shared_domain
1.0,0.0,0.0,1.0,1.0,0.0,-2,-2,1.0,662954eba9efe18f4d85f5b2,attackers_domain,attackers_domain
1.0,0.0,0.0,1.0,1.0,0.0,-2,-2,1.0,662954eba9efe18f4d85f5b8,attackers_domain,attackers_domain
1.0,0.0,0.0,1.0,1.0,0.0,-2,-2,1.0,662954eba9efe18f4d85f5bf,attackers_domain,attackers_domain
1.0,0.0,0.0,0.0,0.0,1.0,-2,-2,1.0,66295883a9efe18f4d85f5d8,attackers_domain,attackers_domain
0.0,1.0,0.0,1.0,0.0,1.0,4,92,0.0,66295982a9efe18f4d85f5de,shared_domain,shared_domain
0.0,1.0,0.0,1.0,0.0,1.0,4,92,0.0,66295982a9efe18f4d85f5e1,shared_domain,shared_domain
0.0,1.0,0.0,1.0,0.0,1.0,336,69,0.0,66295982a9efe18f4d85f5e8,shared_domain,shared_domain
0.0,1.0,0.0,1.0,0.0,1.0,304,265,0.0,66295982a9efe18f4d85f604,shared_domain,shared_domain
0.0,1.0,0.0,1.0,0.0,1.0,304,100,0.0,66295982a9efe18f4d85f609,shared_domain,shared_domain
0.0,1.0,0.0,1.0,0.0,1.0,304,131,0.0,66295982a9efe18f4d85f60b,shared_domain,shared_domain
0.0,1.0,0.0,1.0,0.0,1.0,304,94,0.0,66295982a9efe18f4d85f60e,shared_domain,shared_domain
0.0,1.0,0.0,1.0,0.0,1.0,304,86,0.0,66295982a9efe18f4d85f61e,shared_domain,shared_domain
0.0,1.0,0.0,1.0,0.0,1.0,304,234,0.0,66295982a9efe18f4d85f620,shared_domain,shared_domain
0.0,1.0,0.0,1.0,0.0,1.0,304,324,0.0,66295983a9efe18f4d85f623,shared_domain,shared_domain
0.0,1.0,0.0,1.0,0.0,1.0,304,89,0.0,66295983a9efe18f4d85f62d,shared_domain,shared_domain
0.0,1.0,0.0,1.0,0.0,1.0,304,139,0.0,66295983a9efe18f4d85f631,shared_domain,shared_domain
0.0,1.0,0.0,1.0,0.0,1.0,326,15,0.0,66295983a9efe18f4d85f632,shared_domain,shared_domain
1.0,0.0,0.0,1.0,1.0,0.0,-2,-2,1.0,66295c3fa9efe18f4d85f63e,attackers_domain,attackers_domain
0.0,1.0,1.0,1.0,0.0,1.0,378,141,0.0,66295fdaa9efe18f4d85f654,shared_domain,shared_domain
0.0,1.0,0.0,1.0,0.0,1.0,4,91,0.0,66296377a9efe18f4d85f65c,shared_domain,shared_domain
0.0,1.0,1.0,1.0,0.0,1.0,72,109,0.0,66296377a9efe18f4d85f65d,shared_domain,shared_domain
1.0,1.0,0.0,1.0,1.0,0.0,-2,-2,1.0,66296377a9efe18f4d85f662,attackers_domain,attackers_domain
1.0,1.0,0.0,1.0,1.0,0.0,-2,-2,1.0,66296377a9efe18f4d85f668,attackers_domain,attackers_domain
0.0,1.0,0.0,1.0,0.0,1.0,387,99,0.0,66296713a9efe18f4d85f677,shared_domain,shared_domain
1.0,1.0,0.0,0.0,0.0,1.0,-2,-2,0.0,66296713a9efe18f4d85f678,shared_domain,shared_domain
1.0,1.0,0.0,1.0,0.0,0.0,155,87,0.0,66296714a9efe18f4d85f68a,shared_domain,shared_domain
1.0,1.0,1.0,1.0,0.0,1.0,-1,204,0.0,66296714a9efe18f4d85f68d,shared_domain,shared_domain
0.0,1.0,0.0,1.0,0.0,1.0,304,565,0.0,6629679ba9efe18f4d85f690,shared_domain,shared_domain
1.0,1.0,1.0,1.0,0.0,1.0,115,75,0.0,6629679ba9efe18f4d85f692,shared_domain,shared_domain
1.0,1.0,1.0,1.0,0.0,1.0,652,90,0.0,6629679ba9efe18f4d85f69b,shared_domain,shared_domain
0.0,1.0,0.0,1.0,0.0,1.0,430,161,0.0,6629679ba9efe18f4d85f69e,shared_domain,shared_domain
0.0,1.0,0.0,1.0,0.0,1.0,304,103,0.0,6629679ba9efe18f4d85f6a9,shared_domain,shared_domain
1.0,0.0,0.0,1.0,0.0,0.0,-2,-2,1.0,66296e3fa9efe18f4d85f6c2,attackers_domain,attackers_domain
1.0,0.0,0.0,0.0,0.0,0.0,-2,-2,1.0,66296e3fa9efe18f4d85f6c3,attackers_domain,attackers_domain
1.0,1.0,1.0,1.0,0.0,1.0,115,88,0.0,6629756fa9efe18f4d85f6eb,shared_domain,shared_domain
1.0,1.0,0.0,1.0,0.0,1.0,531,135,0.0,662975baa9efe18f4d85f704,shared_domain,shared_domain
1.0,1.0,1.0,1.0,0.0,1.0,652,90,0.0,662978fba9efe18f4d85f709,shared_domain,shared_domain
1.0,0.0,0.0,0.0,0.0,1.0,-2,-2,1.0,662978fba9efe18f4d85f712,attackers_domain,attackers_domain
0.0,1.0,1.0,1.0,0.0,1.0,225,94,0.0,662978fba9efe18f4d85f71a,shared_domain,shared_domain
1.0,1.0,0.0,1.0,0.0,1.0,1073,89,0.0,66298032a9efe18f4d85f73f,shared_domain,shared_domain
0.0,1.0,0.0,1.0,0.0,1.0,211,19,0.0,662983cea9efe18f4d85f754,shared_domain,shared_domain
1.0,1.0,0.0,1.0,0.0,0.0,4432,491,0.0,662983cea9efe18f4d85f756,shared_domain,shared_domain
0.0,1.0,0.0,1.0,0.0,1.0,211,18,0.0,662983cea9efe18f4d85f75a,shared_domain,shared_domain
0.0,1.0,0.0,1.0,0.0,1.0,211,13,0.0,662983cea9efe18f4d85f760,shared_domain,shared_domain
1.0,1.0,0.0,1.0,0.0,0.0,45,90,0.0,662983cea9efe18f4d85f762,shared_domain,shared_domain
0.0,1.0,0.0,1.0,0.0,1.0,21,48,0.0,662983cea9efe18f4d85f764,shared_domain,shared_domain
1.0,1.0,0.0,1.0,0.0,0.0,4432,450,0.0,662983cea9efe18f4d85f77a,shared_domain,shared_domain
1.0,1.0,0.0,1.0,0.0,1.0,2435,1287,0.0,66298b46a9efe18f4d85f854,shared_domain,shared_domain
0.0,1.0,0.0,1.0,0.0,1.0,12,14,0.0,66298b46a9efe18f4d85f857,shared_domain,shared_domain
0.0,1.0,0.0,1.0,0.0,1.0,14,14,0.0,66298b46a9efe18f4d85f859,shared_domain,shared_domain
1.0,1.0,1.0,1.0,0.0,1.0,115,44,0.0,66298b46a9efe18f4d85f85a,shared_domain,shared_domain
1.0,0.0,0.0,0.0,1.0,0.0,-2,-2,1.0,66298b46a9efe18f4d85f85f,attackers_domain,attackers_domain
1.0,1.0,0.0,1.0,0.0,1.0,735,11,0.0,66298edda9efe18f4d85f866,shared_domain,shared_domain
0.0,1.0,0.0,1.0,0.0,1.0,12,17,0.0,662991fda9efe18f4d85f86e,shared_domain,shared_domain
0.0,1.0,0.0,1.0,0.0,1.0,12,7,0.0,662991fda9efe18f4d85f870,shared_domain,shared_domain
0.0,1.0,0.0,1.0,0.0,1.0,211,55,0.0,662991fea9efe18f4d85f887,shared_domain,shared_domain
1.0,1.0,0.0,1.0,0.0,1.0,863,146,0.0,662991fea9efe18f4d85f88d,shared_domain,shared_domain
0.0,1.0,0.0,1.0,0.0,1.0,12,14,0.0,662991fea9efe18f4d85f896,shared_domain,shared_domain
1.0,1.0,0.0,0.0,0.0,1.0,-2,-2,0.0,662991fea9efe18f4d85f89a,shared_domain,shared_domain
0.0,1.0,0.0,1.0,0.0,1.0,12,262,0.0,662991fea9efe18f4d85f89b,shared_domain,shared_domain
1.0,1.0,0.0,0.0,0.0,1.0,-2,-2,0.0,662991fea9efe18f4d85f89e,shared_domain,shared_domain
1.0,1.0,1.0,1.0,0.0,1.0,49,102,0.0,662991fea9efe18f4d85f8a2,shared_domain,shared_domain
1.0,1.0,0.0,1.0,0.0,0.0,201,69,0.0,662991fea9efe18f4d85f8aa,compromised_domain,compromised_domain
0.0,1.0,0.0,1.0,0.0,1.0,12,8,0.0,662991fea9efe18f4d85f8ac,shared_domain,shared_domain
0.0,1.0,0.0,1.0,0.0,1.0,211,12,0.0,662991fea9efe18f4d85f8ae,shared_domain,shared_domain
0.0,1.0,1.0,1.0,0.0,1.0,54,381,0.0,66299310a9efe18f4d85f8b9,shared_domain,shared_domain
1.0,1.0,1.0,1.0,0.0,1.0,115,525,0.0,66299310a9efe18f4d85f8bd,shared_domain,shared_domain
1.0,1.0,0.0,1.0,0.0,0.0,310,417,0.0,66299ddda9efe18f4d85f8e6,shared_domain,shared_domain
1.0,1.0,0.0,1.0,0.0,0.0,310,421,0.0,66299ddda9efe18f4d85f8e7,shared_domain,shared_domain
1.0,1.0,0.0,1.0,0.0,0.0,310,419,0.0,66299ddda9efe18f4d85f8eb,shared_domain,shared_domain
0.0,1.0,1.0,1.0,0.0,1.0,4,202,0.0,66299df8a9efe18f4d85f92a,shared_domain,shared_domain
1.0,1.0,0.0,1.0,0.0,1.0,1995,119,0.0,66299dfda9efe18f4d85f93a,shared_domain,shared_domain
1.0,0.0,0.0,0.0,0.0,0.0,-2,-2,1.0,66299e03a9efe18f4d85f94b,attackers_domain,attackers_domain
0.0,1.0,1.0,1.0,0.0,1.0,225,184,0.0,66299e0ba9efe18f4d85f963,shared_domain,shared_domain
1.0,0.0,0.0,1.0,1.0,0.0,136,135,1.0,66299e1ca9efe18f4d85f984,attackers_domain,attackers_domain
0.0,1.0,0.0,1.0,0.0,1.0,304,139,0.0,66299e1ca9efe18f4d85f985,shared_domain,shared_domain
0.0,1.0,0.0,1.0,0.0,1.0,211,21,0.0,66299e1fa9efe18f4d85f98f,shared_domain,shared_domain
0.0,1.0,0.0,1.0,0.0,1.0,12,7,0.0,66299e20a9efe18f4d85f991,shared_domain,shared_domain
1.0,1.0,0.0,0.0,0.0,1.0,-2,-2,0.0,66299e24a9efe18f4d85f99d,shared_domain,shared_domain
0.0,1.0,0.0,1.0,0.0,1.0,211,20,0.0,66299e24a9efe18f4d85f99e,shared_domain,shared_domain
0.0,1.0,0.0,1.0,0.0,1.0,12,18,0.0,66299e25a9efe18f4d85f9a0,shared_domain,shared_domain
1.0,0.0,0.0,0.0,0.0,0.0,-2,-2,1.0,66299e2ca9efe18f4d85f9b9,attackers_domain,attackers_domain
1.0,0.0,0.0,0.0,0.0,0.0,-2,-2,1.0,66299e2da9efe18f4d85f9ba,attackers_domain,attackers_domain
1.0,1.0,0.0,1.0,0.0,0.0,4432,424,0.0,66299e36a9efe18f4d85f9d8,shared_domain,shared_domain
1.0,1.0,1.0,1.0,0.0,1.0,225,77,0.0,66299e37a9efe18f4d85f9db,shared_domain,shared_domain
1.0,1.0,0.0,1.0,0.0,1.0,531,209,0.0,66299e39a9efe18f4d85f9e1,shared_domain,shared_domain
1.0,1.0,0.0,1.0,0.0,0.0,2270,149,0.0,66299e3ca9efe18f4d85f9e4,shared_domain,shared_domain
1.0,1.0,0.0,1.0,0.0,1.0,531,209,0.0,66299e3ea9efe18f4d85f9ec,shared_domain,shared_domain
1.0,1.0,0.0,1.0,0.0,1.0,627,614,0.0,66299e43a9efe18f4d85f9f9,shared_domain,shared_domain
1.0,1.0,0.0,1.0,0.0,1.0,627,614,0.0,66299e43a9efe18f4d85f9fb,shared_domain,shared_domain
1.0,1.0,0.0,1.0,0.0,0.0,4432,460,0.0,66299e45a9efe18f4d85fa00,shared_domain,shared_domain
1.0,1.0,1.0,1.0,0.0,1.0,225,86,0.0,66299e48a9efe18f4d85fa08,shared_domain,shared_domain
1.0,1.0,0.0,1.0,0.0,1.0,228,92,1.0,66299e4da9efe18f4d85fa11,attackers_domain,attackers_domain
1.0,1.0,1.0,1.0,0.0,1.0,225,577,0.0,66299e4fa9efe18f4d85fa17,shared_domain,shared_domain
1.0,0.0,0.0,0.0,1.0,0.0,-2,-2,1.0,66299e56a9efe18f4d85fa2a,attackers_domain,attackers_domain
1.0,1.0,1.0,1.0,0.0,1.0,225,184,0.0,66299e5aa9efe18f4d85fa37,shared_domain,shared_domain
0.0,0.0,0.0,1.0,0.0,1.0,-1,49,1.0,66299e5ca9efe18f4d85fa3d,attackers_domain,attackers_domain
0.0,1.0,0.0,1.0,0.0,1.0,430,236,0.0,66299e69a9efe18f4d85fa65,shared_domain,shared_domain
1.0,1.0,0.0,0.0,0.0,1.0,-2,-2,0.0,66299e6aa9efe18f4d85fa69,shared_domain,shared_domain
0.0,1.0,0.0,0.0,0.0,1.0,-2,-2,0.0,66299e6da9efe18f4d85fa74,shared_domain,shared_domain
0.0,1.0,0.0,0.0,0.0,1.0,-2,-2,0.0,66299e6ea9efe18f4d85fa75,shared_domain,shared_domain
0.0,1.0,0.0,1.0,0.0,1.0,304,98,0.0,66299e71a9efe18f4d85fa7e,shared_domain,shared_domain
0.0,1.0,0.0,1.0,0.0,1.0,12,12,0.0,6629a176a9efe18f4d85fa96,shared_domain,shared_domain
1.0,1.0,0.0,1.0,0.0,0.0,4432,435,0.0,6629a176a9efe18f4d85fa97,shared_domain,shared_domain
1.0,1.0,1.0,1.0,0.0,1.0,115,44,0.0,6629a512a9efe18f4d85fa98,shared_domain,shared_domain
1.0,0.0,0.0,1.0,0.0,1.0,-2,-2,1.0,6629bac0a9efe18f4d85facf,attackers_domain,attackers_domain
1.0,1.0,0.0,1.0,1.0,0.0,-2,-2,1.0,6629be47a9efe18f4d85faee,attackers_domain,attackers_domain
1.0,1.0,0.0,1.0,1.0,0.0,-2,-2,1.0,6629be47a9efe18f4d85faf2,attackers_domain,attackers_domain
1.0,0.0,0.0,0.0,0.0,1.0,-2,-2,1.0,6629c1e3a9efe18f4d85fb00,attackers_domain,attackers_domain
1.0,1.0,1.0,1.0,0.0,1.0,115,44,0.0,6629c1e3a9efe18f4d85fb06,shared_domain,shared_domain
0.0,0.0,0.0,0.0,0.0,1.0,-2,-2,1.0,6629c57da9efe18f4d85fb17,attackers_domain,attackers_domain
1.0,1.0,1.0,1.0,0.0,1.0,49,52,0.0,6629c91ca9efe18f4d85fb1f,shared_domain,shared_domain
1.0,0.0,0.0,0.0,0.0,1.0,-2,-2,1.0,6629c91ca9efe18f4d85fb29,attackers_domain,attackers_domain
1.0,0.0,0.0,0.0,0.0,1.0,-2,-2,1.0,6629c91ca9efe18f4d85fb2a,attackers_domain,attackers_domain
1.0,0.0,0.0,0.0,0.0,1.0,-2,-2,1.0,6629c91ca9efe18f4d85fb30,attackers_domain,attackers_domain
1.0,0.0,0.0,0.0,0.0,1.0,-2,-2,1.0,6629c91ca9efe18f4d85fb31,attackers_domain,attackers_domain
0.0,1.0,1.0,1.0,0.0,1.0,72,96,0.0,6629ca96a9efe18f4d85fb36,shared_domain,shared_domain
1.0,1.0,1.0,1.0,0.0,1.0,115,44,0.0,6629d047a9efe18f4d85fb3c,shared_domain,shared_domain
1.0,1.0,1.0,1.0,0.0,1.0,49,554,0.0,6629d047a9efe18f4d85fb3d,shared_domain,shared_domain
1.0,1.0,1.0,1.0,0.0,1.0,115,44,0.0,6629d047a9efe18f4d85fb40,shared_domain,shared_domain
0.0,1.0,0.0,1.0,0.0,1.0,12,40,0.0,6629d047a9efe18f4d85fb47,shared_domain,shared_domain
0.0,1.0,0.0,1.0,0.0,1.0,0,115,0.0,6629d047a9efe18f4d85fb49,shared_domain,shared_domain
1.0,1.0,0.0,1.0,0.0,1.0,0,7,0.0,6629d77da9efe18f4d85fb4f,compromised_domain,shared_domain
1.0,1.0,1.0,1.0,0.0,1.0,115,48,0.0,6629d77da9efe18f4d85fb55,shared_domain,shared_domain
0.0,1.0,1.0,1.0,0.0,1.0,378,169,0.0,6629d77da9efe18f4d85fb6b,shared_domain,shared_domain
1.0,1.0,1.0,1.0,0.0,1.0,49,554,0.0,6629decea9efe18f4d85fba1,shared_domain,shared_domain
1.0,1.0,0.0,1.0,0.0,1.0,0,7,0.0,6629decea9efe18f4d85fba9,compromised_domain,shared_domain
0.0,1.0,0.0,1.0,0.0,1.0,12,7,0.0,6629ed26a9efe18f4d85fbec,shared_domain,shared_domain
0.0,1.0,0.0,1.0,0.0,1.0,42,26,0.0,6629ed27a9efe18f4d85fbfe,shared_domain,shared_domain
0.0,1.0,0.0,1.0,0.0,1.0,42,60,0.0,6629fb83a9efe18f4d85fc26,shared_domain,shared_domain
0.0,1.0,0.0,1.0,0.0,1.0,42,60,0.0,6629fb83a9efe18f4d85fc31,shared_domain,shared_domain
0.0,1.0,0.0,1.0,0.0,1.0,42,44,0.0,662a02c2a9efe18f4d85fc3e,shared_domain,shared_domain
1.0,0.0,0.0,1.0,1.0,0.0,-1,7,1.0,662a1bf4a9efe18f4d85fca9,attackers_domain,attackers_domain
1.0,0.0,0.0,1.0,0.0,0.0,-1,87,1.0,662a2343a9efe18f4d85fd00,attackers_domain,attackers_domain
1.0,1.0,0.0,1.0,0.0,0.0,-2,-2,1.0,662a39b1a9efe18f4d85fd3f,compromised_domain,compromised_domain
1.0,1.0,0.0,1.0,0.0,0.0,4432,491,0.0,662a3c1ca9efe18f4d85fd57,shared_domain,shared_domain
0.0,1.0,0.0,1.0,0.0,1.0,387,99,0.0,662a3c1ca9efe18f4d85fd5c,shared_domain,shared_domain
1.0,1.0,0.0,1.0,0.0,0.0,4432,486,0.0,662a45dda9efe18f4d85fdc7,shared_domain,shared_domain
1.0,1.0,0.0,1.0,0.0,1.0,77,47,0.0,662a45f1a9efe18f4d85fdf0,shared_domain,shared_domain
1.0,1.0,0.0,1.0,0.0,0.0,4432,485,0.0,662a4602a9efe18f4d85fe14,shared_domain,shared_domain
1.0,1.0,0.0,1.0,0.0,0.0,21,6,0.0,662a4628a9efe18f4d85fe5b,shared_domain,shared_domain
1.0,0.0,0.0,0.0,0.0,0.0,-2,-2,1.0,662a4644a9efe18f4d85fe8f,attackers_domain,attackers_domain
1.0,0.0,0.0,0.0,0.0,0.0,-2,-2,1.0,662a4644a9efe18f4d85fe91,attackers_domain,attackers_domain
1.0,0.0,0.0,0.0,0.0,0.0,-2,-2,1.0,662a4645a9efe18f4d85fe94,attackers_domain,attackers_domain
1.0,1.0,0.0,1.0,0.0,1.0,1995,141,0.0,662a4657a9efe18f4d85feb0,shared_domain,shared_domain
0.0,1.0,1.0,1.0,0.0,1.0,378,166,0.0,662a480ca9efe18f4d85fed2,shared_domain,shared_domain
1.0,1.0,0.0,1.0,0.0,1.0,156,157,0.0,662a4a3ea9efe18f4d85fede,shared_domain,shared_domain
1.0,1.0,0.0,1.0,0.0,1.0,156,56,0.0,662a4a3ea9efe18f4d85fee4,shared_domain,shared_domain
1.0,1.0,1.0,1.0,0.0,1.0,-1,203,0.0,662a52d6a9efe18f4d85ff0e,shared_domain,shared_domain
1.0,1.0,1.0,1.0,0.0,1.0,49,61,0.0,662a5671a9efe18f4d85ff21,shared_domain,shared_domain
1.0,1.0,1.0,1.0,0.0,1.0,660,44,0.0,662a5d97a9efe18f4d85ff56,shared_domain,shared_domain
1.0,1.0,0.0,1.0,0.0,0.0,4432,434,0.0,662a6135a9efe18f4d85ff61,shared_domain,shared_domain
0.0,1.0,0.0,1.0,0.0,1.0,802,305,0.0,662a6856a9efe18f4d85ff81,shared_domain,shared_domain
1.0,1.0,1.0,1.0,0.0,1.0,49,595,0.0,662a6c10a9efe18f4d85ff90,shared_domain,shared_domain
1.0,1.0,0.0,1.0,0.0,1.0,2,51,0.0,662a76c7a9efe18f4d85ffb9,shared_domain,shared_domain
1.0,1.0,0.0,0.0,1.0,0.0,-2,-2,1.0,662a81a3a9efe18f4d85ffd3,attackers_domain,attackers_domain
0.0,1.0,0.0,1.0,0.0,1.0,802,306,0.0,662a82e7a9efe18f4d85ffe0,shared_domain,shared_domain
1.0,1.0,1.0,1.0,0.0,1.0,115,48,0.0,662a9375a9efe18f4d860013,shared_domain,shared_domain
1.0,1.0,1.0,1.0,0.0,1.0,-1,206,0.0,662a9375a9efe18f4d86001a,shared_domain,shared_domain
1.0,0.0,0.0,1.0,0.0,0.0,-2,-2,1.0,662a9e3fa9efe18f4d860044,attackers_domain,attackers_domain
1.0,0.0,0.0,1.0,1.0,0.0,-1,97,1.0,662a9e3fa9efe18f4d86004a,attackers_domain,attackers_domain
1.0,1.0,1.0,1.0,0.0,1.0,-1,203,0.0,662a9f3ea9efe18f4d860053,shared_domain,shared_domain
1.0,1.0,1.0,1.0,0.0,1.0,-1,205,0.0,662a9f3ea9efe18f4d860057,shared_domain,shared_domain
1.0,0.0,0.0,1.0,0.0,1.0,-2,-2,0.0,662a970da9efe18f4d860028,compromised_domain,compromised_domain
1.0,1.0,0.0,1.0,0.0,1.0,53,1227,0.0,662a4625a9efe18f4d85fe57,compromised_domain,shared_domain
1.0,1.0,0.0,1.0,0.0,1.0,1162,240,0.0,6628f572a9efe18f4d85f31d,compromised_domain,shared_domain
0.0,1.0,0.0,1.0,0.0,1.0,0,8,0.0,6628e7fea9efe18f4d85f1e6,compromised_domain,compromised_domain
1.0,0.0,0.0,1.0,0.0,0.0,145,210,0.0,66281412a9efe18f4d85e73f,compromised_domain,compromised_domain
0.0,1.0,0.0,1.0,0.0,1.0,0,33,0.0,6627aef1a9efe18f4d85e4c0,compromised_domain,compromised_domain
0.0,1.0,0.0,1.0,0.0,1.0,801,452,0.0,6627a433a9efe18f4d85e3b1,compromised_domain,compromised_domain
1.0,1.0,0.0,1.0,0.0,0.0,1330,286,0.0,6626af04a9efe18f4d85dae6,compromised_domain,compromised_domain
1.0,1.0,0.0,1.0,0.0,1.0,1330,119,0.0,66265233a9efe18f4d85d369,compromised_domain,shared_domain
1.0,1.0,0.0,1.0,0.0,1.0,1330,119,0.0,662609e9a9efe18f4d85cf52,compromised_domain,shared_domain
1.0,1.0,0.0,1.0,0.0,1.0,1330,1526,0.0,6625fb25a9efe18f4d85ce69,compromised_domain,shared_domain
1.0,1.0,0.0,1.0,0.0,0.0,197,130,0.0,662585dfa9efe18f4d85c984,compromised_domain,shared_domain
1.0,1.0,0.0,1.0,0.0,1.0,1330,119,0.0,6624b430a9efe18f4d85c36e,compromised_domain,shared_domain
1.0,1.0,0.0,1.0,0.0,0.0,65,35,0.0,662457fba9efe18f4d85b93c,compromised_domain,compromised_domain
1.0,0.0,0.0,0.0,0.0,1.0,-2,-2,1.0,66239a74a9efe18f4d85b329,attackers_domain,attackers_domain
1.0,0.0,0.0,1.0,1.0,0.0,26,105,1.0,66239a74a9efe18f4d85b331,compromised_domain,attackers_domain
1.0,0.0,0.0,1.0,1.0,0.0,5,239,1.0,66239a74a9efe18f4d85b339,attackers_domain,attackers_domain
1.0,0.0,0.0,0.0,1.0,0.0,-2,-2,1.0,66239a74a9efe18f4d85b33a,attackers_domain,attackers_domain
0.0,1.0,0.0,1.0,0.0,1.0,7,186,1.0,66239a74a9efe18f4d85b340,attackers_domain,attackers_domain
0.0,0.0,0.0,1.0,0.0,1.0,3,183,1.0,66239a74a9efe18f4d85b343,attackers_domain,attackers_domain
0.0,0.0,0.0,0.0,0.0,1.0,-2,-2,1.0,66239a74a9efe18f4d85b347,attackers_domain,attackers_domain
0.0,0.0,0.0,0.0,0.0,1.0,-2,-2,1.0,66239a74a9efe18f4d85b34a,attackers_domain,attackers_domain
0.0,0.0,0.0,0.0,0.0,1.0,-2,-2,1.0,66239a74a9efe18f4d85b34b,attackers_domain,attackers_domain
0.0,0.0,0.0,0.0,0.0,1.0,-2,-2,1.0,66239a74a9efe18f4d85b34e,attackers_domain,attackers_domain
0.0,1.0,1.0,1.0,0.0,1.0,54,199,0.0,66239cf7a9efe18f4d85b359,shared_domain,shared_domain
1.0,0.0,0.0,0.0,0.0,1.0,-2,-2,1.0,6623a094a9efe18f4d85b35a,attackers_domain,attackers_domain
1.0,0.0,0.0,0.0,0.0,1.0,-2,-2,1.0,6623a094a9efe18f4d85b35c,attackers_domain,attackers_domain
1.0,0.0,0.0,0.0,0.0,1.0,-2,-2,1.0,6623a094a9efe18f4d85b35d,attackers_domain,attackers_domain
1.0,1.0,0.0,1.0,0.0,1.0,41,7,0.0,6623a094a9efe18f4d85b366,shared_domain,shared_domain
1.0,1.0,0.0,1.0,0.0,1.0,41,7,0.0,6623a094a9efe18f4d85b367,shared_domain,shared_domain
0.0,1.0,0.0,1.0,0.0,1.0,42,41,0.0,6623a7cda9efe18f4d85b378,shared_domain,shared_domain
1.0,0.0,0.0,0.0,1.0,0.0,-2,-2,1.0,6623af32a9efe18f4d85b3bd,attackers_domain,attackers_domain
1.0,0.0,0.0,0.0,0.0,1.0,-2,-2,1.0,6623af35a9efe18f4d85b3c4,attackers_domain,attackers_domain
1.0,1.0,0.0,1.0,0.0,1.0,1995,53,0.0,6623b037a9efe18f4d85b3fa,shared_domain,shared_domain
1.0,1.0,0.0,1.0,0.0,1.0,1995,116,0.0,6623b03ba9efe18f4d85b3fd,shared_domain,shared_domain
0.0,1.0,1.0,1.0,0.0,1.0,378,135,0.0,6623b03da9efe18f4d85b403,shared_domain,shared_domain
0.0,1.0,1.0,1.0,0.0,1.0,378,171,0.0,6623b03ea9efe18f4d85b405,shared_domain,shared_domain
1.0,1.0,1.0,1.0,0.0,1.0,115,1394,0.0,6623b049a9efe18f4d85b421,shared_domain,shared_domain
1.0,0.0,0.0,0.0,0.0,1.0,-2,-2,1.0,6623b051a9efe18f4d85b437,attackers_domain,attackers_domain
0.0,1.0,1.0,1.0,0.0,1.0,4,203,0.0,6623b056a9efe18f4d85b448,shared_domain,shared_domain
0.0,1.0,0.0,0.0,0.0,1.0,-2,-2,0.0,6623b059a9efe18f4d85b451,shared_domain,shared_domain
1.0,1.0,1.0,1.0,0.0,1.0,49,61,0.0,6623b059a9efe18f4d85b452,shared_domain,shared_domain
1.0,1.0,1.0,1.0,0.0,1.0,115,404,0.0,6623b05ea9efe18f4d85b462,shared_domain,shared_domain
1.0,1.0,1.0,1.0,0.0,1.0,115,43,0.0,6623b05fa9efe18f4d85b464,shared_domain,shared_domain
1.0,1.0,0.0,1.0,0.0,1.0,1995,53,0.0,6623b05fa9efe18f4d85b465,shared_domain,shared_domain
1.0,1.0,0.0,1.0,0.0,1.0,509,111,0.0,6623b062a9efe18f4d85b46d,shared_domain,shared_domain
1.0,0.0,0.0,1.0,1.0,0.0,-1,7,1.0,6623b065a9efe18f4d85b476,attackers_domain,attackers_domain
1.0,1.0,1.0,1.0,0.0,1.0,652,160,0.0,6623b065a9efe18f4d85b477,shared_domain,shared_domain
0.0,0.0,0.0,0.0,0.0,1.0,-2,-2,1.0,6623b065a9efe18f4d85b478,attackers_domain,attackers_domain
1.0,1.0,0.0,1.0,0.0,1.0,1995,53,0.0,6623b066a9efe18f4d85b47a,shared_domain,shared_domain
1.0,1.0,0.0,0.0,1.0,0.0,-2,-2,1.0,6623b06aa9efe18f4d85b489,attackers_domain,attackers_domain
0.0,0.0,0.0,0.0,0.0,1.0,-2,-2,1.0,6623b06ca9efe18f4d85b48e,attackers_domain,attackers_domain
1.0,0.0,0.0,0.0,0.0,1.0,-2,-2,1.0,6623b06ea9efe18f4d85b495,attackers_domain,attackers_domain
0.0,0.0,0.0,0.0,0.0,1.0,-2,-2,1.0,6623b072a9efe18f4d85b4a1,attackers_domain,attackers_domain
0.0,0.0,0.0,0.0,0.0,1.0,-2,-2,1.0,6623b074a9efe18f4d85b4a9,attackers_domain,attackers_domain
0.0,0.0,0.0,0.0,0.0,1.0,-2,-2,1.0,6623b075a9efe18f4d85b4aa,attackers_domain,attackers_domain
1.0,1.0,1.0,1.0,0.0,0.0,0,175,0.0,6623b07aa9efe18f4d85b4b9,shared_domain,shared_domain
1.0,1.0,1.0,1.0,0.0,0.0,0,175,0.0,6623b07ba9efe18f4d85b4bd,shared_domain,shared_domain
0.0,1.0,0.0,1.0,0.0,1.0,555,35,0.0,6623b07ca9efe18f4d85b4bf,shared_domain,shared_domain
0.0,1.0,0.0,1.0,0.0,1.0,555,31,0.0,6623b07ea9efe18f4d85b4c7,shared_domain,shared_domain
0.0,1.0,0.0,1.0,0.0,1.0,555,19,0.0,6623b07fa9efe18f4d85b4cb,shared_domain,shared_domain
0.0,1.0,0.0,1.0,0.0,1.0,555,28,0.0,6623b086a9efe18f4d85b4df,shared_domain,shared_domain
0.0,1.0,0.0,1.0,0.0,1.0,555,48,0.0,6623b088a9efe18f4d85b4e2,shared_domain,shared_domain
0.0,1.0,0.0,1.0,0.0,1.0,555,27,0.0,6623b089a9efe18f4d85b4e5,shared_domain,shared_domain
0.0,0.0,0.0,0.0,0.0,1.0,-2,-2,1.0,6623b08ba9efe18f4d85b4ea,attackers_domain,attackers_domain
0.0,1.0,0.0,1.0,0.0,1.0,555,27,0.0,6623b08da9efe18f4d85b4f0,shared_domain,shared_domain
0.0,1.0,0.0,1.0,0.0,1.0,555,27,0.0,6623b08da9efe18f4d85b4f1,shared_domain,shared_domain
0.0,1.0,0.0,1.0,0.0,1.0,555,17,0.0,6623b08ea9efe18f4d85b4f3,shared_domain,shared_domain
0.0,1.0,0.0,1.0,0.0,1.0,555,62,0.0,6623b08fa9efe18f4d85b4f5,shared_domain,shared_domain
0.0,1.0,0.0,1.0,0.0,1.0,555,26,0.0,6623b092a9efe18f4d85b4fc,shared_domain,shared_domain
1.0,0.0,0.0,0.0,0.0,1.0,-2,-2,1.0,6623b096a9efe18f4d85b503,attackers_domain,attackers_domain
1.0,1.0,1.0,1.0,0.0,1.0,115,404,0.0,6623b098a9efe18f4d85b509,shared_domain,shared_domain
1.0,1.0,1.0,1.0,0.0,1.0,115,404,0.0,6623b099a9efe18f4d85b50c,shared_domain,shared_domain
1.0,1.0,1.0,1.0,0.0,1.0,115,404,0.0,6623b09aa9efe18f4d85b511,shared_domain,shared_domain
1.0,1.0,1.0,1.0,0.0,1.0,115,404,0.0,6623b09fa9efe18f4d85b520,shared_domain,shared_domain
1.0,1.0,1.0,1.0,0.0,1.0,115,404,0.0,6623b0a0a9efe18f4d85b522,shared_domain,shared_domain
1.0,1.0,1.0,1.0,0.0,1.0,115,404,0.0,6623b0a0a9efe18f4d85b524,shared_domain,shared_domain
1.0,1.0,1.0,1.0,0.0,1.0,115,404,0.0,6623b0a1a9efe18f4d85b527,shared_domain,shared_domain
0.0,0.0,0.0,1.0,0.0,1.0,-2,-2,1.0,6623b0a2a9efe18f4d85b52b,attackers_domain,attackers_domain
1.0,1.0,1.0,1.0,0.0,1.0,115,404,0.0,6623b0a3a9efe18f4d85b52d,shared_domain,shared_domain
1.0,1.0,1.0,1.0,0.0,1.0,115,404,0.0,6623b0a5a9efe18f4d85b534,shared_domain,shared_domain
1.0,1.0,1.0,1.0,0.0,1.0,115,404,0.0,6623b0a6a9efe18f4d85b536,shared_domain,shared_domain
1.0,1.0,1.0,1.0,0.0,1.0,115,404,0.0,6623b0a8a9efe18f4d85b53d,shared_domain,shared_domain
1.0,1.0,1.0,1.0,0.0,1.0,115,404,0.0,6623b0a8a9efe18f4d85b53e,shared_domain,shared_domain
1.0,1.0,1.0,1.0,0.0,1.0,115,404,0.0,6623b0aca9efe18f4d85b54a,shared_domain,shared_domain
1.0,0.0,0.0,0.0,0.0,1.0,-2,-2,1.0,6623b0aca9efe18f4d85b54d,attackers_domain,attackers_domain
1.0,1.0,1.0,1.0,0.0,1.0,115,404,0.0,6623b0aea9efe18f4d85b551,shared_domain,shared_domain
1.0,1.0,1.0,1.0,0.0,1.0,49,61,0.0,6623b67ba9efe18f4d85b57d,shared_domain,shared_domain
1.0,1.0,1.0,1.0,0.0,0.0,0,51,0.0,6623b7b7a9efe18f4d85b585,shared_domain,shared_domain
1.0,1.0,1.0,1.0,0.0,1.0,-1,134,0.0,6623b7b7a9efe18f4d85b587,shared_domain,shared_domain
1.0,1.0,1.0,1.0,0.0,1.0,-1,203,0.0,6623b7b7a9efe18f4d85b589,shared_domain,shared_domain
1.0,1.0,1.0,1.0,0.0,1.0,49,61,0.0,6623bdd7a9efe18f4d85b58e,shared_domain,shared_domain
1.0,1.0,1.0,1.0,0.0,1.0,49,43,0.0,6623bdd7a9efe18f4d85b594,shared_domain,shared_domain
1.0,1.0,1.0,1.0,0.0,1.0,115,51,0.0,6623c512a9efe18f4d85b5a4,shared_domain,shared_domain
1.0,1.0,1.0,1.0,0.0,1.0,115,57,0.0,6623c512a9efe18f4d85b5b0,shared_domain,shared_domain
1.0,1.0,1.0,1.0,0.0,1.0,-1,204,0.0,6623c652a9efe18f4d85b5c0,shared_domain,shared_domain
1.0,1.0,1.0,1.0,0.0,1.0,49,61,0.0,6623cc4aa9efe18f4d85b5d1,shared_domain,shared_domain
1.0,1.0,0.0,0.0,0.0,1.0,-2,-2,0.0,6623d4e9a9efe18f4d85b5e4,shared_domain,shared_domain
1.0,1.0,1.0,1.0,0.0,1.0,4,323,0.0,6623d4e9a9efe18f4d85b5f3,shared_domain,shared_domain
1.0,1.0,1.0,1.0,0.0,1.0,115,525,0.0,6623dacca9efe18f4d85b5fd,shared_domain,shared_domain
0.0,0.0,0.0,1.0,0.0,1.0,-2,-2,1.0,6623e21aa9efe18f4d85b615,attackers_domain,attackers_domain
1.0,1.0,1.0,1.0,0.0,1.0,115,525,0.0,6623e21aa9efe18f4d85b618,shared_domain,shared_domain
1.0,0.0,0.0,0.0,0.0,1.0,-2,-2,1.0,6623e21aa9efe18f4d85b61a,attackers_domain,attackers_domain
1.0,1.0,1.0,1.0,0.0,1.0,115,525,0.0,6623e21aa9efe18f4d85b61e,shared_domain,shared_domain
1.0,1.0,1.0,1.0,0.0,1.0,115,525,0.0,6623e21aa9efe18f4d85b61f,shared_domain,shared_domain
1.0,1.0,1.0,1.0,0.0,1.0,115,525,0.0,6623e21aa9efe18f4d85b620,shared_domain,shared_domain
1.0,1.0,1.0,1.0,0.0,1.0,49,61,0.0,6623e21aa9efe18f4d85b623,shared_domain,shared_domain
1.0,1.0,1.0,1.0,0.0,1.0,49,367,0.0,6623e365a9efe18f4d85b626,shared_domain,shared_domain
1.0,1.0,1.0,1.0,0.0,1.0,115,44,0.0,6623e962a9efe18f4d85b63c,shared_domain,shared_domain
0.0,0.0,0.0,0.0,0.0,1.0,-2,-2,1.0,6623f0bca9efe18f4d85b647,attackers_domain,attackers_domain
1.0,1.0,0.0,1.0,0.0,1.0,-1,2375,0.0,6623f1f3a9efe18f4d85b654,shared_domain,shared_domain
1.0,0.0,0.0,0.0,1.0,0.0,-2,-2,1.0,6623f807a9efe18f4d85b65c,attackers_domain,attackers_domain
1.0,0.0,0.0,1.0,0.0,0.0,-2,-2,1.0,6623f807a9efe18f4d85b661,attackers_domain,attackers_domain
1.0,1.0,1.0,1.0,0.0,1.0,49,334,0.0,66240089a9efe18f4d85b67d,shared_domain,shared_domain
1.0,1.0,1.0,1.0,0.0,1.0,49,47,0.0,66240089a9efe18f4d85b67e,shared_domain,shared_domain
1.0,0.0,0.0,1.0,0.0,0.0,-2,-2,1.0,6624008da9efe18f4d85b68a,attackers_domain,attackers_domain
1.0,0.0,0.0,1.0,0.0,0.0,-2,-2,1.0,6624008ea9efe18f4d85b68b,attackers_domain,attackers_domain
0.0,1.0,0.0,1.0,0.0,1.0,42,43,0.0,66240a46a9efe18f4d85b6bd,shared_domain,shared_domain
0.0,1.0,1.0,1.0,0.0,1.0,4,215,0.0,66240f2aa9efe18f4d85b6c9,shared_domain,shared_domain
0.0,1.0,1.0,1.0,0.0,1.0,77,150,0.0,66240f2aa9efe18f4d85b6cf,shared_domain,shared_domain
0.0,1.0,1.0,1.0,0.0,1.0,77,155,0.0,66240f2aa9efe18f4d85b6d3,shared_domain,shared_domain
0.0,1.0,1.0,1.0,0.0,1.0,77,155,0.0,66240f2aa9efe18f4d85b6d6,shared_domain,shared_domain
0.0,1.0,0.0,1.0,0.0,1.0,0,181,0.0,66240f2aa9efe18f4d85b6dd,shared_domain,shared_domain
1.0,1.0,1.0,1.0,0.0,1.0,652,241,0.0,66240f2aa9efe18f4d85b6e4,shared_domain,shared_domain
1.0,0.0,0.0,0.0,0.0,1.0,-2,-2,1.0,66240f2aa9efe18f4d85b6e5,attackers_domain,attackers_domain
0.0,1.0,0.0,1.0,0.0,1.0,42,396,0.0,66240f2aa9efe18f4d85b6e8,shared_domain,shared_domain
0.0,1.0,0.0,1.0,0.0,1.0,42,48,0.0,66240f2aa9efe18f4d85b6e9,shared_domain,shared_domain
1.0,1.0,1.0,1.0,0.0,1.0,652,257,0.0,66240f2aa9efe18f4d85b6ea,shared_domain,shared_domain
0.0,1.0,0.0,1.0,0.0,1.0,42,41,0.0,66240f2aa9efe18f4d85b6ec,shared_domain,shared_domain
0.0,1.0,0.0,1.0,0.0,1.0,1368,1338,0.0,66240f2aa9efe18f4d85b6ed,shared_domain,shared_domain
1.0,1.0,0.0,1.0,0.0,1.0,1644,604,0.0,66240f2ba9efe18f4d85b6f1,shared_domain,shared_domain
1.0,1.0,0.0,1.0,0.0,1.0,2435,1031,0.0,66241c4fa9efe18f4d85b705,shared_domain,shared_domain
1.0,1.0,1.0,1.0,0.0,1.0,-1,263,0.0,66241c50a9efe18f4d85b713,shared_domain,shared_domain
0.0,1.0,0.0,1.0,0.0,1.0,43,105,0.0,66241d83a9efe18f4d85b718,shared_domain,shared_domain
0.0,0.0,0.0,0.0,0.0,1.0,-2,-2,1.0,66241d83a9efe18f4d85b723,attackers_domain,attackers_domain
1.0,1.0,1.0,1.0,0.0,1.0,660,44,0.0,66242000a9efe18f4d85b72d,shared_domain,shared_domain
0.0,1.0,0.0,1.0,0.0,1.0,42,14,0.0,6624273ca9efe18f4d85b735,shared_domain,shared_domain
1.0,0.0,0.0,1.0,0.0,1.0,-2,-2,1.0,6624273ca9efe18f4d85b73d,attackers_domain,attackers_domain
1.0,1.0,1.0,1.0,0.0,1.0,115,41,0.0,66242ca5a9efe18f4d85b74f,shared_domain,shared_domain
1.0,0.0,0.0,0.0,0.0,1.0,-2,-2,1.0,66242e73a9efe18f4d85b75c,attackers_domain,attackers_domain
1.0,0.0,0.0,0.0,0.0,1.0,-2,-2,1.0,66242e73a9efe18f4d85b75d,attackers_domain,attackers_domain
1.0,1.0,1.0,1.0,0.0,1.0,49,61,0.0,66242e73a9efe18f4d85b768,shared_domain,shared_domain
1.0,0.0,0.0,1.0,0.0,1.0,-2,-2,1.0,662435a7a9efe18f4d85b772,attackers_domain,attackers_domain
1.0,0.0,0.0,1.0,0.0,1.0,-2,-2,1.0,662435a7a9efe18f4d85b778,attackers_domain,attackers_domain
1.0,1.0,1.0,1.0,0.0,1.0,115,316,0.0,66243aeca9efe18f4d85b795,shared_domain,shared_domain
1.0,0.0,0.0,1.0,0.0,1.0,-2,-2,0.0,66243cf8a9efe18f4d85b7ae,compromised_domain,compromised_domain
1.0,0.0,0.0,1.0,1.0,0.0,-1,7,1.0,6624447ba9efe18f4d85b87e,attackers_domain,attackers_domain
0.0,1.0,0.0,1.0,0.0,1.0,42,44,0.0,6624447ba9efe18f4d85b887,shared_domain,shared_domain
0.0,1.0,1.0,1.0,0.0,1.0,378,173,0.0,6624447ba9efe18f4d85b88b,shared_domain,shared_domain
0.0,1.0,0.0,1.0,0.0,1.0,42,44,0.0,662452eda9efe18f4d85b8a7,shared_domain,shared_domain
1.0,1.0,0.0,1.0,0.0,1.0,1995,141,0.0,662457d1a9efe18f4d85b8c8,shared_domain,shared_domain
1.0,1.0,1.0,1.0,0.0,1.0,225,491,0.0,662457d2a9efe18f4d85b8cb,shared_domain,shared_domain
1.0,1.0,1.0,1.0,0.0,1.0,49,61,0.0,662457dca9efe18f4d85b8eb,shared_domain,shared_domain
0.0,1.0,1.0,1.0,0.0,1.0,378,172,0.0,662457dea9efe18f4d85b8f1,shared_domain,shared_domain
0.0,1.0,0.0,1.0,0.0,1.0,12,180,0.0,662457e0a9efe18f4d85b8f6,shared_domain,shared_domain
0.0,1.0,0.0,1.0,0.0,1.0,12,180,0.0,662457e1a9efe18f4d85b8fa,shared_domain,shared_domain
0.0,1.0,0.0,1.0,0.0,1.0,0,24,0.0,662457e9a9efe18f4d85b911,shared_domain,shared_domain
0.0,0.0,0.0,0.0,0.0,1.0,-2,-2,1.0,662457eca9efe18f4d85b91c,attackers_domain,attackers_domain
0.0,1.0,1.0,1.0,0.0,1.0,77,188,0.0,662457faa9efe18f4d85b939,shared_domain,shared_domain
1.0,1.0,0.0,1.0,1.0,0.0,527,24,0.0,66245804a9efe18f4d85b94e,compromised_domain,compromised_domain
0.0,1.0,1.0,1.0,0.0,1.0,378,173,0.0,66245804a9efe18f4d85b94f,shared_domain,shared_domain
1.0,1.0,0.0,1.0,0.0,0.0,-1,326,0.0,66245807a9efe18f4d85b959,compromised_domain,compromised_domain
1.0,1.0,0.0,1.0,0.0,1.0,1289,142,0.0,66245808a9efe18f4d85b95b,shared_domain,shared_domain
1.0,1.0,0.0,1.0,0.0,1.0,1995,132,0.0,66245809a9efe18f4d85b95e,shared_domain,shared_domain
1.0,1.0,1.0,1.0,0.0,1.0,225,184,0.0,6624580ba9efe18f4d85b965,shared_domain,shared_domain
1.0,1.0,1.0,1.0,0.0,1.0,652,98,0.0,66245810a9efe18f4d85b96f,shared_domain,shared_domain
1.0,1.0,1.0,1.0,0.0,1.0,115,525,0.0,6624581ea9efe18f4d85b97f,shared_domain,shared_domain
0.0,0.0,0.0,0.0,0.0,1.0,-2,-2,1.0,66245829a9efe18f4d85b99a,attackers_domain,attackers_domain
0.0,1.0,1.0,1.0,0.0,1.0,378,183,0.0,6624582ba9efe18f4d85b9a0,shared_domain,shared_domain
0.0,1.0,1.0,1.0,0.0,1.0,378,139,0.0,6624582da9efe18f4d85b9a3,shared_domain,shared_domain
1.0,1.0,1.0,1.0,0.0,1.0,115,404,0.0,66245835a9efe18f4d85b9ba,shared_domain,shared_domain
1.0,1.0,1.0,1.0,0.0,1.0,115,202,0.0,6624583da9efe18f4d85b9d3,shared_domain,shared_domain
1.0,1.0,1.0,1.0,0.0,1.0,115,336,0.0,6624583da9efe18f4d85b9d4,shared_domain,shared_domain
1.0,1.0,1.0,1.0,0.0,1.0,115,404,0.0,6624583da9efe18f4d85b9d6,shared_domain,shared_domain
1.0,1.0,1.0,1.0,0.0,1.0,115,404,0.0,66245840a9efe18f4d85b9de,shared_domain,shared_domain
1.0,1.0,1.0,1.0,0.0,1.0,115,404,0.0,66245840a9efe18f4d85b9e0,shared_domain,shared_domain
0.0,0.0,0.0,0.0,0.0,1.0,-2,-2,1.0,66245843a9efe18f4d85b9e7,attackers_domain,attackers_domain
1.0,1.0,1.0,1.0,0.0,1.0,115,404,0.0,66245849a9efe18f4d85b9fb,shared_domain,shared_domain
1.0,1.0,1.0,1.0,0.0,1.0,115,404,0.0,66245851a9efe18f4d85ba14,shared_domain,shared_domain
1.0,1.0,1.0,1.0,0.0,1.0,115,404,0.0,66245856a9efe18f4d85ba23,shared_domain,shared_domain
1.0,1.0,1.0,1.0,0.0,1.0,115,404,0.0,66245857a9efe18f4d85ba27,shared_domain,shared_domain
1.0,1.0,1.0,1.0,0.0,1.0,115,404,0.0,66245859a9efe18f4d85ba2c,shared_domain,shared_domain
1.0,1.0,1.0,1.0,0.0,1.0,115,404,0.0,66245859a9efe18f4d85ba2e,shared_domain,shared_domain
1.0,1.0,1.0,1.0,0.0,1.0,115,404,0.0,6624585aa9efe18f4d85ba2f,shared_domain,shared_domain
1.0,1.0,1.0,1.0,0.0,1.0,115,404,0.0,6624585ca9efe18f4d85ba38,shared_domain,shared_domain
1.0,1.0,1.0,1.0,0.0,1.0,115,404,0.0,6624585da9efe18f4d85ba3b,shared_domain,shared_domain
1.0,1.0,1.0,1.0,0.0,1.0,115,404,0.0,6624585fa9efe18f4d85ba40,shared_domain,shared_domain
1.0,1.0,1.0,1.0,0.0,1.0,115,404,0.0,6624585fa9efe18f4d85ba42,shared_domain,shared_domain
1.0,1.0,1.0,1.0,0.0,1.0,115,404,0.0,66245861a9efe18f4d85ba46,shared_domain,shared_domain
1.0,1.0,1.0,1.0,0.0,1.0,115,404,0.0,66245862a9efe18f4d85ba49,shared_domain,shared_domain
1.0,1.0,1.0,1.0,0.0,1.0,115,404,0.0,66245865a9efe18f4d85ba53,shared_domain,shared_domain
1.0,1.0,1.0,1.0,0.0,1.0,115,404,0.0,66245866a9efe18f4d85ba55,shared_domain,shared_domain
1.0,1.0,1.0,1.0,0.0,1.0,115,51,0.0,66245a56a9efe18f4d85ba61,shared_domain,shared_domain
0.0,1.0,1.0,1.0,0.0,1.0,72,96,0.0,66245e06a9efe18f4d85ba63,shared_domain,shared_domain
1.0,1.0,1.0,1.0,0.0,1.0,115,48,0.0,66246458a9efe18f4d85c15d,shared_domain,shared_domain
1.0,1.0,1.0,1.0,0.0,1.0,115,48,0.0,66246458a9efe18f4d85c15e,shared_domain,shared_domain
0.0,1.0,1.0,1.0,0.0,1.0,54,199,0.0,66246b8ca9efe18f4d85c1e0,shared_domain,shared_domain
0.0,1.0,0.0,1.0,0.0,1.0,42,43,0.0,66246f25a9efe18f4d85c1f1,shared_domain,shared_domain
1.0,1.0,1.0,1.0,0.0,1.0,115,48,0.0,66246f25a9efe18f4d85c1f9,shared_domain,shared_domain
1.0,1.0,1.0,1.0,0.0,1.0,115,48,0.0,66246f25a9efe18f4d85c1ff,shared_domain,shared_domain
1.0,1.0,0.0,1.0,0.0,0.0,39,31,0.0,66246f25a9efe18f4d85c206,shared_domain,shared_domain
1.0,1.0,1.0,1.0,0.0,1.0,115,48,0.0,66247680a9efe18f4d85c24e,shared_domain,shared_domain
1.0,1.0,1.0,1.0,0.0,1.0,115,48,0.0,66248158a9efe18f4d85c28c,shared_domain,shared_domain
1.0,1.0,1.0,1.0,0.0,1.0,-1,204,0.0,66248294a9efe18f4d85c294,shared_domain,shared_domain
1.0,1.0,1.0,1.0,0.0,1.0,115,48,0.0,662488b8a9efe18f4d85c2a3,shared_domain,shared_domain
1.0,1.0,1.0,1.0,0.0,1.0,115,48,0.0,662488b8a9efe18f4d85c2ab,shared_domain,shared_domain
1.0,1.0,1.0,1.0,0.0,1.0,115,48,0.0,662488b8a9efe18f4d85c2b3,shared_domain,shared_domain
1.0,1.0,1.0,1.0,0.0,1.0,115,48,0.0,662488b8a9efe18f4d85c2b5,shared_domain,shared_domain
1.0,1.0,1.0,1.0,0.0,1.0,49,61,0.0,662488b9a9efe18f4d85c2be,shared_domain,shared_domain
1.0,1.0,1.0,1.0,0.0,1.0,115,48,0.0,66248feba9efe18f4d85c2cb,shared_domain,shared_domain
1.0,1.0,1.0,1.0,0.0,1.0,115,48,0.0,66248feba9efe18f4d85c2d4,shared_domain,shared_domain
1.0,1.0,1.0,1.0,0.0,1.0,115,48,0.0,66248feba9efe18f4d85c2d9,shared_domain,shared_domain
0.0,1.0,1.0,1.0,0.0,1.0,378,141,0.0,66248feba9efe18f4d85c2df,shared_domain,shared_domain
1.0,1.0,1.0,1.0,0.0,1.0,115,48,0.0,66248feba9efe18f4d85c2e0,shared_domain,shared_domain
0.0,1.0,0.0,1.0,0.0,1.0,42,44,0.0,66249744a9efe18f4d85c2f0,shared_domain,shared_domain
1.0,1.0,1.0,1.0,0.0,1.0,115,48,0.0,66249744a9efe18f4d85c2f5,shared_domain,shared_domain
1.0,1.0,1.0,1.0,0.0,1.0,115,48,0.0,66249744a9efe18f4d85c2fd,shared_domain,shared_domain
1.0,1.0,1.0,1.0,0.0,1.0,115,48,0.0,66249744a9efe18f4d85c301,shared_domain,shared_domain
1.0,1.0,1.0,1.0,0.0,1.0,115,48,0.0,66249e72a9efe18f4d85c31e,shared_domain,shared_domain
0.0,1.0,1.0,1.0,0.0,1.0,378,173,0.0,66249e72a9efe18f4d85c320,shared_domain,shared_domain
1.0,1.0,1.0,1.0,0.0,1.0,49,595,0.0,66249e72a9efe18f4d85c322,shared_domain,shared_domain
1.0,1.0,1.0,1.0,0.0,1.0,115,48,0.0,6624a594a9efe18f4d85c32c,shared_domain,shared_domain
1.0,1.0,1.0,1.0,0.0,1.0,115,48,0.0,6624acd4a9efe18f4d85c33b,shared_domain,shared_domain
1.0,1.0,1.0,1.0,0.0,1.0,115,48,0.0,6624acd4a9efe18f4d85c33e,shared_domain,shared_domain
0.0,1.0,1.0,1.0,0.0,1.0,77,198,0.0,6624ae16a9efe18f4d85c351,shared_domain,shared_domain
1.0,1.0,1.0,1.0,0.0,1.0,49,61,0.0,6624ae16a9efe18f4d85c358,shared_domain,shared_domain
1.0,1.0,1.0,1.0,0.0,1.0,115,48,0.0,6624c2b4a9efe18f4d85c3dd,shared_domain,shared_domain
1.0,1.0,1.0,1.0,0.0,1.0,115,48,0.0,6624c2b5a9efe18f4d85c3e2,shared_domain,shared_domain
1.0,1.0,1.0,1.0,0.0,1.0,115,48,0.0,6624c9eba9efe18f4d85c3ee,shared_domain,shared_domain
1.0,1.0,0.0,1.0,0.0,0.0,0,538,0.0,6624c9eba9efe18f4d85c3f1,attackers_domain,attackers_domain
1.0,1.0,1.0,1.0,0.0,1.0,115,48,0.0,6624c9eba9efe18f4d85c3f6,shared_domain,shared_domain
1.0,1.0,1.0,1.0,0.0,1.0,115,48,0.0,6624d848a9efe18f4d85c413,shared_domain,shared_domain
1.0,1.0,1.0,1.0,0.0,1.0,115,48,0.0,6624d848a9efe18f4d85c416,shared_domain,shared_domain
1.0,1.0,1.0,1.0,0.0,1.0,115,48,0.0,6624d848a9efe18f4d85c417,shared_domain,shared_domain
1.0,1.0,1.0,1.0,0.0,1.0,115,48,0.0,6624df71a9efe18f4d85c420,shared_domain,shared_domain
1.0,1.0,1.0,1.0,0.0,1.0,115,48,0.0,6624e6cea9efe18f4d85c42a,shared_domain,shared_domain
1.0,1.0,1.0,1.0,0.0,1.0,49,61,0.0,6624ee08a9efe18f4d85c43f,shared_domain,shared_domain
1.0,0.0,0.0,0.0,1.0,0.0,-2,-2,1.0,66250044a9efe18f4d85c46a,attackers_domain,attackers_domain
1.0,1.0,1.0,1.0,0.0,1.0,49,554,0.0,662501a5a9efe18f4d85c4a5,shared_domain,shared_domain
0.0,1.0,0.0,1.0,0.0,1.0,430,206,0.0,662501a7a9efe18f4d85c4a9,shared_domain,shared_domain
1.0,1.0,1.0,1.0,0.0,1.0,49,554,0.0,662501a8a9efe18f4d85c4ae,shared_domain,shared_domain
1.0,1.0,1.0,1.0,0.0,1.0,115,525,0.0,662501a9a9efe18f4d85c4af,shared_domain,shared_domain
1.0,1.0,1.0,1.0,0.0,1.0,115,76,0.0,662501c5a9efe18f4d85c4df,shared_domain,shared_domain
1.0,1.0,1.0,1.0,0.0,1.0,49,554,0.0,662501c6a9efe18f4d85c4e1,shared_domain,shared_domain
1.0,1.0,1.0,1.0,0.0,1.0,115,76,0.0,662501c6a9efe18f4d85c4e2,shared_domain,shared_domain
0.0,0.0,0.0,0.0,0.0,1.0,-2,-2,1.0,662501d1a9efe18f4d85c4f3,attackers_domain,attackers_domain
1.0,0.0,0.0,0.0,0.0,1.0,-2,-2,1.0,662501d4a9efe18f4d85c4f7,attackers_domain,attackers_domain
1.0,0.0,0.0,0.0,0.0,1.0,-2,-2,1.0,662501d7a9efe18f4d85c502,attackers_domain,attackers_domain
0.0,0.0,0.0,0.0,0.0,1.0,-2,-2,1.0,662501daa9efe18f4d85c50a,attackers_domain,attackers_domain
0.0,1.0,1.0,1.0,0.0,1.0,378,199,0.0,662501dca9efe18f4d85c512,shared_domain,shared_domain
1.0,1.0,1.0,1.0,0.0,1.0,115,316,0.0,662501eaa9efe18f4d85c540,shared_domain,shared_domain
0.0,0.0,0.0,0.0,0.0,1.0,-2,-2,1.0,662501f2a9efe18f4d85c552,attackers_domain,attackers_domain
0.0,0.0,0.0,0.0,0.0,1.0,-2,-2,1.0,662501f2a9efe18f4d85c553,attackers_domain,attackers_domain
0.0,1.0,1.0,1.0,0.0,1.0,378,173,0.0,662501fea9efe18f4d85c56a,shared_domain,shared_domain
0.0,1.0,0.0,1.0,0.0,1.0,42,43,0.0,66250af3a9efe18f4d85c60b,shared_domain,shared_domain
0.0,1.0,0.0,1.0,0.0,1.0,42,110,0.0,66250e91a9efe18f4d85c61b,shared_domain,shared_domain
0.0,1.0,0.0,1.0,0.0,1.0,42,26,0.0,66250e91a9efe18f4d85c61c,shared_domain,shared_domain
1.0,1.0,1.0,1.0,0.0,1.0,49,595,0.0,66251ce6a9efe18f4d85c66c,shared_domain,shared_domain
1.0,1.0,1.0,1.0,0.0,1.0,115,525,0.0,66252434a9efe18f4d85c6a0,shared_domain,shared_domain
1.0,0.0,0.0,0.0,0.0,1.0,-2,-2,1.0,66252434a9efe18f4d85c6a4,attackers_domain,attackers_domain
1.0,1.0,1.0,1.0,0.0,1.0,49,554,0.0,66252434a9efe18f4d85c6a8,shared_domain,shared_domain
1.0,1.0,1.0,1.0,0.0,1.0,49,595,0.0,66252434a9efe18f4d85c6ab,shared_domain,shared_domain
1.0,0.0,0.0,1.0,0.0,1.0,-2,-2,1.0,66252b79a9efe18f4d85c6c6,attackers_domain,attackers_domain
0.0,0.0,0.0,0.0,0.0,1.0,-2,-2,1.0,66252b79a9efe18f4d85c6cb,attackers_domain,attackers_domain
0.0,0.0,0.0,0.0,0.0,1.0,-2,-2,1.0,66252f1ca9efe18f4d85c6df,attackers_domain,attackers_domain
1.0,0.0,0.0,0.0,0.0,1.0,-2,-2,1.0,66252f1ca9efe18f4d85c6ed,attackers_domain,attackers_domain
0.0,0.0,0.0,0.0,0.0,1.0,-2,-2,1.0,66252f1ca9efe18f4d85c6f1,attackers_domain,attackers_domain
0.0,0.0,0.0,0.0,0.0,1.0,-2,-2,1.0,66252f1ca9efe18f4d85c6f2,attackers_domain,attackers_domain
0.0,1.0,1.0,1.0,0.0,1.0,378,147,0.0,662530b6a9efe18f4d85c7a3,shared_domain,shared_domain
0.0,0.0,0.0,0.0,0.0,1.0,-2,-2,1.0,662532c0a9efe18f4d85c7ba,attackers_domain,attackers_domain
1.0,1.0,1.0,1.0,0.0,1.0,49,595,0.0,662532c0a9efe18f4d85c7c8,shared_domain,shared_domain
1.0,1.0,1.0,1.0,0.0,1.0,115,525,0.0,662532c0a9efe18f4d85c7ce,shared_domain,shared_domain
0.0,0.0,0.0,0.0,0.0,1.0,-2,-2,1.0,662532c0a9efe18f4d85c7d7,attackers_domain,attackers_domain
0.0,0.0,0.0,0.0,0.0,1.0,-2,-2,1.0,662532c0a9efe18f4d85c7e0,attackers_domain,attackers_domain
1.0,1.0,1.0,1.0,0.0,1.0,4,254,0.0,6625365ba9efe18f4d85c804,shared_domain,shared_domain
0.0,1.0,1.0,1.0,0.0,1.0,72,96,0.0,6625365ba9efe18f4d85c806,shared_domain,shared_domain
1.0,1.0,1.0,1.0,0.0,1.0,115,525,0.0,662539f0a9efe18f4d85c80f,shared_domain,shared_domain
1.0,1.0,1.0,1.0,0.0,1.0,115,525,0.0,662539f0a9efe18f4d85c810,shared_domain,shared_domain
1.0,1.0,1.0,1.0,0.0,1.0,115,525,0.0,662539f0a9efe18f4d85c811,shared_domain,shared_domain
1.0,0.0,0.0,0.0,0.0,1.0,-2,-2,1.0,662539f0a9efe18f4d85c812,attackers_domain,attackers_domain
1.0,1.0,1.0,1.0,0.0,1.0,115,525,0.0,662539f0a9efe18f4d85c81b,shared_domain,shared_domain
1.0,1.0,1.0,1.0,0.0,1.0,49,554,0.0,662539f0a9efe18f4d85c81f,shared_domain,shared_domain
1.0,1.0,1.0,1.0,0.0,1.0,77,157,0.0,66253ecea9efe18f4d85c82c,shared_domain,shared_domain
1.0,1.0,1.0,1.0,0.0,1.0,72,97,0.0,66253ecea9efe18f4d85c82d,shared_domain,shared_domain
1.0,1.0,0.0,1.0,0.0,0.0,4432,464,0.0,66253ecea9efe18f4d85c82e,shared_domain,shared_domain
1.0,1.0,1.0,1.0,0.0,1.0,77,153,0.0,66253ecea9efe18f4d85c833,shared_domain,shared_domain
0.0,1.0,1.0,1.0,0.0,1.0,77,158,0.0,66253ecea9efe18f4d85c83d,shared_domain,shared_domain
1.0,1.0,0.0,1.0,0.0,0.0,4432,450,0.0,66253ecea9efe18f4d85c83f,shared_domain,shared_domain
0.0,1.0,1.0,1.0,0.0,1.0,72,96,0.0,66253ecea9efe18f4d85c840,shared_domain,shared_domain
1.0,1.0,0.0,1.0,0.0,1.0,-1,4941,0.0,66253ecfa9efe18f4d85c849,shared_domain,shared_domain
1.0,1.0,1.0,1.0,0.0,1.0,115,44,0.0,66254118a9efe18f4d85c855,shared_domain,shared_domain
1.0,1.0,0.0,1.0,0.0,1.0,0,40,0.0,66254859a9efe18f4d85c868,shared_domain,shared_domain
1.0,1.0,1.0,1.0,0.0,1.0,115,525,0.0,6625485aa9efe18f4d85c86b,shared_domain,shared_domain
0.0,1.0,0.0,1.0,0.0,1.0,42,44,0.0,6625485aa9efe18f4d85c875,shared_domain,shared_domain
0.0,1.0,1.0,1.0,0.0,1.0,4,309,0.0,66254d37a9efe18f4d85c884,shared_domain,shared_domain
1.0,1.0,1.0,1.0,0.0,1.0,115,48,0.0,66254f7ca9efe18f4d85c88b,shared_domain,shared_domain
1.0,1.0,0.0,1.0,0.0,1.0,720,522,,66255a54a9efe18f4d85c8a4,compromised_domain,shared_domain
1.0,1.0,1.0,1.0,0.0,1.0,652,85,0.0,66255b90a9efe18f4d85c8a6,shared_domain,shared_domain
1.0,1.0,1.0,1.0,0.0,1.0,652,93,0.0,66255b90a9efe18f4d85c8ab,shared_domain,shared_domain
1.0,1.0,1.0,1.0,0.0,1.0,370,63,0.0,66255b90a9efe18f4d85c8b1,shared_domain,shared_domain
1.0,1.0,1.0,1.0,0.0,1.0,652,53,0.0,66255b90a9efe18f4d85c8b2,shared_domain,shared_domain
0.0,1.0,0.0,1.0,0.0,1.0,42,44,0.0,66255b90a9efe18f4d85c8b6,shared_domain,shared_domain
1.0,1.0,1.0,1.0,0.0,1.0,115,48,0.0,66255e12a9efe18f4d85c8cb,shared_domain,shared_domain
1.0,1.0,0.0,1.0,0.0,0.0,112,50,1.0,662561aea9efe18f4d85c8d4,attackers_domain,attackers_domain
1.0,1.0,0.0,1.0,0.0,1.0,-1,251,0.0,66256550a9efe18f4d85c8db,shared_domain,shared_domain
1.0,1.0,1.0,1.0,0.0,1.0,115,64,0.0,66256550a9efe18f4d85c8de,shared_domain,shared_domain
1.0,1.0,1.0,1.0,0.0,1.0,115,335,0.0,66256a2ba9efe18f4d85c8ef,shared_domain,shared_domain
0.0,1.0,1.0,1.0,0.0,1.0,378,173,0.0,66256ca9a9efe18f4d85c8fc,shared_domain,shared_domain
0.0,1.0,1.0,1.0,0.0,1.0,378,173,0.0,66256ca9a9efe18f4d85c900,shared_domain,shared_domain
1.0,0.0,0.0,0.0,0.0,1.0,-2,-2,1.0,66256ca9a9efe18f4d85c901,attackers_domain,attackers_domain
0.0,1.0,1.0,1.0,0.0,1.0,378,172,0.0,66256ca9a9efe18f4d85c905,shared_domain,shared_domain
1.0,0.0,0.0,0.0,0.0,1.0,-2,-2,1.0,66256caaa9efe18f4d85c90e,attackers_domain,attackers_domain
1.0,1.0,1.0,1.0,0.0,1.0,115,525,0.0,662573d4a9efe18f4d85c92b,shared_domain,shared_domain
1.0,1.0,1.0,1.0,0.0,1.0,49,554,0.0,66257768a9efe18f4d85c92f,shared_domain,shared_domain
1.0,0.0,0.0,0.0,0.0,1.0,-2,-2,1.0,66257768a9efe18f4d85c930,attackers_domain,attackers_domain
0.0,1.0,1.0,1.0,0.0,1.0,4,212,0.0,66257b0da9efe18f4d85c953,shared_domain,shared_domain
0.0,1.0,0.0,1.0,0.0,1.0,211,130,1.0,66257eb0a9efe18f4d85c959,attackers_domain,attackers_domain
1.0,1.0,1.0,1.0,0.0,1.0,49,554,0.0,66257eb0a9efe18f4d85c95c,shared_domain,shared_domain
1.0,0.0,0.0,0.0,0.0,1.0,-2,-2,1.0,66257eb0a9efe18f4d85c960,attackers_domain,attackers_domain
1.0,1.0,1.0,1.0,0.0,1.0,115,525,0.0,66257eb0a9efe18f4d85c962,shared_domain,shared_domain
1.0,1.0,0.0,1.0,0.0,1.0,509,55,0.0,66257eb1a9efe18f4d85c96f,shared_domain,shared_domain
1.0,1.0,1.0,1.0,0.0,1.0,49,46,0.0,662585dfa9efe18f4d85c981,shared_domain,shared_domain
1.0,0.0,0.0,0.0,0.0,1.0,-2,-2,1.0,662585dfa9efe18f4d85c986,attackers_domain,attackers_domain
1.0,0.0,0.0,1.0,0.0,0.0,-1,387,0.0,66258739a9efe18f4d85c9a7,compromised_domain,compromised_domain
1.0,0.0,0.0,0.0,0.0,0.0,-2,-2,1.0,66258d01a9efe18f4d85c9b1,attackers_domain,attackers_domain
1.0,0.0,0.0,0.0,0.0,0.0,-2,-2,1.0,66258d01a9efe18f4d85c9c0,attackers_domain,attackers_domain
0.0,0.0,0.0,0.0,0.0,1.0,-2,-2,1.0,66258d02a9efe18f4d85c9cb,attackers_domain,attackers_domain
1.0,1.0,1.0,1.0,0.0,1.0,115,44,0.0,66259b70a9efe18f4d85ca24,shared_domain,shared_domain
1.0,0.0,0.0,0.0,0.0,1.0,-2,-2,1.0,6625a2aca9efe18f4d85ca39,attackers_domain,attackers_domain
0.0,1.0,0.0,1.0,0.0,1.0,304,344,0.0,6625a3e8a9efe18f4d85ca47,shared_domain,shared_domain
1.0,1.0,0.0,1.0,0.0,1.0,1995,156,0.0,6625a8dea9efe18f4d85ca54,shared_domain,shared_domain
1.0,0.0,0.0,1.0,0.0,0.0,-2,-2,1.0,6625a8e2a9efe18f4d85ca63,attackers_domain,attackers_domain
0.0,1.0,1.0,1.0,0.0,1.0,4,203,0.0,6625a8e9a9efe18f4d85ca79,shared_domain,shared_domain
1.0,1.0,0.0,1.0,0.0,1.0,1995,141,0.0,6625a8eaa9efe18f4d85ca7d,shared_domain,shared_domain
0.0,1.0,1.0,1.0,0.0,1.0,378,174,0.0,6625a8eca9efe18f4d85ca83,shared_domain,shared_domain
0.0,1.0,1.0,1.0,0.0,1.0,378,159,0.0,6625a8efa9efe18f4d85ca8e,shared_domain,shared_domain
1.0,1.0,1.0,1.0,0.0,1.0,115,404,0.0,6625a8f0a9efe18f4d85ca90,shared_domain,shared_domain
1.0,1.0,1.0,1.0,0.0,1.0,115,404,0.0,6625a8f0a9efe18f4d85ca91,shared_domain,shared_domain
1.0,1.0,1.0,1.0,0.0,1.0,115,404,0.0,6625a8f1a9efe18f4d85ca92,shared_domain,shared_domain
1.0,1.0,0.0,1.0,0.0,1.0,1995,141,0.0,6625a8f9a9efe18f4d85cab1,shared_domain,shared_domain
1.0,1.0,0.0,1.0,0.0,1.0,1995,141,0.0,6625a8faa9efe18f4d85cab4,shared_domain,shared_domain
1.0,1.0,0.0,1.0,0.0,1.0,1995,141,0.0,6625a8fba9efe18f4d85cab9,shared_domain,shared_domain
1.0,1.0,0.0,1.0,0.0,1.0,1995,141,0.0,6625a8fca9efe18f4d85cabd,shared_domain,shared_domain
1.0,1.0,1.0,1.0,0.0,1.0,370,391,0.0,6625a8fea9efe18f4d85cac4,shared_domain,shared_domain
1.0,0.0,0.0,0.0,0.0,1.0,-2,-2,1.0,6625a905a9efe18f4d85cadb,attackers_domain,attackers_domain
0.0,1.0,0.0,1.0,0.0,1.0,211,186,0.0,6625a90fa9efe18f4d85cafa,shared_domain,shared_domain
0.0,1.0,0.0,1.0,0.0,1.0,211,186,0.0,6625a911a9efe18f4d85caff,shared_domain,shared_domain
0.0,1.0,1.0,1.0,0.0,1.0,378,133,0.0,6625a913a9efe18f4d85cb09,shared_domain,shared_domain
1.0,1.0,0.0,1.0,0.0,1.0,1995,141,0.0,6625a914a9efe18f4d85cb0b,shared_domain,shared_domain
0.0,1.0,0.0,1.0,0.0,1.0,1995,141,0.0,6625a917a9efe18f4d85cb15,shared_domain,shared_domain
0.0,1.0,0.0,1.0,0.0,1.0,304,145,0.0,6625a91ba9efe18f4d85cb21,shared_domain,shared_domain
1.0,1.0,1.0,1.0,0.0,1.0,115,404,0.0,6625a91ea9efe18f4d85cb28,shared_domain,shared_domain
0.0,0.0,0.0,0.0,0.0,1.0,-2,-2,1.0,6625a91ea9efe18f4d85cb29,attackers_domain,attackers_domain
1.0,1.0,1.0,1.0,0.0,1.0,115,287,0.0,6625a920a9efe18f4d85cb31,shared_domain,shared_domain
1.0,1.0,1.0,1.0,0.0,1.0,115,404,0.0,6625a921a9efe18f4d85cb36,shared_domain,shared_domain
1.0,1.0,1.0,1.0,0.0,1.0,115,404,0.0,6625a926a9efe18f4d85cb48,shared_domain,shared_domain
1.0,1.0,1.0,1.0,0.0,1.0,115,404,0.0,6625a928a9efe18f4d85cb4c,shared_domain,shared_domain
1.0,1.0,0.0,1.0,0.0,1.0,1995,141,0.0,6625a929a9efe18f4d85cb4f,shared_domain,shared_domain
1.0,1.0,1.0,1.0,0.0,1.0,115,404,0.0,6625a92aa9efe18f4d85cb53,shared_domain,shared_domain
1.0,1.0,1.0,1.0,0.0,1.0,115,404,0.0,6625a92aa9efe18f4d85cb54,shared_domain,shared_domain
1.0,1.0,1.0,1.0,0.0,1.0,115,404,0.0,6625a92ba9efe18f4d85cb56,shared_domain,shared_domain
1.0,1.0,1.0,1.0,0.0,1.0,115,404,0.0,6625a92ca9efe18f4d85cb5b,shared_domain,shared_domain
1.0,1.0,1.0,1.0,0.0,1.0,115,404,0.0,6625a92da9efe18f4d85cb61,shared_domain,shared_domain
1.0,1.0,1.0,1.0,0.0,1.0,115,404,0.0,6625a92ea9efe18f4d85cb64,shared_domain,shared_domain
1.0,1.0,1.0,1.0,0.0,1.0,115,404,0.0,6625a932a9efe18f4d85cb73,shared_domain,shared_domain
1.0,1.0,1.0,1.0,0.0,1.0,115,404,0.0,6625a933a9efe18f4d85cb76,shared_domain,shared_domain
1.0,1.0,1.0,1.0,0.0,1.0,660,107,0.0,6625a934a9efe18f4d85cb78,shared_domain,shared_domain
1.0,1.0,1.0,1.0,0.0,1.0,115,404,0.0,6625a934a9efe18f4d85cb79,shared_domain,shared_domain
1.0,1.0,1.0,1.0,0.0,1.0,115,404,0.0,6625a937a9efe18f4d85cb84,shared_domain,shared_domain
1.0,1.0,1.0,1.0,0.0,1.0,115,404,0.0,6625a938a9efe18f4d85cb87,shared_domain,shared_domain
0.0,0.0,0.0,0.0,0.0,1.0,-2,-2,1.0,6625a93ea9efe18f4d85cb98,attackers_domain,attackers_domain
0.0,0.0,0.0,0.0,0.0,1.0,-2,-2,1.0,6625a93ea9efe18f4d85cb99,attackers_domain,attackers_domain
1.0,1.0,1.0,1.0,0.0,1.0,115,525,0.0,6625a940a9efe18f4d85cba0,shared_domain,shared_domain
1.0,1.0,1.0,1.0,0.0,1.0,72,96,0.0,6625a944a9efe18f4d85cba3,shared_domain,shared_domain
0.0,1.0,1.0,1.0,0.0,1.0,378,188,0.0,6625a948a9efe18f4d85cbac,shared_domain,shared_domain
1.0,1.0,1.0,1.0,0.0,1.0,115,525,0.0,6625a949a9efe18f4d85cbaf,shared_domain,shared_domain
0.0,0.0,0.0,0.0,0.0,1.0,-2,-2,1.0,6625a949a9efe18f4d85cbb0,attackers_domain,attackers_domain
1.0,1.0,1.0,1.0,0.0,1.0,115,76,0.0,6625a94ca9efe18f4d85cbb5,shared_domain,shared_domain
1.0,1.0,1.0,1.0,0.0,1.0,652,22,0.0,6625a951a9efe18f4d85cbc2,shared_domain,shared_domain
0.0,1.0,1.0,1.0,0.0,1.0,378,124,0.0,6625a951a9efe18f4d85cbc3,shared_domain,shared_domain
0.0,1.0,1.0,1.0,0.0,1.0,378,165,0.0,6625a959a9efe18f4d85cbd3,shared_domain,shared_domain
1.0,1.0,1.0,1.0,0.0,1.0,115,404,0.0,6625a960a9efe18f4d85cbe8,shared_domain,shared_domain
1.0,1.0,1.0,1.0,0.0,1.0,115,404,0.0,6625a962a9efe18f4d85cbed,shared_domain,shared_domain
1.0,1.0,1.0,1.0,0.0,1.0,115,404,0.0,6625a962a9efe18f4d85cbee,shared_domain,shared_domain
1.0,1.0,0.0,1.0,0.0,1.0,28,55,0.0,6625a963a9efe18f4d85cbf0,shared_domain,shared_domain
1.0,1.0,0.0,1.0,0.0,1.0,1995,110,0.0,6625b139a9efe18f4d85cc0e,shared_domain,shared_domain
1.0,1.0,0.0,1.0,0.0,1.0,1995,118,0.0,6625b139a9efe18f4d85cc11,shared_domain,shared_domain
1.0,1.0,0.0,1.0,0.0,1.0,1995,117,0.0,6625b139a9efe18f4d85cc19,shared_domain,shared_domain
1.0,0.0,0.0,0.0,1.0,0.0,-2,-2,1.0,6625b139a9efe18f4d85cc1a,attackers_domain,attackers_domain
1.0,1.0,1.0,1.0,0.0,1.0,115,288,0.0,6625b13aa9efe18f4d85cc23,shared_domain,shared_domain
1.0,0.0,0.0,0.0,0.0,1.0,-2,-2,1.0,6625b13aa9efe18f4d85cc2d,attackers_domain,attackers_domain
1.0,0.0,0.0,0.0,0.0,1.0,-2,-2,1.0,6625b13aa9efe18f4d85cc2e,attackers_domain,attackers_domain
1.0,1.0,1.0,1.0,0.0,1.0,72,97,0.0,6625b285a9efe18f4d85cc33,shared_domain,shared_domain
0.0,1.0,0.0,1.0,0.0,1.0,1094,1511,0.0,6625b285a9efe18f4d85cc3d,shared_domain,shared_domain
1.0,1.0,1.0,1.0,0.0,1.0,72,99,0.0,6625b285a9efe18f4d85cc40,shared_domain,shared_domain
1.0,1.0,1.0,1.0,0.0,1.0,72,96,0.0,6625b285a9efe18f4d85cc42,shared_domain,shared_domain
0.0,1.0,1.0,1.0,0.0,1.0,4,203,0.0,6625b285a9efe18f4d85cc45,shared_domain,shared_domain
1.0,0.0,0.0,0.0,1.0,0.0,-2,-2,,6625b286a9efe18f4d85cc49,attackers_domain,attackers_domain
1.0,1.0,0.0,1.0,0.0,1.0,1995,118,0.0,6625b4c9a9efe18f4d85cc56,shared_domain,shared_domain
1.0,0.0,0.0,1.0,0.0,1.0,-2,-2,1.0,6625bf95a9efe18f4d85cd3c,attackers_domain,attackers_domain
0.0,0.0,0.0,0.0,0.0,1.0,-2,-2,1.0,6625d1f4a9efe18f4d85cdda,attackers_domain,attackers_domain
0.0,1.0,1.0,1.0,0.0,1.0,378,172,0.0,6625d59ca9efe18f4d85cddd,shared_domain,shared_domain
0.0,1.0,0.0,1.0,0.0,1.0,42,52,0.0,6625dccfa9efe18f4d85cdf9,shared_domain,shared_domain
0.0,1.0,0.0,1.0,0.0,1.0,42,121,0.0,6625dccfa9efe18f4d85cdfa,shared_domain,shared_domain
1.0,1.0,0.0,1.0,0.0,1.0,42,46,0.0,6625dccfa9efe18f4d85cdfb,shared_domain,shared_domain
1.0,1.0,1.0,1.0,0.0,1.0,-1,73,0.0,6625e7c6a9efe18f4d85ce19,shared_domain,shared_domain
1.0,1.0,1.0,1.0,0.0,1.0,115,51,0.0,6625eb63a9efe18f4d85ce31,shared_domain,shared_domain
0.0,1.0,1.0,1.0,0.0,1.0,378,172,0.0,6625ef1ca9efe18f4d85ce4f,shared_domain,shared_domain
1.0,0.0,0.0,0.0,0.0,0.0,-2,-2,1.0,6625f658a9efe18f4d85ce53,attackers_domain,attackers_domain
0.0,1.0,1.0,1.0,0.0,1.0,378,167,0.0,6625fda6a9efe18f4d85ce6c,shared_domain,shared_domain
1.0,0.0,0.0,0.0,0.0,1.0,-2,-2,1.0,6625fda6a9efe18f4d85ce72,attackers_domain,attackers_domain
1.0,1.0,1.0,1.0,0.0,1.0,49,61,0.0,6625fda6a9efe18f4d85ce7a,shared_domain,shared_domain
1.0,1.0,1.0,1.0,0.0,1.0,49,595,0.0,6625fda6a9efe18f4d85ce81,shared_domain,shared_domain
1.0,1.0,1.0,1.0,0.0,1.0,115,48,0.0,662604fea9efe18f4d85ce99,shared_domain,shared_domain
1.0,0.0,0.0,0.0,0.0,1.0,-2,-2,1.0,662604fea9efe18f4d85ce9a,attackers_domain,attackers_domain
1.0,0.0,0.0,0.0,0.0,1.0,-2,-2,1.0,662604fea9efe18f4d85ce9c,attackers_domain,attackers_domain
1.0,0.0,0.0,0.0,0.0,1.0,-2,-2,1.0,662604fea9efe18f4d85ce9e,attackers_domain,attackers_domain
1.0,0.0,0.0,0.0,0.0,1.0,-2,-2,1.0,662609e9a9efe18f4d85cf16,attackers_domain,attackers_domain
0.0,0.0,0.0,0.0,0.0,1.0,-2,-2,1.0,662609e9a9efe18f4d85cf1c,attackers_domain,attackers_domain
0.0,1.0,0.0,1.0,0.0,1.0,-1,32,0.0,662609e9a9efe18f4d85cf30,attackers_domain,attackers_domain
1.0,1.0,1.0,1.0,0.0,1.0,49,61,0.0,662609e9a9efe18f4d85cf4b,shared_domain,shared_domain
0.0,0.0,0.0,0.0,0.0,1.0,-2,-2,1.0,662609e9a9efe18f4d85cf6c,attackers_domain,attackers_domain
0.0,0.0,0.0,0.0,0.0,1.0,-2,-2,1.0,662609e9a9efe18f4d85cf6f,attackers_domain,attackers_domain
1.0,0.0,0.0,0.0,0.0,1.0,-2,-2,1.0,662609e9a9efe18f4d85cf72,attackers_domain,attackers_domain
0.0,0.0,0.0,0.0,0.0,1.0,-2,-2,1.0,662609eaa9efe18f4d85cf7e,attackers_domain,attackers_domain
0.0,0.0,0.0,0.0,0.0,1.0,-2,-2,1.0,662609eaa9efe18f4d85cf88,attackers_domain,attackers_domain
1.0,0.0,0.0,0.0,1.0,0.0,-2,-2,1.0,662609eaa9efe18f4d85cfac,attackers_domain,attackers_domain
0.0,0.0,0.0,1.0,0.0,1.0,-2,-2,1.0,662609eaa9efe18f4d85cfb0,attackers_domain,attackers_domain
0.0,0.0,0.0,0.0,0.0,1.0,-2,-2,1.0,662609eaa9efe18f4d85cfbd,attackers_domain,attackers_domain
1.0,0.0,0.0,0.0,0.0,1.0,-2,-2,1.0,662609eaa9efe18f4d85cfc2,attackers_domain,attackers_domain
1.0,0.0,0.0,0.0,0.0,1.0,-2,-2,1.0,662609eaa9efe18f4d85cfc5,attackers_domain,attackers_domain
1.0,1.0,1.0,1.0,0.0,1.0,115,55,0.0,662609eaa9efe18f4d85cfdb,shared_domain,shared_domain
1.0,1.0,1.0,1.0,0.0,1.0,115,55,0.0,662609eaa9efe18f4d85cfe2,shared_domain,shared_domain
1.0,1.0,1.0,1.0,0.0,1.0,115,55,0.0,662609eaa9efe18f4d85cfef,shared_domain,shared_domain
1.0,1.0,1.0,1.0,0.0,1.0,115,55,0.0,662609eaa9efe18f4d85cff5,shared_domain,shared_domain
1.0,1.0,1.0,1.0,0.0,1.0,115,55,0.0,662609eba9efe18f4d85d001,shared_domain,shared_domain
1.0,1.0,1.0,1.0,0.0,1.0,115,45,0.0,662609eba9efe18f4d85d00b,shared_domain,shared_domain
1.0,0.0,0.0,1.0,1.0,0.0,-1,7,1.0,662609eca9efe18f4d85d012,attackers_domain,attackers_domain
1.0,0.0,0.0,1.0,0.0,0.0,201,136,,662609eca9efe18f4d85d01a,shared_domain,shared_domain
0.0,0.0,0.0,1.0,0.0,1.0,-1,6,1.0,66261872a9efe18f4d85d063,attackers_domain,attackers_domain
1.0,1.0,0.0,1.0,0.0,1.0,4,92,0.0,66261872a9efe18f4d85d06f,shared_domain,shared_domain
1.0,1.0,1.0,1.0,0.0,1.0,652,75,0.0,66261872a9efe18f4d85d07c,shared_domain,shared_domain
1.0,1.0,1.0,1.0,0.0,1.0,652,75,0.0,66261872a9efe18f4d85d081,shared_domain,shared_domain
1.0,1.0,1.0,1.0,0.0,1.0,115,267,0.0,66261872a9efe18f4d85d089,shared_domain,shared_domain
1.0,1.0,1.0,1.0,0.0,1.0,-1,203,0.0,66261872a9efe18f4d85d08e,shared_domain,shared_domain
1.0,1.0,1.0,1.0,0.0,1.0,115,47,0.0,66261872a9efe18f4d85d09a,shared_domain,shared_domain
1.0,1.0,1.0,1.0,0.0,1.0,225,63,0.0,66261872a9efe18f4d85d09d,shared_domain,shared_domain
1.0,1.0,1.0,1.0,0.0,1.0,49,57,0.0,66261872a9efe18f4d85d0a1,shared_domain,shared_domain
1.0,1.0,0.0,1.0,0.0,1.0,180,132,0.0,66261872a9efe18f4d85d0a4,shared_domain,shared_domain
1.0,1.0,0.0,1.0,0.0,0.0,34,757,0.0,66261872a9efe18f4d85d0a6,shared_domain,shared_domain
1.0,1.0,0.0,1.0,0.0,0.0,34,306,0.0,66261872a9efe18f4d85d0b0,shared_domain,compromised_domain
1.0,1.0,1.0,1.0,0.0,1.0,115,101,0.0,66261872a9efe18f4d85d0ba,shared_domain,shared_domain
1.0,1.0,1.0,1.0,0.0,1.0,225,73,0.0,66261872a9efe18f4d85d0bd,shared_domain,shared_domain
0.0,1.0,0.0,1.0,0.0,1.0,336,54,0.0,66261872a9efe18f4d85d0c2,shared_domain,shared_domain
1.0,1.0,0.0,1.0,0.0,1.0,2435,27,0.0,66261872a9efe18f4d85d0cf,shared_domain,shared_domain
1.0,1.0,1.0,1.0,0.0,0.0,0,3077,0.0,66261873a9efe18f4d85d0d8,shared_domain,shared_domain
1.0,1.0,1.0,1.0,0.0,0.0,0,3077,0.0,66261873a9efe18f4d85d0da,shared_domain,shared_domain
1.0,1.0,1.0,1.0,0.0,0.0,0,550,0.0,66261873a9efe18f4d85d0db,shared_domain,shared_domain
1.0,1.0,1.0,1.0,0.0,1.0,115,47,0.0,66261873a9efe18f4d85d0ef,shared_domain,shared_domain
1.0,1.0,1.0,1.0,0.0,1.0,115,219,0.0,66261873a9efe18f4d85d0f4,shared_domain,shared_domain
1.0,1.0,1.0,1.0,0.0,1.0,652,94,0.0,66261873a9efe18f4d85d10b,shared_domain,shared_domain
1.0,1.0,0.0,1.0,1.0,0.0,207,519,1.0,66261873a9efe18f4d85d10e,attackers_domain,attackers_domain
1.0,1.0,1.0,1.0,0.0,1.0,652,297,0.0,66261873a9efe18f4d85d110,shared_domain,shared_domain
1.0,0.0,0.0,0.0,1.0,0.0,-2,-2,1.0,66261873a9efe18f4d85d11e,attackers_domain,attackers_domain
1.0,0.0,0.0,0.0,0.0,1.0,-2,-2,1.0,6626258fa9efe18f4d85d13f,attackers_domain,attackers_domain
1.0,0.0,0.0,0.0,1.0,0.0,-2,-2,1.0,6626291aa9efe18f4d85d16b,attackers_domain,attackers_domain
1.0,0.0,0.0,0.0,1.0,0.0,-2,-2,1.0,6626291aa9efe18f4d85d16e,attackers_domain,attackers_domain
0.0,1.0,0.0,1.0,0.0,1.0,19,581,0.0,66263049a9efe18f4d85d190,shared_domain,shared_domain
1.0,1.0,1.0,1.0,0.0,1.0,115,45,0.0,66263049a9efe18f4d85d194,shared_domain,shared_domain
1.0,1.0,0.0,0.0,0.0,1.0,-2,-2,1.0,66263049a9efe18f4d85d19a,shared_domain,attackers_domain
0.0,0.0,0.0,0.0,0.0,1.0,-2,-2,1.0,662645eba9efe18f4d85d226,attackers_domain,attackers_domain
1.0,1.0,1.0,1.0,0.0,1.0,115,39,0.0,662645eba9efe18f4d85d228,shared_domain,shared_domain
1.0,0.0,0.0,0.0,0.0,1.0,-2,-2,1.0,662645eba9efe18f4d85d229,attackers_domain,attackers_domain
1.0,1.0,1.0,1.0,0.0,1.0,115,39,0.0,662645eba9efe18f4d85d22b,shared_domain,shared_domain
1.0,1.0,1.0,1.0,0.0,1.0,49,554,0.0,66264d2ba9efe18f4d85d2e4,shared_domain,shared_domain
0.0,1.0,0.0,1.0,0.0,1.0,735,33,0.0,66265222a9efe18f4d85d332,shared_domain,shared_domain
1.0,1.0,1.0,1.0,0.0,1.0,49,554,0.0,66265225a9efe18f4d85d340,shared_domain,shared_domain
1.0,1.0,0.0,1.0,0.0,1.0,42,415,0.0,6626522ca9efe18f4d85d354,shared_domain,shared_domain
1.0,0.0,0.0,0.0,0.0,1.0,-2,-2,1.0,66265236a9efe18f4d85d375,attackers_domain,attackers_domain
1.0,0.0,0.0,1.0,1.0,0.0,-2,-2,1.0,66265237a9efe18f4d85d376,attackers_domain,attackers_domain
0.0,1.0,0.0,1.0,0.0,1.0,1043,1257,0.0,6626523ca9efe18f4d85d385,shared_domain,shared_domain
0.0,0.0,0.0,1.0,0.0,1.0,-2,-2,1.0,66265247a9efe18f4d85d3a8,attackers_domain,attackers_domain
1.0,1.0,0.0,1.0,0.0,1.0,1995,131,0.0,66265249a9efe18f4d85d3ad,shared_domain,shared_domain
1.0,1.0,0.0,1.0,0.0,1.0,1995,141,0.0,6626524da9efe18f4d85d3b9,shared_domain,shared_domain
0.0,0.0,0.0,0.0,0.0,1.0,-2,-2,1.0,6626524ea9efe18f4d85d3bc,attackers_domain,attackers_domain
1.0,1.0,0.0,1.0,0.0,1.0,104,3736,0.0,6626524ea9efe18f4d85d3bd,compromised_domain,compromised_domain
1.0,0.0,0.0,1.0,0.0,1.0,-2,-2,1.0,6626524ea9efe18f4d85d3be,attackers_domain,attackers_domain
1.0,0.0,0.0,1.0,1.0,0.0,0,2,0.0,6626524fa9efe18f4d85d3bf,attackers_domain,attackers_domain
1.0,1.0,0.0,1.0,0.0,0.0,105,54,,66265272a9efe18f4d85d409,shared_domain,shared_domain
0.0,1.0,0.0,1.0,0.0,1.0,555,27,0.0,6626527ea9efe18f4d85d41f,shared_domain,shared_domain
0.0,1.0,0.0,1.0,0.0,1.0,555,31,0.0,66265280a9efe18f4d85d424,shared_domain,shared_domain
0.0,1.0,0.0,1.0,0.0,1.0,555,39,0.0,66265283a9efe18f4d85d428,shared_domain,shared_domain
1.0,0.0,0.0,1.0,1.0,0.0,388,216,1.0,66265285a9efe18f4d85d42b,attackers_domain,attackers_domain
0.0,1.0,0.0,1.0,0.0,1.0,555,30,0.0,66265285a9efe18f4d85d42d,shared_domain,shared_domain
1.0,0.0,0.0,0.0,0.0,0.0,-2,-2,1.0,6626528aa9efe18f4d85d438,attackers_domain,attackers_domain
0.0,1.0,0.0,1.0,0.0,1.0,555,33,0.0,66265296a9efe18f4d85d450,shared_domain,shared_domain
1.0,1.0,1.0,1.0,0.0,1.0,115,76,0.0,66265296a9efe18f4d85d452,shared_domain,shared_domain
1.0,1.0,1.0,1.0,0.0,1.0,115,120,0.0,6626529aa9efe18f4d85d45b,shared_domain,shared_domain
0.0,1.0,0.0,1.0,0.0,1.0,555,30,0.0,6626529aa9efe18f4d85d45c,shared_domain,shared_domain
1.0,1.0,0.0,1.0,0.0,1.0,28,897,0.0,6626529ca9efe18f4d85d45e,shared_domain,shared_domain
0.0,1.0,0.0,1.0,0.0,1.0,555,59,0.0,6626529da9efe18f4d85d460,shared_domain,shared_domain
0.0,1.0,0.0,1.0,0.0,1.0,555,42,0.0,6626529fa9efe18f4d85d465,shared_domain,shared_domain
0.0,1.0,0.0,1.0,0.0,1.0,555,28,0.0,662652a2a9efe18f4d85d46d,shared_domain,shared_domain
0.0,1.0,0.0,1.0,0.0,1.0,555,36,0.0,662652a6a9efe18f4d85d474,shared_domain,shared_domain
0.0,1.0,0.0,1.0,0.0,1.0,555,18,0.0,662652ada9efe18f4d85d47f,shared_domain,shared_domain
0.0,1.0,0.0,1.0,0.0,1.0,555,30,0.0,662652b6a9efe18f4d85d495,shared_domain,shared_domain
0.0,1.0,0.0,1.0,0.0,1.0,555,24,0.0,662652b7a9efe18f4d85d496,shared_domain,shared_domain
1.0,0.0,0.0,1.0,1.0,0.0,-1,238,1.0,662652b7a9efe18f4d85d497,attackers_domain,attackers_domain
1.0,1.0,1.0,1.0,0.0,1.0,652,286,0.0,662652baa9efe18f4d85d49a,shared_domain,shared_domain
0.0,1.0,0.0,1.0,0.0,1.0,167,91,0.0,662652bba9efe18f4d85d49c,shared_domain,shared_domain
0.0,0.0,0.0,0.0,0.0,1.0,-2,-2,1.0,6626546da9efe18f4d85d4a6,attackers_domain,attackers_domain
1.0,1.0,0.0,1.0,1.0,0.0,-2,-2,1.0,6626546da9efe18f4d85d4aa,attackers_domain,attackers_domain
1.0,1.0,1.0,1.0,0.0,1.0,72,96,0.0,6626546ea9efe18f4d85d4c7,shared_domain,shared_domain
1.0,1.0,0.0,1.0,0.0,1.0,42,121,0.0,6626546ea9efe18f4d85d4d5,shared_domain,shared_domain
1.0,1.0,0.0,1.0,1.0,0.0,-2,-2,1.0,66265822a9efe18f4d85d4e1,attackers_domain,attackers_domain
1.0,1.0,0.0,0.0,1.0,0.0,-2,-2,1.0,66265822a9efe18f4d85d4e6,attackers_domain,attackers_domain
1.0,1.0,0.0,1.0,1.0,0.0,-2,-2,1.0,66265bcda9efe18f4d85d4f4,attackers_domain,attackers_domain
1.0,1.0,0.0,1.0,1.0,0.0,-2,-2,1.0,66265bcea9efe18f4d85d4f8,attackers_domain,attackers_domain
1.0,0.0,0.0,0.0,1.0,0.0,-2,-2,1.0,66265bcea9efe18f4d85d502,attackers_domain,attackers_domain
1.0,1.0,1.0,1.0,0.0,1.0,115,374,0.0,662660afa9efe18f4d85d510,shared_domain,shared_domain
1.0,1.0,0.0,1.0,0.0,1.0,-1,2375,0.0,662660afa9efe18f4d85d514,shared_domain,shared_domain
1.0,0.0,0.0,0.0,1.0,0.0,-2,-2,1.0,662660afa9efe18f4d85d515,attackers_domain,attackers_domain
1.0,1.0,0.0,1.0,0.0,0.0,29,222,0.0,662666d0a9efe18f4d85d539,shared_domain,compromised_domain
0.0,1.0,1.0,1.0,0.0,1.0,54,644,0.0,662666d1a9efe18f4d85d54a,shared_domain,shared_domain
1.0,1.0,1.0,1.0,0.0,1.0,481,732,0.0,66266a72a9efe18f4d85d550,shared_domain,shared_domain
0.0,1.0,1.0,1.0,0.0,1.0,72,96,0.0,66266a73a9efe18f4d85d554,shared_domain,shared_domain
1.0,1.0,1.0,1.0,0.0,1.0,49,595,0.0,66266e14a9efe18f4d85d569,shared_domain,shared_domain
1.0,1.0,1.0,1.0,0.0,1.0,49,554,0.0,66266e14a9efe18f4d85d56a,shared_domain,shared_domain
1.0,1.0,1.0,1.0,0.0,1.0,49,595,0.0,66266e14a9efe18f4d85d56b,shared_domain,shared_domain
1.0,1.0,0.0,1.0,0.0,0.0,4432,471,0.0,66266f5aa9efe18f4d85d582,shared_domain,shared_domain
1.0,1.0,0.0,0.0,0.0,1.0,-2,-2,0.0,66266f5aa9efe18f4d85d58a,shared_domain,shared_domain
0.0,1.0,1.0,1.0,0.0,1.0,4,183,0.0,66267540a9efe18f4d85d5a3,shared_domain,shared_domain
1.0,1.0,1.0,1.0,0.0,1.0,49,595,0.0,66267540a9efe18f4d85d5aa,shared_domain,shared_domain
0.0,1.0,0.0,1.0,0.0,1.0,42,73,0.0,66267540a9efe18f4d85d5b3,shared_domain,shared_domain
0.0,1.0,0.0,1.0,0.0,1.0,82,3799,0.0,662678e4a9efe18f4d85d5bf,shared_domain,shared_domain
1.0,1.0,1.0,1.0,0.0,1.0,49,595,0.0,66267c8da9efe18f4d85d5d2,shared_domain,shared_domain
1.0,1.0,1.0,1.0,0.0,1.0,-1,204,0.0,66267c8da9efe18f4d85d5e4,shared_domain,shared_domain
1.0,1.0,0.0,1.0,0.0,1.0,863,42,0.0,66267dd0a9efe18f4d85d5f8,shared_domain,shared_domain
1.0,1.0,1.0,1.0,0.0,1.0,-1,202,0.0,66267dd0a9efe18f4d85d5f9,shared_domain,shared_domain
0.0,1.0,0.0,1.0,0.0,1.0,387,60,0.0,66267dd0a9efe18f4d85d5ff,shared_domain,shared_domain
1.0,1.0,0.0,1.0,0.0,0.0,4432,472,0.0,66267dd0a9efe18f4d85d607,shared_domain,shared_domain
0.0,1.0,1.0,1.0,0.0,1.0,54,641,0.0,66267dd0a9efe18f4d85d60d,shared_domain,shared_domain
1.0,0.0,0.0,0.0,0.0,1.0,-2,-2,1.0,662683a1a9efe18f4d85d623,attackers_domain,attackers_domain
1.0,0.0,0.0,1.0,0.0,0.0,-1,26,1.0,662683a1a9efe18f4d85d628,attackers_domain,attackers_domain
1.0,1.0,1.0,1.0,0.0,1.0,-1,204,0.0,66268737a9efe18f4d85d62c,shared_domain,shared_domain
1.0,1.0,0.0,1.0,0.0,1.0,430,240,0.0,66268acba9efe18f4d85d635,shared_domain,shared_domain
1.0,1.0,1.0,1.0,0.0,1.0,-1,203,0.0,66268acba9efe18f4d85d644,shared_domain,shared_domain
1.0,1.0,0.0,0.0,0.0,1.0,-2,-2,0.0,66268c11a9efe18f4d85d645,shared_domain,shared_domain
1.0,1.0,1.0,1.0,0.0,1.0,660,158,0.0,66268c11a9efe18f4d85d657,shared_domain,shared_domain
1.0,1.0,1.0,1.0,0.0,1.0,-1,203,0.0,662691f9a9efe18f4d85d849,shared_domain,shared_domain
1.0,1.0,1.0,1.0,0.0,1.0,49,61,0.0,662691f9a9efe18f4d85d84b,shared_domain,shared_domain
1.0,0.0,0.0,1.0,0.0,0.0,-1,863,1.0,6626959ca9efe18f4d85da47,attackers_domain,attackers_domain
1.0,0.0,0.0,0.0,1.0,0.0,-2,-2,1.0,6626994fa9efe18f4d85da9f,attackers_domain,attackers_domain
1.0,1.0,1.0,1.0,0.0,1.0,115,316,0.0,66269a9aa9efe18f4d85daa9,shared_domain,shared_domain
1.0,1.0,0.0,1.0,0.0,1.0,430,240,0.0,66269a9aa9efe18f4d85daad,shared_domain,shared_domain
0.0,1.0,0.0,1.0,0.0,1.0,304,226,0.0,66269a9aa9efe18f4d85dab0,shared_domain,shared_domain
1.0,1.0,1.0,1.0,0.0,1.0,-1,205,0.0,6626a7caa9efe18f4d85dac9,shared_domain,shared_domain
1.0,1.0,1.0,1.0,0.0,1.0,-1,205,0.0,6626ab55a9efe18f4d85dadd,shared_domain,shared_domain
1.0,0.0,0.0,1.0,1.0,0.0,-2,-2,1.0,6626b2a6a9efe18f4d85daf1,attackers_domain,attackers_domain
0.0,1.0,1.0,1.0,0.0,1.0,378,156,0.0,6626b645a9efe18f4d85dafc,shared_domain,shared_domain
1.0,1.0,0.0,1.0,0.0,0.0,381,2034,0.0,6626b784a9efe18f4d85db04,shared_domain,shared_domain
1.0,1.0,1.0,1.0,0.0,1.0,652,257,0.0,6626b784a9efe18f4d85db0b,shared_domain,shared_domain
0.0,1.0,1.0,1.0,0.0,1.0,378,178,0.0,6626bd6ba9efe18f4d85db24,shared_domain,shared_domain
0.0,1.0,0.0,1.0,0.0,1.0,387,70,0.0,6626c5faa9efe18f4d85db46,shared_domain,shared_domain
1.0,1.0,1.0,1.0,0.0,1.0,225,62,0.0,6626c5faa9efe18f4d85db49,shared_domain,shared_domain
1.0,1.0,0.0,1.0,0.0,1.0,2435,125,0.0,6626c5faa9efe18f4d85db4e,shared_domain,shared_domain
1.0,1.0,1.0,1.0,0.0,1.0,77,169,0.0,6626c5faa9efe18f4d85db54,shared_domain,shared_domain
1.0,0.0,0.0,0.0,1.0,0.0,-2,-2,1.0,6626cbd8a9efe18f4d85db5e,attackers_domain,attackers_domain
1.0,0.0,0.0,0.0,1.0,0.0,-2,-2,1.0,6626cbd8a9efe18f4d85db5f,attackers_domain,attackers_domain
1.0,1.0,0.0,1.0,1.0,0.0,-2,-2,1.0,6626cf8aa9efe18f4d85db89,attackers_domain,attackers_domain
1.0,1.0,1.0,1.0,0.0,1.0,72,109,0.0,6626cf8ba9efe18f4d85db9b,shared_domain,shared_domain
1.0,1.0,1.0,1.0,0.0,1.0,-1,204,0.0,6626d318a9efe18f4d85dbb2,shared_domain,shared_domain
1.0,1.0,0.0,1.0,0.0,1.0,-1,41,0.0,6626d6d7a9efe18f4d85dbb6,compromised_domain,shared_domain
1.0,0.0,0.0,1.0,1.0,0.0,-1,7,1.0,6626da79a9efe18f4d85dbc6,attackers_domain,attackers_domain
1.0,1.0,1.0,1.0,0.0,1.0,115,49,0.0,6626de15a9efe18f4d85dbd3,shared_domain,shared_domain
1.0,1.0,1.0,1.0,0.0,1.0,115,52,0.0,6626de15a9efe18f4d85dbd6,shared_domain,shared_domain
0.0,1.0,0.0,1.0,0.0,1.0,14,14,0.0,6626de15a9efe18f4d85dbdb,shared_domain,shared_domain
1.0,1.0,1.0,1.0,0.0,1.0,-1,204,0.0,6626e316a9efe18f4d85dbf6,shared_domain,shared_domain
1.0,1.0,0.0,1.0,0.0,0.0,381,2034,0.0,6626e316a9efe18f4d85dbfe,shared_domain,shared_domain
1.0,1.0,1.0,1.0,0.0,1.0,-1,205,0.0,6626e316a9efe18f4d85dc04,shared_domain,shared_domain
1.0,1.0,1.0,1.0,0.0,1.0,72,96,0.0,6626e557a9efe18f4d85dc1c,shared_domain,shared_domain
1.0,1.0,1.0,1.0,0.0,1.0,-1,204,0.0,6626ec9aa9efe18f4d85dc1f,shared_domain,shared_domain
1.0,1.0,1.0,1.0,0.0,1.0,-1,203,0.0,6626f18da9efe18f4d85dc37,shared_domain,shared_domain
1.0,1.0,1.0,1.0,0.0,1.0,-1,203,0.0,6626f18da9efe18f4d85dc3d,shared_domain,shared_domain
1.0,1.0,1.0,1.0,0.0,1.0,115,49,0.0,6626f3cea9efe18f4d85dc4a,shared_domain,shared_domain
1.0,0.0,0.0,0.0,0.0,0.0,-2,-2,1.0,6626f3cea9efe18f4d85dc4d,attackers_domain,attackers_domain
1.0,0.0,0.0,1.0,0.0,0.0,-2,-2,1.0,6626f3cea9efe18f4d85dc51,attackers_domain,attackers_domain
1.0,1.0,1.0,1.0,0.0,1.0,49,284,0.0,6626fa3fa9efe18f4d85dce3,shared_domain,shared_domain
1.0,1.0,0.0,1.0,0.0,1.0,1995,131,0.0,6626fa4ca9efe18f4d85dd10,shared_domain,shared_domain
0.0,1.0,0.0,1.0,0.0,1.0,303,490,0.0,6626fa50a9efe18f4d85dd1c,shared_domain,shared_domain
1.0,1.0,0.0,1.0,0.0,0.0,4432,424,0.0,6626fa50a9efe18f4d85dd1e,shared_domain,shared_domain
1.0,1.0,1.0,1.0,0.0,1.0,115,53,0.0,6626fa54a9efe18f4d85dd29,shared_domain,shared_domain
1.0,1.0,0.0,1.0,0.0,1.0,627,614,0.0,6626fa56a9efe18f4d85dd32,shared_domain,shared_domain
0.0,1.0,1.0,1.0,0.0,1.0,378,158,0.0,6626fa5fa9efe18f4d85dd4a,shared_domain,shared_domain
0.0,0.0,0.0,0.0,0.0,1.0,-2,-2,1.0,6626fa67a9efe18f4d85dd63,attackers_domain,attackers_domain
1.0,1.0,1.0,1.0,0.0,1.0,225,73,0.0,6626fa6aa9efe18f4d85dd6b,shared_domain,shared_domain
1.0,0.0,0.0,1.0,1.0,0.0,-1,7,1.0,6626fa79a9efe18f4d85dd95,attackers_domain,attackers_domain
1.0,1.0,1.0,1.0,0.0,1.0,652,32,0.0,6626fa80a9efe18f4d85ddad,shared_domain,shared_domain
0.0,1.0,1.0,1.0,0.0,1.0,72,98,0.0,6626fa86a9efe18f4d85ddc1,shared_domain,shared_domain
1.0,0.0,0.0,0.0,1.0,0.0,-2,-2,1.0,6626fa8ba9efe18f4d85ddcf,attackers_domain,attackers_domain
1.0,0.0,0.0,0.0,0.0,1.0,-2,-2,1.0,6626fa8da9efe18f4d85ddd3,attackers_domain,attackers_domain
0.0,1.0,0.0,1.0,0.0,1.0,303,492,0.0,6626fa8fa9efe18f4d85ddd9,shared_domain,shared_domain
1.0,0.0,0.0,0.0,0.0,1.0,-2,-2,1.0,6626fa90a9efe18f4d85dddc,attackers_domain,attackers_domain
0.0,1.0,1.0,1.0,0.0,1.0,378,166,0.0,6626fa90a9efe18f4d85dddd,shared_domain,shared_domain
1.0,1.0,0.0,1.0,0.0,1.0,-2,-2,1.0,6626fa92a9efe18f4d85dde3,attackers_domain,attackers_domain
1.0,1.0,0.0,1.0,0.0,1.0,531,209,0.0,6626faa1a9efe18f4d85de10,shared_domain,shared_domain
1.0,1.0,1.0,1.0,0.0,1.0,115,354,0.0,6626faa3a9efe18f4d85de17,shared_domain,shared_domain
1.0,1.0,1.0,1.0,0.0,1.0,115,47,0.0,6626faa7a9efe18f4d85de1d,shared_domain,shared_domain
1.0,0.0,0.0,1.0,1.0,0.0,-2,-2,1.0,6626faa8a9efe18f4d85de20,attackers_domain,attackers_domain
0.0,1.0,1.0,1.0,0.0,1.0,378,189,0.0,6626fab6a9efe18f4d85de40,shared_domain,shared_domain
1.0,1.0,1.0,1.0,0.0,1.0,115,68,0.0,6626fab8a9efe18f4d85de43,shared_domain,shared_domain
1.0,1.0,1.0,1.0,0.0,1.0,115,76,0.0,6626fab8a9efe18f4d85de44,shared_domain,shared_domain
1.0,1.0,1.0,1.0,0.0,1.0,115,68,0.0,6626fab9a9efe18f4d85de46,shared_domain,shared_domain
1.0,1.0,1.0,1.0,0.0,1.0,652,236,0.0,6626fab9a9efe18f4d85de47,shared_domain,shared_domain
0.0,0.0,0.0,0.0,0.0,1.0,-2,-2,1.0,6626fabea9efe18f4d85de4c,attackers_domain,attackers_domain
1.0,1.0,0.0,1.0,0.0,0.0,30,485,0.0,6626fac1a9efe18f4d85de51,compromised_domain,compromised_domain
1.0,1.0,1.0,1.0,0.0,1.0,49,102,0.0,6626fac7a9efe18f4d85de5d,shared_domain,shared_domain
0.0,0.0,0.0,0.0,0.0,1.0,-2,-2,1.0,6626facba9efe18f4d85de68,attackers_domain,attackers_domain
0.0,1.0,1.0,1.0,0.0,1.0,54,335,0.0,6626facea9efe18f4d85de71,shared_domain,shared_domain
0.0,1.0,1.0,1.0,0.0,1.0,378,162,0.0,6626fb84a9efe18f4d85de7a,shared_domain,shared_domain
0.0,1.0,0.0,1.0,0.0,1.0,211,26,0.0,6626fb84a9efe18f4d85de7c,shared_domain,shared_domain
1.0,1.0,0.0,1.0,0.0,0.0,155,83,0.0,6626ff32a9efe18f4d85de89,shared_domain,shared_domain
1.0,1.0,1.0,1.0,0.0,1.0,-1,204,0.0,6626ff32a9efe18f4d85de8a,shared_domain,shared_domain
1.0,0.0,0.0,0.0,0.0,0.0,-2,-2,1.0,662702e3a9efe18f4d85dea9,attackers_domain,attackers_domain
0.0,1.0,0.0,0.0,0.0,1.0,-2,-2,1.0,66270dc4a9efe18f4d85deb5,shared_domain,attackers_domain
0.0,1.0,0.0,1.0,0.0,1.0,336,57,0.0,66270f05a9efe18f4d85dec2,shared_domain,shared_domain
0.0,1.0,1.0,1.0,0.0,1.0,77,159,0.0,66270f05a9efe18f4d85dec6,shared_domain,shared_domain
0.0,1.0,0.0,1.0,0.0,1.0,0,155,0.0,66270f05a9efe18f4d85dec7,shared_domain,shared_domain
0.0,1.0,0.0,1.0,0.0,1.0,336,72,0.0,66270f05a9efe18f4d85dec8,shared_domain,shared_domain
0.0,1.0,0.0,1.0,0.0,1.0,430,198,0.0,66270f05a9efe18f4d85deca,shared_domain,shared_domain
0.0,1.0,1.0,1.0,0.0,1.0,77,159,0.0,66270f05a9efe18f4d85decc,shared_domain,shared_domain
1.0,1.0,1.0,1.0,0.0,1.0,-1,205,0.0,66270f05a9efe18f4d85ded4,shared_domain,shared_domain
1.0,0.0,0.0,0.0,0.0,0.0,-2,-2,1.0,6627114ca9efe18f4d85dee0,attackers_domain,attackers_domain
0.0,1.0,1.0,1.0,0.0,1.0,378,164,0.0,6627187fa9efe18f4d85df0b,shared_domain,shared_domain
1.0,0.0,0.0,0.0,0.0,1.0,-2,-2,1.0,66271fbaa9efe18f4d85df2d,attackers_domain,attackers_domain
1.0,0.0,0.0,0.0,0.0,1.0,-2,-2,1.0,66271fbaa9efe18f4d85df33,attackers_domain,attackers_domain
0.0,0.0,0.0,0.0,0.0,1.0,-2,-2,1.0,66272356a9efe18f4d85df3d,attackers_domain,attackers_domain
0.0,1.0,1.0,1.0,0.0,1.0,378,143,0.0,662726f4a9efe18f4d85df44,shared_domain,shared_domain
1.0,1.0,1.0,1.0,0.0,1.0,-1,203,0.0,66272a9ba9efe18f4d85df73,shared_domain,shared_domain
1.0,1.0,1.0,1.0,0.0,1.0,115,57,0.0,66272e35a9efe18f4d85df7b,shared_domain,shared_domain
0.0,1.0,0.0,1.0,0.0,1.0,14,14,0.0,66272e35a9efe18f4d85df80,shared_domain,shared_domain
1.0,1.0,1.0,1.0,0.0,1.0,115,44,0.0,66272e35a9efe18f4d85df83,shared_domain,shared_domain
1.0,0.0,0.0,0.0,0.0,0.0,-2,-2,1.0,66272e35a9efe18f4d85df8a,attackers_domain,attackers_domain
1.0,0.0,0.0,0.0,0.0,1.0,-2,-2,1.0,66272e35a9efe18f4d85df90,attackers_domain,attackers_domain
1.0,1.0,1.0,1.0,0.0,1.0,115,48,0.0,66273568a9efe18f4d85df98,shared_domain,shared_domain
1.0,0.0,0.0,1.0,1.0,0.0,-1,1413,1.0,66273a4ea9efe18f4d85dfa9,attackers_domain,attackers_domain
1.0,1.0,0.0,1.0,1.0,0.0,-1,122,1.0,66273a4fa9efe18f4d85dfe6,shared_domain,shared_domain
0.0,1.0,1.0,1.0,0.0,1.0,378,172,0.0,66273ccea9efe18f4d85e011,shared_domain,shared_domain
1.0,1.0,1.0,1.0,0.0,1.0,115,39,0.0,6627440aa9efe18f4d85e03e,shared_domain,shared_domain
1.0,1.0,1.0,1.0,0.0,1.0,115,39,0.0,662747aaa9efe18f4d85e04c,shared_domain,shared_domain
1.0,1.0,1.0,1.0,0.0,1.0,115,43,0.0,662747aaa9efe18f4d85e053,shared_domain,shared_domain
1.0,1.0,1.0,1.0,0.0,1.0,115,44,0.0,66274ee5a9efe18f4d85e06b,shared_domain,shared_domain
1.0,1.0,1.0,1.0,0.0,1.0,115,44,0.0,6627561da9efe18f4d85e078,shared_domain,shared_domain
1.0,1.0,1.0,1.0,0.0,1.0,652,77,0.0,662765eea9efe18f4d85e0b4,shared_domain,shared_domain
1.0,1.0,0.0,1.0,0.0,0.0,4432,464,0.0,662765eea9efe18f4d85e0b6,shared_domain,shared_domain
1.0,1.0,0.0,1.0,0.0,1.0,1995,151,0.0,66276c0ca9efe18f4d85e0cf,shared_domain,shared_domain
1.0,1.0,1.0,1.0,0.0,1.0,652,234,0.0,66277349a9efe18f4d85e0de,shared_domain,shared_domain
1.0,1.0,1.0,1.0,0.0,1.0,370,70,0.0,66277349a9efe18f4d85e0e1,shared_domain,shared_domain
1.0,1.0,0.0,1.0,0.0,0.0,302,713,0.0,6627759da9efe18f4d85e244,shared_domain,shared_domain
1.0,1.0,0.0,1.0,0.0,1.0,12,161,0.0,66277a8fa9efe18f4d85e252,shared_domain,compromised_domain
1.0,1.0,1.0,1.0,0.0,1.0,115,48,0.0,662781d9a9efe18f4d85e26f,shared_domain,shared_domain
1.0,1.0,0.0,0.0,0.0,0.0,-2,-2,1.0,662783d1a9efe18f4d85e274,attackers_domain,attackers_domain
1.0,1.0,0.0,1.0,0.0,0.0,603,144,0.0,662783d1a9efe18f4d85e282,shared_domain,shared_domain
1.0,1.0,0.0,1.0,0.0,0.0,603,144,0.0,662783d1a9efe18f4d85e283,shared_domain,shared_domain
1.0,1.0,0.0,1.0,0.0,0.0,603,144,0.0,662783d1a9efe18f4d85e284,shared_domain,shared_domain
1.0,1.0,0.0,1.0,0.0,0.0,603,144,0.0,662783d1a9efe18f4d85e285,shared_domain,shared_domain
1.0,1.0,0.0,1.0,0.0,0.0,603,144,0.0,662783d2a9efe18f4d85e288,shared_domain,shared_domain
1.0,1.0,0.0,1.0,0.0,0.0,603,144,0.0,662783d6a9efe18f4d85e295,shared_domain,shared_domain
0.0,1.0,0.0,1.0,0.0,1.0,304,1118,0.0,66278598a9efe18f4d85e29e,shared_domain,shared_domain
1.0,1.0,1.0,1.0,0.0,1.0,115,44,0.0,66279082a9efe18f4d85e2ae,shared_domain,shared_domain
1.0,1.0,0.0,1.0,0.0,0.0,381,2034,0.0,66279202a9efe18f4d85e2bf,shared_domain,shared_domain
1.0,1.0,1.0,1.0,0.0,1.0,660,87,0.0,66279f03a9efe18f4d85e31b,shared_domain,shared_domain
1.0,1.0,0.0,1.0,0.0,1.0,1073,89,0.0,6627a403a9efe18f4d85e354,shared_domain,shared_domain
1.0,1.0,1.0,1.0,0.0,1.0,115,520,0.0,6627a419a9efe18f4d85e37e,shared_domain,shared_domain
0.0,0.0,0.0,0.0,0.0,1.0,-2,-2,1.0,6627a41ba9efe18f4d85e382,attackers_domain,attackers_domain
1.0,1.0,1.0,1.0,0.0,1.0,49,61,0.0,6627a427a9efe18f4d85e39c,shared_domain,shared_domain
0.0,1.0,1.0,1.0,0.0,1.0,4,48,0.0,6627a42ba9efe18f4d85e39f,shared_domain,shared_domain
1.0,0.0,0.0,1.0,0.0,1.0,-1,1451,1.0,6627a42da9efe18f4d85e3a3,attackers_domain,attackers_domain
1.0,1.0,0.0,1.0,0.0,0.0,211,666,0.0,6627a434a9efe18f4d85e3b2,shared_domain,shared_domain
1.0,0.0,0.0,0.0,0.0,1.0,-2,-2,1.0,6627a439a9efe18f4d85e3bb,attackers_domain,attackers_domain
1.0,1.0,1.0,1.0,0.0,1.0,652,38,0.0,6627a43aa9efe18f4d85e3bd,shared_domain,shared_domain
0.0,1.0,0.0,1.0,0.0,1.0,555,65,0.0,6627a44da9efe18f4d85e3e5,shared_domain,shared_domain
1.0,1.0,0.0,1.0,0.0,0.0,4432,474,0.0,6627a464a9efe18f4d85e41e,shared_domain,shared_domain
1.0,1.0,0.0,1.0,0.0,0.0,21,316,0.0,6627a676a9efe18f4d85e498,compromised_domain,compromised_domain
0.0,1.0,0.0,1.0,0.0,1.0,430,253,0.0,6627aa0ea9efe18f4d85e4b2,shared_domain,shared_domain
1.0,0.0,0.0,1.0,0.0,0.0,-1,104,1.0,6627b133a9efe18f4d85e4e8,attackers_domain,attackers_domain
1.0,1.0,1.0,1.0,0.0,1.0,115,44,0.0,6627b4cda9efe18f4d85e4f7,shared_domain,shared_domain
1.0,1.0,1.0,1.0,0.0,1.0,115,48,0.0,6627b869a9efe18f4d85e503,shared_domain,shared_domain
1.0,0.0,0.0,0.0,0.0,1.0,-2,-2,1.0,6627b869a9efe18f4d85e506,attackers_domain,attackers_domain
1.0,1.0,0.0,1.0,0.0,1.0,1995,151,0.0,6627b869a9efe18f4d85e519,shared_domain,shared_domain
1.0,1.0,1.0,1.0,0.0,1.0,-1,203,0.0,6627bd04a9efe18f4d85e53b,shared_domain,shared_domain
1.0,1.0,1.0,1.0,0.0,1.0,-1,203,0.0,6627bd04a9efe18f4d85e53f,shared_domain,shared_domain
0.0,0.0,0.0,0.0,0.0,1.0,-2,-2,1.0,6627bfc3a9efe18f4d85e550,attackers_domain,attackers_domain
1.0,0.0,0.0,0.0,0.0,1.0,-2,-2,1.0,6627c6f9a9efe18f4d85e563,attackers_domain,attackers_domain
1.0,0.0,0.0,0.0,1.0,0.0,-2,-2,1.0,6627c6f9a9efe18f4d85e566,attackers_domain,attackers_domain
0.0,1.0,0.0,1.0,0.0,1.0,1,96,0.0,6627c6f9a9efe18f4d85e56c,shared_domain,shared_domain
1.0,1.0,0.0,1.0,0.0,0.0,39,12,0.0,6627cb1aa9efe18f4d85e57b,shared_domain,shared_domain
0.0,1.0,0.0,1.0,0.0,1.0,1,95,0.0,6627d961a9efe18f4d85e59e,shared_domain,shared_domain
1.0,1.0,0.0,1.0,0.0,0.0,0,347,0.0,6627d961a9efe18f4d85e5a1,compromised_domain,compromised_domain
0.0,1.0,1.0,1.0,0.0,1.0,4,197,0.0,6627d961a9efe18f4d85e5a5,shared_domain,shared_domain
1.0,1.0,0.0,1.0,0.0,1.0,-1,1284,0.0,6627d962a9efe18f4d85e5a9,shared_domain,shared_domain
0.0,0.0,0.0,1.0,0.0,1.0,-1,190,1.0,6627dcd4a9efe18f4d85e5c1,attackers_domain,attackers_domain
1.0,1.0,1.0,1.0,0.0,1.0,115,57,0.0,6627dcd5a9efe18f4d85e5ca,shared_domain,shared_domain
1.0,0.0,0.0,0.0,0.0,1.0,-2,-2,1.0,6627e40ba9efe18f4d85e5d1,attackers_domain,attackers_domain
0.0,1.0,1.0,1.0,0.0,1.0,54,197,0.0,6627e40ba9efe18f4d85e5d9,shared_domain,shared_domain
1.0,0.0,0.0,1.0,0.0,1.0,-2,-2,1.0,6627eef6a9efe18f4d85e617,attackers_domain,attackers_domain
1.0,0.0,0.0,0.0,0.0,1.0,-2,-2,1.0,6627fa9da9efe18f4d85e638,attackers_domain,attackers_domain
1.0,0.0,0.0,0.0,0.0,0.0,-2,-2,1.0,6627fa9da9efe18f4d85e642,attackers_domain,attackers_domain
1.0,1.0,1.0,1.0,0.0,0.0,0,550,0.0,6627fe38a9efe18f4d85e669,shared_domain,shared_domain
0.0,1.0,1.0,1.0,0.0,1.0,4,200,0.0,6627fe39a9efe18f4d85e679,shared_domain,shared_domain
0.0,1.0,1.0,1.0,0.0,1.0,54,359,0.0,6627fe39a9efe18f4d85e67a,shared_domain,shared_domain
1.0,1.0,1.0,1.0,0.0,1.0,-1,203,0.0,662801c2a9efe18f4d85e6a8,shared_domain,shared_domain
0.0,1.0,0.0,1.0,0.0,1.0,430,228,0.0,662801c2a9efe18f4d85e6ab,shared_domain,shared_domain
1.0,1.0,1.0,1.0,0.0,1.0,225,446,0.0,662801c2a9efe18f4d85e6ac,shared_domain,shared_domain
0.0,0.0,0.0,0.0,0.0,1.0,-2,-2,1.0,6628042fa9efe18f4d85e6b4,attackers_domain,attackers_domain
0.0,1.0,1.0,1.0,0.0,1.0,72,90,0.0,6628042fa9efe18f4d85e6be,shared_domain,shared_domain
1.0,0.0,0.0,1.0,1.0,0.0,-2,-2,1.0,6628091ba9efe18f4d85e6d7,attackers_domain,attackers_domain
1.0,0.0,0.0,1.0,1.0,0.0,-2,-2,1.0,6628091ba9efe18f4d85e6eb,attackers_domain,attackers_domain
1.0,1.0,0.0,1.0,1.0,0.0,-2,-2,1.0,6628091ba9efe18f4d85e6f0,attackers_domain,attackers_domain
1.0,1.0,1.0,1.0,0.0,1.0,115,44,0.0,66280cb7a9efe18f4d85e6fe,shared_domain,shared_domain
0.0,1.0,1.0,1.0,0.0,1.0,378,190,0.0,66280cb7a9efe18f4d85e701,shared_domain,shared_domain
0.0,1.0,0.0,0.0,0.0,1.0,-2,-2,0.0,66281053a9efe18f4d85e714,shared_domain,shared_domain
1.0,0.0,0.0,1.0,1.0,0.0,-2,-2,1.0,66281053a9efe18f4d85e716,attackers_domain,attackers_domain
1.0,1.0,0.0,1.0,0.0,1.0,2435,71,0.0,66281053a9efe18f4d85e71d,shared_domain,shared_domain
1.0,1.0,0.0,1.0,0.0,1.0,2435,29,0.0,66281053a9efe18f4d85e722,shared_domain,shared_domain
1.0,1.0,1.0,1.0,0.0,1.0,-1,203,0.0,66281053a9efe18f4d85e724,shared_domain,shared_domain
0.0,1.0,1.0,1.0,0.0,1.0,4,227,0.0,66281245a9efe18f4d85e72b,shared_domain,shared_domain
0.0,1.0,1.0,1.0,0.0,1.0,54,407,0.0,66281245a9efe18f4d85e72d,shared_domain,shared_domain
0.0,1.0,0.0,1.0,0.0,1.0,304,173,0.0,66281245a9efe18f4d85e732,shared_domain,shared_domain
0.0,1.0,1.0,1.0,0.0,1.0,4,206,0.0,66281412a9efe18f4d85e742,shared_domain,shared_domain
0.0,1.0,0.0,1.0,0.0,1.0,-1,1538,1.0,66281412a9efe18f4d85e744,shared_domain,shared_domain
1.0,1.0,1.0,1.0,0.0,1.0,-1,204,0.0,66281412a9efe18f4d85e74e,shared_domain,shared_domain
1.0,0.0,0.0,0.0,0.0,1.0,-2,-2,1.0,66281b4aa9efe18f4d85e755,attackers_domain,attackers_domain
0.0,1.0,1.0,1.0,0.0,1.0,72,108,0.0,66282060a9efe18f4d85e76f,shared_domain,shared_domain
0.0,1.0,1.0,1.0,0.0,1.0,77,161,0.0,66282060a9efe18f4d85e779,shared_domain,shared_domain
0.0,1.0,0.0,0.0,0.0,1.0,-2,-2,0.0,66282060a9efe18f4d85e783,shared_domain,shared_domain
1.0,1.0,0.0,1.0,0.0,1.0,2435,71,0.0,66282060a9efe18f4d85e78a,shared_domain,shared_domain
1.0,1.0,0.0,1.0,0.0,1.0,2435,29,0.0,66282060a9efe18f4d85e78e,shared_domain,shared_domain
1.0,1.0,1.0,1.0,0.0,1.0,-1,202,0.0,66282060a9efe18f4d85e78f,shared_domain,shared_domain
1.0,1.0,1.0,1.0,0.0,1.0,-1,164,0.0,66282060a9efe18f4d85e792,shared_domain,shared_domain
1.0,1.0,1.0,1.0,0.0,1.0,49,42,0.0,66282060a9efe18f4d85e794,shared_domain,shared_domain
0.0,1.0,0.0,1.0,0.0,1.0,430,232,0.0,66282060a9efe18f4d85e795,shared_domain,shared_domain
1.0,1.0,0.0,1.0,0.0,1.0,1288,133,0.0,66282060a9efe18f4d85e799,shared_domain,shared_domain
1.0,1.0,1.0,1.0,0.0,1.0,115,525,0.0,6628229ca9efe18f4d85e7af,shared_domain,shared_domain
0.0,1.0,1.0,1.0,0.0,1.0,54,335,0.0,66282e9ea9efe18f4d85e7d4,shared_domain,shared_domain
0.0,1.0,1.0,1.0,0.0,1.0,77,152,0.0,66282e9ea9efe18f4d85e7db,shared_domain,shared_domain
1.0,1.0,1.0,1.0,0.0,1.0,115,520,0.0,66283867a9efe18f4d85e9b4,shared_domain,shared_domain
1.0,1.0,1.0,1.0,0.0,1.0,660,158,0.0,66283cc3a9efe18f4d85e9c7,shared_domain,shared_domain
0.0,1.0,0.0,1.0,0.0,1.0,12,308,0.0,66283cc3a9efe18f4d85e9cf,shared_domain,shared_domain
1.0,0.0,0.0,1.0,0.0,0.0,-1,2029,1.0,66283fbca9efe18f4d85e9d2,attackers_domain,attackers_domain
0.0,1.0,0.0,0.0,0.0,1.0,-2,-2,0.0,662846dca9efe18f4d85eaab,shared_domain,shared_domain
0.0,1.0,0.0,0.0,0.0,1.0,-2,-2,0.0,66284a77a9efe18f4d85eab5,shared_domain,shared_domain
1.0,1.0,1.0,1.0,0.0,1.0,-1,205,0.0,66284afda9efe18f4d85eab9,shared_domain,shared_domain
1.0,1.0,0.0,1.0,0.0,0.0,4432,454,0.0,66284c0ea9efe18f4d85eabe,shared_domain,shared_domain
1.0,1.0,0.0,1.0,0.0,1.0,-2,-2,0.0,66284c14a9efe18f4d85ead3,attackers_domain,attackers_domain
0.0,1.0,0.0,1.0,0.0,1.0,42,365,0.0,66284c18a9efe18f4d85eae0,shared_domain,shared_domain
1.0,1.0,0.0,1.0,0.0,1.0,-2,-2,0.0,66284c1fa9efe18f4d85eaf7,attackers_domain,attackers_domain
1.0,1.0,1.0,1.0,0.0,1.0,115,404,0.0,66284c1fa9efe18f4d85eaf8,shared_domain,shared_domain
1.0,1.0,1.0,1.0,0.0,1.0,115,404,0.0,66284c20a9efe18f4d85eafb,shared_domain,shared_domain
1.0,1.0,1.0,1.0,0.0,1.0,115,404,0.0,66284c22a9efe18f4d85eb03,shared_domain,shared_domain
1.0,1.0,1.0,1.0,0.0,1.0,115,404,0.0,66284c23a9efe18f4d85eb07,shared_domain,shared_domain
1.0,1.0,1.0,1.0,0.0,1.0,115,404,0.0,66284c24a9efe18f4d85eb09,shared_domain,shared_domain
1.0,1.0,1.0,1.0,0.0,1.0,115,404,0.0,66284c27a9efe18f4d85eb11,shared_domain,shared_domain
1.0,1.0,1.0,1.0,0.0,1.0,115,404,0.0,66284c27a9efe18f4d85eb13,shared_domain,shared_domain
1.0,1.0,1.0,1.0,0.0,1.0,115,404,0.0,66284c28a9efe18f4d85eb15,shared_domain,shared_domain
1.0,1.0,1.0,1.0,0.0,1.0,115,404,0.0,66284c2ca9efe18f4d85eb22,shared_domain,shared_domain
1.0,1.0,1.0,1.0,0.0,1.0,115,404,0.0,66284c31a9efe18f4d85eb32,shared_domain,shared_domain
1.0,1.0,1.0,1.0,0.0,1.0,115,64,0.0,66284c32a9efe18f4d85eb36,shared_domain,shared_domain
1.0,1.0,1.0,1.0,0.0,1.0,115,404,0.0,66284c33a9efe18f4d85eb38,shared_domain,shared_domain
1.0,1.0,1.0,1.0,0.0,1.0,115,404,0.0,66284c33a9efe18f4d85eb39,shared_domain,shared_domain
1.0,1.0,1.0,1.0,0.0,1.0,115,404,0.0,66284c33a9efe18f4d85eb3b,shared_domain,shared_domain
0.0,1.0,0.0,1.0,0.0,1.0,555,21,0.0,66284c41a9efe18f4d85eb66,shared_domain,shared_domain
1.0,0.0,0.0,0.0,0.0,1.0,-2,-2,1.0,66284c44a9efe18f4d85eb6f,attackers_domain,attackers_domain
1.0,1.0,0.0,1.0,0.0,1.0,-2,-2,0.0,66284c46a9efe18f4d85eb76,attackers_domain,attackers_domain
1.0,1.0,0.0,1.0,0.0,0.0,1104,559,0.0,66284c46a9efe18f4d85eb77,compromised_domain,shared_domain
0.0,0.0,0.0,0.0,0.0,1.0,-2,-2,1.0,66284c51a9efe18f4d85eb9c,attackers_domain,attackers_domain
1.0,0.0,0.0,0.0,0.0,1.0,-2,-2,1.0,66284c60a9efe18f4d85ebbe,attackers_domain,attackers_domain
1.0,1.0,0.0,1.0,0.0,1.0,0,37,0.0,66284c62a9efe18f4d85ebc4,compromised_domain,compromised_domain
1.0,0.0,0.0,0.0,0.0,1.0,-2,-2,1.0,66284c63a9efe18f4d85ebc8,attackers_domain,attackers_domain
1.0,1.0,0.0,1.0,0.0,1.0,-2,-2,0.0,66284c64a9efe18f4d85ebcc,attackers_domain,attackers_domain
1.0,0.0,0.0,0.0,0.0,1.0,-2,-2,1.0,66284c64a9efe18f4d85ebce,attackers_domain,attackers_domain
1.0,1.0,1.0,1.0,0.0,1.0,225,78,0.0,66284c66a9efe18f4d85ebd4,shared_domain,shared_domain
0.0,1.0,0.0,1.0,0.0,1.0,555,67,0.0,66284c6aa9efe18f4d85ebdf,shared_domain,shared_domain
0.0,1.0,1.0,1.0,0.0,1.0,4,206,0.0,66284c70a9efe18f4d85ebf2,shared_domain,shared_domain
1.0,1.0,0.0,1.0,0.0,1.0,1995,53,0.0,66284c73a9efe18f4d85ebf9,shared_domain,shared_domain
1.0,1.0,0.0,1.0,0.0,1.0,2435,18,0.0,66284c78a9efe18f4d85ec0a,shared_domain,shared_domain
0.0,1.0,0.0,1.0,0.0,1.0,211,31,0.0,66284c7aa9efe18f4d85ec13,shared_domain,shared_domain
1.0,1.0,1.0,1.0,0.0,1.0,481,701,0.0,66284c7da9efe18f4d85ec19,shared_domain,shared_domain
0.0,1.0,1.0,1.0,0.0,1.0,378,155,0.0,66284c7ea9efe18f4d85ec1d,shared_domain,shared_domain
1.0,1.0,0.0,1.0,1.0,0.0,-1,104,1.0,66284c80a9efe18f4d85ec24,attackers_domain,attackers_domain
0.0,1.0,1.0,1.0,0.0,1.0,4,198,0.0,66284c82a9efe18f4d85ec2c,shared_domain,shared_domain
1.0,0.0,0.0,0.0,0.0,1.0,-2,-2,1.0,66284c8da9efe18f4d85ec46,attackers_domain,attackers_domain
1.0,0.0,0.0,0.0,0.0,1.0,-2,-2,1.0,66284c8da9efe18f4d85ec47,attackers_domain,attackers_domain
1.0,1.0,0.0,1.0,0.0,0.0,4432,484,0.0,66284c8fa9efe18f4d85ec4a,shared_domain,shared_domain
0.0,1.0,1.0,1.0,0.0,1.0,378,136,0.0,66284c90a9efe18f4d85ec4e,shared_domain,shared_domain
0.0,1.0,0.0,1.0,0.0,1.0,430,209,0.0,66284c91a9efe18f4d85ec51,shared_domain,shared_domain
1.0,0.0,0.0,0.0,0.0,0.0,-2,-2,1.0,66284c96a9efe18f4d85ec5f,attackers_domain,attackers_domain
1.0,0.0,0.0,1.0,1.0,0.0,-2,-2,1.0,66284c9ba9efe18f4d85ec6b,attackers_domain,attackers_domain
1.0,1.0,0.0,1.0,0.0,0.0,4432,486,0.0,66284c9ca9efe18f4d85ec6c,shared_domain,shared_domain
1.0,1.0,1.0,1.0,0.0,1.0,225,1192,0.0,66284ca1a9efe18f4d85ec75,shared_domain,shared_domain
1.0,0.0,0.0,0.0,1.0,0.0,-2,-2,1.0,66285545a9efe18f4d85ec84,attackers_domain,attackers_domain
1.0,1.0,1.0,1.0,0.0,1.0,115,44,0.0,66285c64a9efe18f4d85eca1,shared_domain,shared_domain
1.0,0.0,0.0,0.0,0.0,0.0,-2,-2,1.0,662863a5a9efe18f4d85ecae,attackers_domain,attackers_domain
1.0,0.0,0.0,0.0,0.0,0.0,-2,-2,1.0,662863a5a9efe18f4d85ecaf,attackers_domain,attackers_domain
0.0,1.0,1.0,1.0,0.0,1.0,378,147,0.0,662863a6a9efe18f4d85ecb4,shared_domain,shared_domain
1.0,0.0,0.0,0.0,0.0,1.0,-2,-2,1.0,662863a6a9efe18f4d85ecb8,attackers_domain,attackers_domain
0.0,0.0,0.0,0.0,0.0,1.0,-2,-2,1.0,66287230a9efe18f4d85ece3,attackers_domain,attackers_domain
0.0,1.0,1.0,1.0,0.0,1.0,378,147,0.0,66287dcfa9efe18f4d85ed11,shared_domain,shared_domain
1.0,1.0,1.0,1.0,0.0,1.0,115,48,0.0,66287dcfa9efe18f4d85ed1a,shared_domain,shared_domain
0.0,0.0,0.0,0.0,0.0,1.0,-2,-2,1.0,66288528a9efe18f4d85ed46,attackers_domain,attackers_domain
0.0,0.0,0.0,0.0,0.0,1.0,-2,-2,1.0,66288528a9efe18f4d85ed49,attackers_domain,attackers_domain
0.0,0.0,0.0,0.0,0.0,1.0,-2,-2,1.0,66288528a9efe18f4d85ed4a,attackers_domain,attackers_domain
0.0,1.0,1.0,1.0,0.0,1.0,77,155,0.0,66289202a9efe18f4d85edc9,shared_domain,shared_domain
0.0,1.0,0.0,1.0,0.0,1.0,430,233,0.0,66289202a9efe18f4d85edce,shared_domain,shared_domain
0.0,1.0,1.0,1.0,0.0,1.0,77,149,0.0,66289202a9efe18f4d85edd0,shared_domain,shared_domain
0.0,1.0,0.0,1.0,0.0,1.0,336,66,0.0,66289202a9efe18f4d85edd2,shared_domain,shared_domain
1.0,0.0,0.0,0.0,1.0,0.0,-2,-2,1.0,66289b01a9efe18f4d85edeb,attackers_domain,attackers_domain
1.0,1.0,0.0,1.0,0.0,1.0,-2,-2,1.0,66289b02a9efe18f4d85edfc,attackers_domain,attackers_domain
0.0,1.0,1.0,1.0,0.0,1.0,378,182,0.0,66289b02a9efe18f4d85ee00,shared_domain,shared_domain
1.0,1.0,0.0,1.0,0.0,1.0,13,168,0.0,66289e9ca9efe18f4d85ee03,compromised_domain,compromised_domain
1.0,1.0,0.0,1.0,0.0,0.0,0,188,0.0,6628a015a9efe18f4d85ee0b,compromised_domain,compromised_domain
1.0,1.0,0.0,1.0,0.0,1.0,509,111,0.0,6628a015a9efe18f4d85ee0d,shared_domain,shared_domain
1.0,0.0,0.0,0.0,0.0,1.0,-2,-2,1.0,6628a224a9efe18f4d85ee12,attackers_domain,attackers_domain
0.0,1.0,0.0,1.0,0.0,1.0,42,14,0.0,6628a95aa9efe18f4d85ee28,shared_domain,shared_domain
0.0,1.0,0.0,1.0,0.0,1.0,42,56,0.0,6628a95aa9efe18f4d85ee29,shared_domain,shared_domain
0.0,1.0,0.0,1.0,0.0,1.0,430,201,0.0,6628ae32a9efe18f4d85ee3b,shared_domain,shared_domain
1.0,1.0,1.0,1.0,0.0,1.0,115,48,0.0,6628b0b3a9efe18f4d85ee56,shared_domain,shared_domain
1.0,1.0,1.0,1.0,0.0,1.0,115,64,0.0,6628b0b3a9efe18f4d85ee5b,shared_domain,shared_domain
1.0,1.0,1.0,1.0,0.0,1.0,115,48,0.0,6628b0b3a9efe18f4d85ee65,shared_domain,shared_domain
1.0,1.0,1.0,1.0,0.0,1.0,115,48,0.0,6628bf48a9efe18f4d85eea8,shared_domain,shared_domain
1.0,1.0,1.0,1.0,0.0,1.0,115,48,0.0,6628bf48a9efe18f4d85eea9,shared_domain,shared_domain
1.0,0.0,0.0,0.0,1.0,0.0,-2,-2,1.0,6628bf48a9efe18f4d85eead,attackers_domain,attackers_domain
1.0,1.0,1.0,1.0,0.0,1.0,115,48,0.0,6628d14da9efe18f4d85eedc,shared_domain,shared_domain
1.0,1.0,1.0,1.0,0.0,1.0,115,48,0.0,6628d87da9efe18f4d85eeeb,shared_domain,shared_domain
1.0,1.0,1.0,1.0,0.0,1.0,115,48,0.0,6628d87da9efe18f4d85eef7,shared_domain,shared_domain
0.0,1.0,0.0,1.0,0.0,1.0,-1,1538,1.0,6628d9dfa9efe18f4d85ef0b,shared_domain,shared_domain
1.0,0.0,0.0,1.0,1.0,0.0,-1,5,1.0,6628d9dfa9efe18f4d85ef0c,attackers_domain,attackers_domain
1.0,1.0,0.0,1.0,0.0,0.0,269,194,0.0,6628d9dfa9efe18f4d85ef22,shared_domain,shared_domain
1.0,1.0,0.0,1.0,0.0,0.0,211,171,0.0,6628d9dfa9efe18f4d85ef4d,shared_domain,shared_domain
1.0,1.0,1.0,1.0,0.0,1.0,652,37,0.0,6628d9dfa9efe18f4d85ef63,shared_domain,shared_domain
1.0,1.0,1.0,1.0,0.0,1.0,652,52,0.0,6628d9e0a9efe18f4d85ef6c,shared_domain,shared_domain
1.0,0.0,0.0,0.0,0.0,1.0,-2,-2,1.0,6628d9e0a9efe18f4d85ef87,attackers_domain,attackers_domain
1.0,0.0,0.0,0.0,0.0,1.0,-2,-2,1.0,6628d9e0a9efe18f4d85ef88,attackers_domain,attackers_domain
1.0,1.0,0.0,1.0,0.0,0.0,0,3,0.0,6628d9e0a9efe18f4d85ef91,shared_domain,shared_domain
1.0,0.0,0.0,0.0,0.0,1.0,-2,-2,1.0,6628d9e0a9efe18f4d85ef92,attackers_domain,attackers_domain
1.0,1.0,0.0,1.0,0.0,0.0,0,3,0.0,6628d9e0a9efe18f4d85ef93,shared_domain,shared_domain
1.0,1.0,0.0,1.0,0.0,0.0,0,413,0.0,6628d9e0a9efe18f4d85ef94,shared_domain,shared_domain
0.0,1.0,1.0,1.0,0.0,1.0,77,154,0.0,6628d9e0a9efe18f4d85efb1,shared_domain,shared_domain
1.0,0.0,0.0,0.0,0.0,1.0,-2,-2,1.0,6628d9e1a9efe18f4d85f02b,attackers_domain,attackers_domain
1.0,1.0,1.0,1.0,0.0,1.0,115,55,0.0,6628d9e1a9efe18f4d85f043,shared_domain,shared_domain
1.0,1.0,1.0,1.0,0.0,1.0,115,55,0.0,6628d9e1a9efe18f4d85f047,shared_domain,shared_domain
1.0,1.0,1.0,1.0,0.0,1.0,115,55,0.0,6628d9e1a9efe18f4d85f049,shared_domain,shared_domain
1.0,1.0,1.0,1.0,0.0,1.0,115,55,0.0,6628d9e2a9efe18f4d85f07c,shared_domain,shared_domain
1.0,1.0,1.0,1.0,0.0,1.0,115,55,0.0,6628d9e2a9efe18f4d85f07d,shared_domain,shared_domain
0.0,0.0,0.0,0.0,0.0,1.0,-2,-2,1.0,6628d9e2a9efe18f4d85f095,attackers_domain,attackers_domain
1.0,0.0,0.0,1.0,0.0,1.0,-2,-2,1.0,6628d9e2a9efe18f4d85f09b,attackers_domain,attackers_domain
1.0,0.0,0.0,0.0,0.0,1.0,-2,-2,1.0,6628d9e2a9efe18f4d85f09e,attackers_domain,attackers_domain
1.0,0.0,0.0,1.0,1.0,0.0,-2,-2,1.0,6628d9e2a9efe18f4d85f0a0,attackers_domain,attackers_domain
0.0,0.0,0.0,0.0,0.0,1.0,-2,-2,1.0,6628d9e2a9efe18f4d85f0a7,attackers_domain,attackers_domain
1.0,0.0,0.0,1.0,0.0,1.0,-2,-2,1.0,6628d9e2a9efe18f4d85f0af,attackers_domain,attackers_domain
0.0,0.0,0.0,0.0,0.0,1.0,-2,-2,1.0,6628d9e2a9efe18f4d85f0b3,attackers_domain,attackers_domain
1.0,0.0,0.0,0.0,0.0,1.0,-2,-2,1.0,6628d9e2a9efe18f4d85f0b6,attackers_domain,attackers_domain
0.0,0.0,0.0,1.0,0.0,1.0,-2,-2,1.0,6628d9e2a9efe18f4d85f0b7,attackers_domain,attackers_domain
0.0,0.0,0.0,1.0,0.0,1.0,-2,-2,1.0,6628d9e2a9efe18f4d85f0b8,attackers_domain,attackers_domain
0.0,0.0,0.0,0.0,0.0,1.0,-2,-2,1.0,6628d9e2a9efe18f4d85f0be,attackers_domain,attackers_domain
0.0,0.0,0.0,0.0,0.0,1.0,-2,-2,1.0,6628d9e2a9efe18f4d85f0bf,attackers_domain,attackers_domain
1.0,0.0,0.0,0.0,1.0,0.0,-2,-2,1.0,6628d9e2a9efe18f4d85f0c9,attackers_domain,attackers_domain
0.0,1.0,0.0,1.0,0.0,1.0,304,565,0.0,6628d9e2a9efe18f4d85f0dc,shared_domain,shared_domain
1.0,0.0,0.0,1.0,0.0,0.0,0,26,0.0,6628d9e2a9efe18f4d85f0e2,compromised_domain,compromised_domain
1.0,1.0,0.0,1.0,0.0,0.0,-2,-2,1.0,6628dfc6a9efe18f4d85f107,attackers_domain,compromised_domain
1.0,0.0,0.0,0.0,1.0,0.0,-2,-2,1.0,6628e361a9efe18f4d85f124,attackers_domain,attackers_domain
1.0,0.0,0.0,1.0,1.0,0.0,250,1539,1.0,6628e361a9efe18f4d85f132,compromised_domain,attackers_domain
1.0,1.0,1.0,1.0,0.0,1.0,115,44,0.0,6628e6fba9efe18f4d85f139,shared_domain,shared_domain
1.0,1.0,1.0,1.0,0.0,1.0,115,48,0.0,6628e6fba9efe18f4d85f13a,shared_domain,shared_domain
0.0,1.0,0.0,1.0,0.0,1.0,42,127,0.0,6628e7fda9efe18f4d85f140,shared_domain,shared_domain
1.0,1.0,0.0,1.0,0.0,1.0,391,117,0.0,6628e7fda9efe18f4d85f143,shared_domain,shared_domain
1.0,1.0,1.0,1.0,0.0,1.0,115,149,0.0,6628e7fda9efe18f4d85f149,shared_domain,shared_domain
1.0,1.0,1.0,1.0,0.0,1.0,115,231,0.0,6628e7fda9efe18f4d85f152,shared_domain,shared_domain
1.0,0.0,0.0,1.0,0.0,0.0,-2,-2,1.0,6628e7fda9efe18f4d85f15b,attackers_domain,attackers_domain
1.0,1.0,0.0,1.0,0.0,0.0,2270,210,0.0,6628e7fea9efe18f4d85f161,shared_domain,shared_domain
1.0,0.0,0.0,1.0,0.0,1.0,-2,-2,1.0,6628e7fea9efe18f4d85f174,attackers_domain,attackers_domain
0.0,1.0,0.0,1.0,0.0,1.0,336,73,0.0,6628e7fea9efe18f4d85f177,shared_domain,shared_domain
1.0,1.0,1.0,1.0,0.0,1.0,652,75,0.0,6628e7fea9efe18f4d85f184,shared_domain,shared_domain
0.0,1.0,0.0,1.0,0.0,1.0,1368,48,0.0,6628e7fea9efe18f4d85f188,shared_domain,shared_domain
1.0,1.0,1.0,1.0,0.0,1.0,225,446,0.0,6628e7fea9efe18f4d85f199,shared_domain,shared_domain
1.0,1.0,1.0,1.0,0.0,1.0,115,88,0.0,6628e7fea9efe18f4d85f1ad,shared_domain,shared_domain
0.0,1.0,1.0,1.0,0.0,1.0,225,94,0.0,6628e7fea9efe18f4d85f1af,shared_domain,shared_domain
0.0,1.0,0.0,1.0,0.0,1.0,197,33,0.0,6628e7fea9efe18f4d85f1bd,shared_domain,shared_domain
1.0,0.0,0.0,1.0,0.0,0.0,39,488,0.0,6628e7fea9efe18f4d85f1ec,compromised_domain,compromised_domain
1.0,1.0,1.0,1.0,0.0,1.0,115,147,0.0,6628e7ffa9efe18f4d85f201,shared_domain,shared_domain
1.0,1.0,0.0,1.0,0.0,0.0,92,114,,6628e7ffa9efe18f4d85f204,shared_domain,shared_domain
0.0,1.0,0.0,1.0,0.0,1.0,21,70,0.0,6628e7ffa9efe18f4d85f207,shared_domain,shared_domain
1.0,1.0,1.0,1.0,0.0,1.0,115,48,0.0,6628ee20a9efe18f4d85f222,shared_domain,shared_domain
0.0,1.0,1.0,1.0,0.0,1.0,378,150,0.0,6628f518a9efe18f4d85f238,shared_domain,shared_domain
1.0,1.0,1.0,1.0,0.0,1.0,225,148,0.0,6628f51da9efe18f4d85f248,shared_domain,shared_domain
0.0,0.0,0.0,0.0,0.0,1.0,-2,-2,1.0,6628f525a9efe18f4d85f260,attackers_domain,attackers_domain
1.0,0.0,0.0,0.0,0.0,0.0,-2,-2,1.0,6628f55ba9efe18f4d85f2e7,attackers_domain,attackers_domain
1.0,0.0,0.0,0.0,0.0,0.0,-2,-2,1.0,6628f55ca9efe18f4d85f2e9,attackers_domain,attackers_domain
1.0,0.0,0.0,0.0,1.0,0.0,-2,-2,1.0,6628f564a9efe18f4d85f301,attackers_domain,attackers_domain
0.0,1.0,1.0,1.0,0.0,1.0,378,173,0.0,6628f569a9efe18f4d85f307,shared_domain,shared_domain
1.0,1.0,0.0,1.0,0.0,1.0,2435,178,0.0,6628f56da9efe18f4d85f311,shared_domain,shared_domain
1.0,0.0,0.0,0.0,0.0,0.0,-2,-2,1.0,6628f57fa9efe18f4d85f339,attackers_domain,attackers_domain
1.0,0.0,0.0,0.0,0.0,0.0,-2,-2,1.0,6628f580a9efe18f4d85f33c,attackers_domain,attackers_domain
1.0,1.0,1.0,1.0,0.0,1.0,115,76,0.0,6628f586a9efe18f4d85f34c,shared_domain,shared_domain
0.0,1.0,0.0,1.0,0.0,1.0,555,36,0.0,6628f586a9efe18f4d85f34d,shared_domain,shared_domain
0.0,0.0,0.0,0.0,0.0,1.0,-2,-2,1.0,6628f589a9efe18f4d85f351,attackers_domain,attackers_domain
1.0,0.0,0.0,0.0,0.0,1.0,-2,-2,1.0,6628f592a9efe18f4d85f366,attackers_domain,attackers_domain
0.0,1.0,1.0,1.0,0.0,1.0,4,191,0.0,6628f593a9efe18f4d85f36a,shared_domain,shared_domain
0.0,1.0,1.0,1.0,0.0,1.0,4,198,0.0,6628f597a9efe18f4d85f374,shared_domain,shared_domain
0.0,1.0,0.0,1.0,0.0,1.0,555,130,0.0,6628f598a9efe18f4d85f376,shared_domain,shared_domain
0.0,1.0,0.0,1.0,0.0,1.0,9,1006,0.0,6628f599a9efe18f4d85f378,shared_domain,shared_domain
0.0,1.0,1.0,1.0,0.0,1.0,4,48,0.0,6628f59fa9efe18f4d85f380,shared_domain,shared_domain
0.0,1.0,1.0,1.0,0.0,1.0,4,191,0.0,6628f5a3a9efe18f4d85f384,shared_domain,shared_domain
0.0,1.0,1.0,1.0,0.0,1.0,4,196,0.0,6628f5a3a9efe18f4d85f385,shared_domain,shared_domain
1.0,1.0,1.0,1.0,0.0,1.0,115,48,0.0,6628f5e5a9efe18f4d85f38f,shared_domain,shared_domain
1.0,1.0,1.0,1.0,0.0,1.0,115,48,0.0,6628f5e5a9efe18f4d85f390,shared_domain,shared_domain
1.0,1.0,0.0,1.0,0.0,0.0,2270,140,0.0,6628f631a9efe18f4d85f39c,shared_domain,shared_domain
0.0,1.0,0.0,1.0,0.0,1.0,42,44,0.0,6628fd50a9efe18f4d85f400,shared_domain,shared_domain
1.0,1.0,0.0,0.0,0.0,0.0,-2,-2,1.0,6628fd50a9efe18f4d85f403,attackers_domain,attackers_domain
1.0,1.0,1.0,1.0,0.0,1.0,115,48,0.0,6628fd50a9efe18f4d85f405,shared_domain,shared_domain
1.0,1.0,1.0,1.0,0.0,1.0,115,48,0.0,6628fd50a9efe18f4d85f407,shared_domain,shared_domain
1.0,1.0,1.0,1.0,0.0,1.0,115,48,0.0,6628fd50a9efe18f4d85f40f,shared_domain,shared_domain
0.0,1.0,0.0,1.0,0.0,1.0,42,44,0.0,662900eaa9efe18f4d85f41d,shared_domain,shared_domain
1.0,1.0,1.0,1.0,0.0,1.0,-1,203,0.0,662900eaa9efe18f4d85f421,shared_domain,shared_domain
1.0,1.0,1.0,1.0,0.0,1.0,115,48,0.0,6629055ba9efe18f4d85f427,shared_domain,shared_domain
1.0,1.0,1.0,1.0,0.0,1.0,115,48,0.0,6629055ba9efe18f4d85f429,shared_domain,shared_domain
1.0,1.0,1.0,1.0,0.0,1.0,115,48,0.0,66290c8ba9efe18f4d85f440,shared_domain,shared_domain
1.0,1.0,1.0,1.0,0.0,1.0,115,48,0.0,66290c8ba9efe18f4d85f442,shared_domain,shared_domain
1.0,1.0,0.0,1.0,1.0,0.0,1,999,1.0,662913d9a9efe18f4d85f45e,attackers_domain,attackers_domain
1.0,0.0,0.0,0.0,0.0,0.0,-2,-2,1.0,662913d9a9efe18f4d85f469,attackers_domain,attackers_domain
1.0,1.0,1.0,1.0,0.0,1.0,49,61,0.0,66291771a9efe18f4d85f489,shared_domain,shared_domain
1.0,1.0,1.0,1.0,0.0,1.0,-1,205,0.0,66291771a9efe18f4d85f48d,shared_domain,shared_domain
1.0,0.0,0.0,1.0,1.0,0.0,-2,-2,1.0,66291b0ba9efe18f4d85f492,attackers_domain,attackers_domain
1.0,1.0,1.0,1.0,0.0,1.0,115,48,0.0,66291b0ba9efe18f4d85f499,shared_domain,shared_domain
1.0,1.0,1.0,1.0,0.0,1.0,115,48,0.0,66291b0ba9efe18f4d85f49b,shared_domain,shared_domain
1.0,0.0,0.0,0.0,0.0,0.0,-2,-2,1.0,66291b0ba9efe18f4d85f4a4,attackers_domain,attackers_domain
1.0,0.0,0.0,1.0,0.0,0.0,-1,19,1.0,66291ec9a9efe18f4d85f4b4,attackers_domain,attackers_domain
0.0,1.0,1.0,1.0,0.0,1.0,72,90,0.0,66291ec9a9efe18f4d85f4b9,shared_domain,shared_domain
1.0,1.0,1.0,1.0,0.0,1.0,-1,204,0.0,662920bca9efe18f4d85f4d2,shared_domain,shared_domain
0.0,1.0,0.0,1.0,0.0,1.0,42,62,0.0,662925eca9efe18f4d85f4e4,shared_domain,shared_domain
0.0,1.0,0.0,1.0,0.0,1.0,-2,-2,0.0,66292999a9efe18f4d85f4f2,attackers_domain,attackers_domain
1.0,0.0,0.0,1.0,0.0,0.0,-2,-2,1.0,66292999a9efe18f4d85f4f9,attackers_domain,attackers_domain
0.0,1.0,1.0,1.0,0.0,1.0,72,109,0.0,66292999a9efe18f4d85f4fa,shared_domain,shared_domain
1.0,1.0,1.0,1.0,0.0,1.0,115,48,0.0,66292d33a9efe18f4d85f504,shared_domain,shared_domain
1.0,0.0,0.0,1.0,1.0,0.0,-2,-2,1.0,66292d33a9efe18f4d85f506,attackers_domain,attackers_domain
1.0,0.0,0.0,0.0,1.0,0.0,-2,-2,1.0,66292d34a9efe18f4d85f50a,attackers_domain,attackers_domain
0.0,1.0,0.0,1.0,0.0,1.0,446,185,0.0,66292d34a9efe18f4d85f50c,shared_domain,shared_domain
1.0,1.0,1.0,1.0,0.0,1.0,-1,203,0.0,66292d34a9efe18f4d85f510,shared_domain,shared_domain
0.0,1.0,1.0,1.0,0.0,1.0,72,90,0.0,66292eeaa9efe18f4d85f513,shared_domain,shared_domain
0.0,1.0,1.0,1.0,0.0,1.0,72,109,0.0,66293458a9efe18f4d85f52e,shared_domain,shared_domain
1.0,1.0,1.0,1.0,0.0,1.0,-1,204,0.0,662937f2a9efe18f4d85f53b,shared_domain,shared_domain
1.0,0.0,0.0,0.0,0.0,0.0,-2,-2,1.0,66293b90a9efe18f4d85f53e,attackers_domain,attackers_domain
0.0,1.0,1.0,1.0,0.0,1.0,72,109,0.0,66293d09a9efe18f4d85f548,shared_domain,shared_domain
0.0,1.0,1.0,1.0,0.0,1.0,77,155,0.0,66293d09a9efe18f4d85f54b,shared_domain,shared_domain
1.0,1.0,1.0,1.0,0.0,1.0,-1,204,0.0,66293d09a9efe18f4d85f550,shared_domain,shared_domain
1.0,1.0,0.0,1.0,0.0,0.0,15,103,0.0,66293d53a9efe18f4d85f557,shared_domain,compromised_domain
0.0,1.0,0.0,1.0,0.0,1.0,42,60,0.0,662949fca9efe18f4d85f576,shared_domain,shared_domain
0.0,1.0,0.0,1.0,0.0,1.0,42,44,0.0,662949fca9efe18f4d85f578,shared_domain,shared_domain
0.0,1.0,0.0,1.0,0.0,1.0,430,236,0.0,662949fca9efe18f4d85f582,shared_domain,shared_domain
0.0,1.0,0.0,1.0,0.0,1.0,304,98,0.0,66294b37a9efe18f4d85f588,shared_domain,shared_domain
0.0,1.0,0.0,1.0,0.0,1.0,304,98,0.0,66294b37a9efe18f4d85f589,shared_domain,shared_domain
1.0,1.0,1.0,1.0,0.0,0.0,0,176,0.0,66294b37a9efe18f4d85f58c,shared_domain,shared_domain
1.0,1.0,1.0,1.0,0.0,0.0,0,176,0.0,66294b37a9efe18f4d85f58e,shared_domain,shared_domain
0.0,1.0,1.0,1.0,0.0,1.0,72,109,0.0,66294b37a9efe18f4d85f597,shared_domain,shared_domain
1.0,0.0,0.0,1.0,1.0,0.0,-2,-2,1.0,662954eba9efe18f4d85f5b3,attackers_domain,attackers_domain
1.0,1.0,1.0,1.0,0.0,1.0,115,44,0.0,66295883a9efe18f4d85f5d6,shared_domain,shared_domain
0.0,1.0,1.0,1.0,0.0,1.0,77,157,0.0,66295982a9efe18f4d85f5e2,shared_domain,shared_domain
0.0,1.0,1.0,1.0,0.0,1.0,77,149,0.0,66295982a9efe18f4d85f5eb,shared_domain,shared_domain
1.0,1.0,1.0,1.0,0.0,1.0,660,87,0.0,66295982a9efe18f4d85f5f3,shared_domain,shared_domain
1.0,1.0,0.0,1.0,0.0,1.0,3185,79,0.0,66295982a9efe18f4d85f5fe,shared_domain,shared_domain
1.0,1.0,1.0,1.0,0.0,1.0,-1,204,0.0,66295982a9efe18f4d85f600,shared_domain,shared_domain
0.0,1.0,0.0,1.0,0.0,1.0,304,82,0.0,66295982a9efe18f4d85f603,shared_domain,shared_domain
0.0,1.0,0.0,1.0,0.0,1.0,304,324,0.0,66295982a9efe18f4d85f60f,shared_domain,shared_domain
0.0,1.0,0.0,1.0,0.0,1.0,304,103,0.0,66295982a9efe18f4d85f611,shared_domain,shared_domain
0.0,1.0,0.0,1.0,0.0,1.0,304,234,0.0,66295982a9efe18f4d85f614,shared_domain,shared_domain
1.0,1.0,0.0,1.0,0.0,1.0,2435,1273,0.0,66295982a9efe18f4d85f618,shared_domain,shared_domain
0.0,1.0,0.0,1.0,0.0,1.0,304,265,0.0,66295982a9efe18f4d85f61c,shared_domain,shared_domain
0.0,1.0,0.0,1.0,0.0,1.0,304,89,0.0,66295983a9efe18f4d85f627,shared_domain,shared_domain
0.0,1.0,0.0,1.0,0.0,1.0,304,100,0.0,66295983a9efe18f4d85f62a,shared_domain,shared_domain
0.0,1.0,0.0,1.0,0.0,1.0,304,114,0.0,66295983a9efe18f4d85f62b,shared_domain,shared_domain
1.0,1.0,0.0,1.0,1.0,0.0,-2,-2,1.0,66295c3fa9efe18f4d85f638,attackers_domain,attackers_domain
1.0,0.0,0.0,1.0,1.0,0.0,-2,-2,1.0,66295c3fa9efe18f4d85f63b,attackers_domain,attackers_domain
1.0,0.0,0.0,1.0,0.0,1.0,-2,-2,1.0,66295c3fa9efe18f4d85f641,attackers_domain,attackers_domain
0.0,1.0,0.0,1.0,0.0,1.0,12,40,0.0,66295fdaa9efe18f4d85f64a,shared_domain,shared_domain
1.0,0.0,0.0,1.0,1.0,0.0,-2,-2,1.0,66295fdaa9efe18f4d85f64c,attackers_domain,attackers_domain
1.0,1.0,0.0,1.0,1.0,0.0,-2,-2,1.0,66295fdaa9efe18f4d85f650,attackers_domain,attackers_domain
1.0,1.0,1.0,1.0,0.0,1.0,-1,204,0.0,66296377a9efe18f4d85f660,shared_domain,shared_domain
0.0,1.0,0.0,1.0,0.0,1.0,82,110,0.0,66296713a9efe18f4d85f67c,shared_domain,shared_domain
0.0,1.0,0.0,1.0,0.0,1.0,4,91,0.0,66296713a9efe18f4d85f681,shared_domain,shared_domain
0.0,1.0,1.0,1.0,0.0,1.0,72,106,0.0,66296714a9efe18f4d85f68c,shared_domain,shared_domain
0.0,1.0,1.0,1.0,0.0,1.0,378,190,0.0,6629679ba9efe18f4d85f691,shared_domain,shared_domain
1.0,1.0,1.0,1.0,0.0,1.0,652,257,0.0,6629679ba9efe18f4d85f696,shared_domain,shared_domain
0.0,1.0,0.0,1.0,0.0,1.0,304,80,0.0,6629679ba9efe18f4d85f697,shared_domain,shared_domain
1.0,1.0,1.0,1.0,0.0,1.0,660,814,0.0,6629679ba9efe18f4d85f698,shared_domain,shared_domain
1.0,1.0,1.0,1.0,0.0,1.0,652,91,0.0,6629679ba9efe18f4d85f69a,shared_domain,shared_domain
1.0,1.0,0.0,1.0,0.0,0.0,155,87,0.0,66296a9aa9efe18f4d85f6b8,shared_domain,shared_domain
1.0,1.0,1.0,1.0,0.0,1.0,-1,204,0.0,66296a9aa9efe18f4d85f6b9,shared_domain,shared_domain
1.0,1.0,0.0,0.0,0.0,1.0,-2,-2,0.0,6629756fa9efe18f4d85f6cd,shared_domain,shared_domain
1.0,1.0,0.0,1.0,0.0,1.0,0,131,0.0,6629756fa9efe18f4d85f6d1,compromised_domain,shared_domain
1.0,1.0,1.0,1.0,0.0,1.0,-1,237,0.0,6629756fa9efe18f4d85f6db,shared_domain,shared_domain
1.0,1.0,0.0,1.0,0.0,0.0,4432,491,0.0,6629756fa9efe18f4d85f6e7,shared_domain,shared_domain
1.0,1.0,1.0,1.0,0.0,1.0,115,88,0.0,6629756fa9efe18f4d85f6ea,shared_domain,shared_domain
1.0,1.0,0.0,1.0,0.0,0.0,155,87,0.0,662975baa9efe18f4d85f6fa,shared_domain,shared_domain
1.0,1.0,1.0,1.0,0.0,1.0,-1,204,0.0,662975baa9efe18f4d85f6fc,shared_domain,shared_domain
1.0,1.0,1.0,1.0,0.0,1.0,-1,204,0.0,662975baa9efe18f4d85f700,shared_domain,shared_domain
1.0,1.0,1.0,1.0,0.0,1.0,115,88,0.0,662978fba9efe18f4d85f70e,shared_domain,shared_domain
1.0,1.0,1.0,1.0,0.0,1.0,652,75,0.0,662978fba9efe18f4d85f70f,shared_domain,shared_domain
1.0,1.0,1.0,1.0,0.0,1.0,652,100,0.0,662978fba9efe18f4d85f713,shared_domain,shared_domain
0.0,1.0,1.0,1.0,0.0,1.0,378,244,0.0,66298032a9efe18f4d85f72b,shared_domain,shared_domain
0.0,1.0,1.0,1.0,0.0,1.0,378,200,0.0,66298032a9efe18f4d85f72e,shared_domain,shared_domain
1.0,1.0,1.0,1.0,0.0,1.0,652,90,0.0,66298032a9efe18f4d85f730,shared_domain,shared_domain
1.0,0.0,0.0,1.0,1.0,0.0,-2,-2,1.0,662983cca9efe18f4d85f748,attackers_domain,attackers_domain
1.0,1.0,1.0,1.0,0.0,1.0,652,39,0.0,662983cca9efe18f4d85f74f,shared_domain,shared_domain
1.0,1.0,0.0,1.0,0.0,0.0,4432,443,0.0,662983cea9efe18f4d85f770,shared_domain,shared_domain
1.0,1.0,0.0,1.0,0.0,0.0,155,87,0.0,662983cea9efe18f4d85f778,shared_domain,shared_domain
0.0,1.0,0.0,1.0,0.0,1.0,387,99,0.0,662983cea9efe18f4d85f786,shared_domain,shared_domain
1.0,1.0,0.0,0.0,0.0,1.0,-2,-2,0.0,662983cea9efe18f4d85f787,shared_domain,shared_domain
0.0,1.0,0.0,1.0,0.0,1.0,12,12,0.0,662991fda9efe18f4d85f876,shared_domain,shared_domain
0.0,1.0,0.0,1.0,0.0,1.0,211,1888,0.0,662991fea9efe18f4d85f87b,shared_domain,shared_domain
0.0,1.0,0.0,1.0,0.0,1.0,12,185,0.0,662991fea9efe18f4d85f88c,shared_domain,shared_domain
0.0,1.0,0.0,1.0,0.0,1.0,211,426,0.0,662991fea9efe18f4d85f899,shared_domain,shared_domain
1.0,1.0,0.0,1.0,0.0,0.0,4432,392,0.0,662991fea9efe18f4d85f8a7,shared_domain,shared_domain
0.0,1.0,0.0,1.0,0.0,1.0,387,12,0.0,662991fea9efe18f4d85f8ad,shared_domain,shared_domain
1.0,1.0,0.0,1.0,0.0,0.0,0,380,0.0,662991fea9efe18f4d85f8af,compromised_domain,compromised_domain
1.0,1.0,1.0,1.0,0.0,1.0,652,32,0.0,662991fea9efe18f4d85f8b4,shared_domain,shared_domain
1.0,1.0,1.0,1.0,0.0,1.0,115,525,0.0,66299310a9efe18f4d85f8bb,shared_domain,shared_domain
1.0,1.0,1.0,1.0,0.0,1.0,115,51,0.0,66299310a9efe18f4d85f8c6,shared_domain,shared_domain
0.0,1.0,1.0,1.0,0.0,1.0,378,160,0.0,662996aea9efe18f4d85f8d7,shared_domain,shared_domain
1.0,1.0,1.0,1.0,0.0,1.0,49,61,0.0,66299ddda9efe18f4d85f8e0,shared_domain,shared_domain
1.0,0.0,0.0,0.0,0.0,0.0,-2,-2,1.0,66299df1a9efe18f4d85f917,attackers_domain,attackers_domain
1.0,0.0,0.0,0.0,0.0,0.0,-2,-2,1.0,66299df9a9efe18f4d85f92e,attackers_domain,attackers_domain
0.0,1.0,1.0,1.0,0.0,1.0,378,180,0.0,66299dfba9efe18f4d85f932,shared_domain,shared_domain
0.0,1.0,1.0,1.0,0.0,1.0,77,149,0.0,66299e01a9efe18f4d85f943,shared_domain,shared_domain
1.0,1.0,0.0,1.0,0.0,1.0,1073,49,0.0,66299e01a9efe18f4d85f944,shared_domain,shared_domain
0.0,1.0,0.0,1.0,0.0,1.0,0,106,0.0,66299e02a9efe18f4d85f948,shared_domain,shared_domain
0.0,1.0,0.0,1.0,0.0,1.0,0,55,0.0,66299e26a9efe18f4d85f9a4,shared_domain,shared_domain
0.0,1.0,0.0,1.0,0.0,1.0,211,12,0.0,66299e27a9efe18f4d85f9a8,shared_domain,shared_domain
1.0,1.0,0.0,1.0,0.0,0.0,155,87,0.0,66299e29a9efe18f4d85f9af,shared_domain,shared_domain
1.0,0.0,0.0,0.0,0.0,0.0,-2,-2,1.0,66299e2ca9efe18f4d85f9b8,attackers_domain,attackers_domain
1.0,0.0,0.0,0.0,0.0,0.0,-2,-2,1.0,66299e2da9efe18f4d85f9bb,attackers_domain,attackers_domain
1.0,0.0,0.0,0.0,0.0,0.0,-2,-2,1.0,66299e30a9efe18f4d85f9c6,attackers_domain,attackers_domain
1.0,0.0,0.0,0.0,0.0,0.0,-2,-2,1.0,66299e31a9efe18f4d85f9c9,attackers_domain,attackers_domain
1.0,0.0,0.0,0.0,0.0,0.0,-2,-2,1.0,66299e3fa9efe18f4d85f9ee,attackers_domain,attackers_domain
1.0,0.0,0.0,0.0,1.0,0.0,-2,-2,1.0,66299e41a9efe18f4d85f9f6,attackers_domain,attackers_domain
0.0,1.0,1.0,1.0,0.0,1.0,378,190,0.0,66299e4aa9efe18f4d85fa09,shared_domain,shared_domain
1.0,1.0,0.0,1.0,0.0,1.0,627,614,0.0,66299e4ba9efe18f4d85fa0a,shared_domain,shared_domain
1.0,1.0,0.0,1.0,0.0,0.0,310,415,0.0,66299e4ea9efe18f4d85fa14,shared_domain,shared_domain
1.0,0.0,0.0,0.0,0.0,1.0,-2,-2,1.0,66299e57a9efe18f4d85fa2e,attackers_domain,attackers_domain
1.0,1.0,1.0,1.0,0.0,1.0,115,133,0.0,66299e58a9efe18f4d85fa2f,shared_domain,shared_domain
1.0,1.0,1.0,1.0,0.0,1.0,225,184,0.0,66299e5aa9efe18f4d85fa35,shared_domain,shared_domain
1.0,1.0,1.0,1.0,0.0,1.0,225,250,0.0,66299e64a9efe18f4d85fa55,shared_domain,shared_domain
0.0,1.0,1.0,1.0,0.0,1.0,72,96,0.0,66299e66a9efe18f4d85fa5d,shared_domain,shared_domain
0.0,1.0,0.0,1.0,0.0,1.0,304,159,0.0,66299e70a9efe18f4d85fa79,shared_domain,shared_domain
0.0,1.0,1.0,1.0,0.0,1.0,72,109,0.0,66299e71a9efe18f4d85fa7f,shared_domain,shared_domain
1.0,1.0,0.0,1.0,0.0,0.0,0,374,0.0,6629a176a9efe18f4d85fa93,compromised_domain,compromised_domain
1.0,1.0,1.0,1.0,0.0,1.0,115,525,0.0,6629a512a9efe18f4d85fa9b,shared_domain,shared_domain
1.0,1.0,1.0,1.0,0.0,1.0,115,525,0.0,6629a512a9efe18f4d85faa2,shared_domain,shared_domain
1.0,1.0,1.0,1.0,0.0,1.0,49,61,0.0,6629ac49a9efe18f4d85faaf,shared_domain,shared_domain
1.0,1.0,1.0,1.0,0.0,1.0,660,87,0.0,6629bac0a9efe18f4d85fad2,shared_domain,shared_domain
1.0,0.0,0.0,1.0,1.0,0.0,-2,-2,1.0,6629be47a9efe18f4d85fae6,attackers_domain,attackers_domain
1.0,1.0,0.0,1.0,1.0,0.0,-2,-2,1.0,6629be47a9efe18f4d85fae8,attackers_domain,attackers_domain
0.0,1.0,1.0,1.0,0.0,1.0,54,343,0.0,6629be47a9efe18f4d85faea,shared_domain,shared_domain
1.0,0.0,0.0,1.0,1.0,0.0,-2,-2,1.0,6629be47a9efe18f4d85faef,attackers_domain,attackers_domain
1.0,0.0,0.0,0.0,0.0,1.0,-2,-2,1.0,6629c1e3a9efe18f4d85fafe,attackers_domain,attackers_domain
1.0,1.0,1.0,1.0,0.0,1.0,-1,204,0.0,6629c57da9efe18f4d85fb18,shared_domain,shared_domain
1.0,1.0,1.0,1.0,0.0,1.0,49,7,0.0,6629c91ca9efe18f4d85fb20,shared_domain,shared_domain
1.0,0.0,0.0,0.0,0.0,1.0,-2,-2,1.0,6629c91ca9efe18f4d85fb2e,attackers_domain,attackers_domain
1.0,1.0,1.0,1.0,0.0,1.0,115,48,0.0,6629d047a9efe18f4d85fb42,shared_domain,shared_domain
0.0,1.0,0.0,1.0,0.0,1.0,12,40,0.0,6629d047a9efe18f4d85fb45,shared_domain,shared_domain
0.0,1.0,0.0,1.0,0.0,1.0,12,304,0.0,6629d047a9efe18f4d85fb48,shared_domain,shared_domain
0.0,1.0,0.0,1.0,0.0,1.0,42,30,0.0,6629d047a9efe18f4d85fb4b,shared_domain,shared_domain
1.0,0.0,0.0,0.0,0.0,0.0,-2,-2,1.0,6629d77da9efe18f4d85fb5e,attackers_domain,attackers_domain
1.0,1.0,1.0,1.0,0.0,1.0,115,48,0.0,6629d77da9efe18f4d85fb5f,shared_domain,shared_domain
1.0,1.0,1.0,1.0,0.0,1.0,49,67,0.0,6629d77da9efe18f4d85fb61,shared_domain,shared_domain
1.0,1.0,1.0,1.0,0.0,1.0,115,48,0.0,6629d77da9efe18f4d85fb62,shared_domain,shared_domain
1.0,1.0,1.0,1.0,0.0,1.0,115,48,0.0,6629d77da9efe18f4d85fb67,shared_domain,shared_domain
1.0,1.0,1.0,1.0,0.0,1.0,-1,74,0.0,6629ed26a9efe18f4d85fbf8,shared_domain,shared_domain
0.0,1.0,1.0,1.0,0.0,1.0,378,173,0.0,6629fb83a9efe18f4d85fc2a,shared_domain,shared_domain
0.0,1.0,0.0,1.0,0.0,1.0,42,14,0.0,6629fb83a9efe18f4d85fc2f,shared_domain,shared_domain
0.0,1.0,1.0,1.0,0.0,1.0,378,169,0.0,662a02c2a9efe18f4d85fc43,shared_domain,shared_domain
1.0,0.0,0.0,1.0,1.0,0.0,-2,-2,1.0,662a1bf4a9efe18f4d85fcab,attackers_domain,attackers_domain
1.0,1.0,0.0,0.0,0.0,1.0,-2,-2,0.0,662a2eeba9efe18f4d85fd21,shared_domain,shared_domain
1.0,1.0,0.0,1.0,0.0,0.0,-2,-2,1.0,662a39b1a9efe18f4d85fd3d,compromised_domain,compromised_domain
1.0,0.0,0.0,1.0,1.0,0.0,-2,-2,1.0,662a45e2a9efe18f4d85fdd2,attackers_domain,attackers_domain
1.0,1.0,0.0,1.0,0.0,0.0,342,32,,662a45e9a9efe18f4d85fddf,attackers_domain,shared_domain
1.0,1.0,0.0,1.0,0.0,1.0,1995,84,0.0,662a4603a9efe18f4d85fe17,shared_domain,shared_domain
1.0,1.0,0.0,1.0,0.0,0.0,4432,476,0.0,662a4609a9efe18f4d85fe24,shared_domain,shared_domain
1.0,1.0,0.0,1.0,0.0,1.0,48,808,0.0,662a460ba9efe18f4d85fe27,compromised_domain,compromised_domain
0.0,1.0,1.0,1.0,0.0,1.0,378,200,0.0,662a460da9efe18f4d85fe2d,shared_domain,shared_domain
1.0,1.0,0.0,1.0,0.0,0.0,4432,462,0.0,662a462aa9efe18f4d85fe63,shared_domain,shared_domain
1.0,0.0,0.0,0.0,0.0,0.0,-2,-2,1.0,662a4645a9efe18f4d85fe93,attackers_domain,attackers_domain
1.0,1.0,1.0,1.0,0.0,1.0,49,61,0.0,662a480ca9efe18f4d85fecf,shared_domain,shared_domain
1.0,1.0,0.0,1.0,0.0,1.0,156,158,0.0,662a4a3ea9efe18f4d85fedd,shared_domain,shared_domain
1.0,1.0,0.0,1.0,0.0,1.0,77,47,,662a4b9fa9efe18f4d85feef,shared_domain,shared_domain
1.0,1.0,1.0,1.0,0.0,1.0,49,61,0.0,662a5671a9efe18f4d85ff1e,shared_domain,shared_domain
1.0,1.0,1.0,1.0,0.0,1.0,-1,204,0.0,662a6856a9efe18f4d85ff7d,shared_domain,shared_domain
1.0,1.0,1.0,1.0,0.0,1.0,-1,206,0.0,662a6fa8a9efe18f4d85ff9c,shared_domain,shared_domain
1.0,1.0,1.0,1.0,0.0,1.0,-1,204,0.0,662a74baa9efe18f4d85ffa8,shared_domain,shared_domain
1.0,0.0,0.0,1.0,1.0,0.0,-2,-2,1.0,662a81a3a9efe18f4d85ffc2,attackers_domain,attackers_domain
1.0,0.0,0.0,0.0,1.0,0.0,-2,-2,1.0,662a9375a9efe18f4d860017,attackers_domain,attackers_domain
1.0,1.0,1.0,1.0,0.0,1.0,49,554,0.0,662a9aa6a9efe18f4d86002c,shared_domain,shared_domain
1.0,1.0,1.0,1.0,0.0,1.0,-1,205,0.0,662a9f3da9efe18f4d86004d,shared_domain,shared_domain
1.0,1.0,1.0,1.0,0.0,1.0,225,544,0.0,662aa8fea9efe18f4d86008a,shared_domain,shared_domain
1.0,1.0,0.0,1.0,0.0,0.0,12,111,0.0,66299e3ea9efe18f4d85f9ea,compromised_domain,compromised_domain
1.0,0.0,0.0,1.0,0.0,0.0,-1,31,0.0,66299de6a9efe18f4d85f8fd,compromised_domain,compromised_domain
0.0,1.0,0.0,1.0,0.0,1.0,0,8,0.0,66284c60a9efe18f4d85ebbf,compromised_domain,compromised_domain
1.0,0.0,0.0,0.0,0.0,1.0,-2,-2,0.0,66280cb7a9efe18f4d85e70e,compromised_domain,attackers_domain
1.0,1.0,0.0,1.0,0.0,0.0,-1,293,0.0,6627fa9ea9efe18f4d85e655,compromised_domain,compromised_domain
1.0,1.0,0.0,1.0,0.0,1.0,0,8,0.0,6626fa59a9efe18f4d85dd3b,compromised_domain,compromised_domain
1.0,1.0,0.0,1.0,0.0,0.0,65,38,0.0,662652aaa9efe18f4d85d47b,compromised_domain,compromised_domain
1.0,1.0,0.0,1.0,0.0,0.0,391,508,0.0,66253ecfa9efe18f4d85c846,compromised_domain,shared_domain
1.0,1.0,0.0,1.0,0.0,1.0,-1,534,0.0,662457faa9efe18f4d85b93a,compromised_domain,compromised_domain
1.0,1.0,0.0,1.0,0.0,0.0,1048,215,0.0,66239a75a9efe18f4d85b358,compromised_domain,compromised_domain
1.0,0.0,0.0,1.0,1.0,0.0,-2,-2,1.0,66239a74a9efe18f4d85b33d,attackers_domain,attackers_domain
0.0,0.0,0.0,1.0,0.0,1.0,-2,-2,1.0,66239a74a9efe18f4d85b33f,attackers_domain,attackers_domain
0.0,0.0,0.0,1.0,0.0,1.0,-2,-2,1.0,66239a74a9efe18f4d85b341,attackers_domain,attackers_domain
0.0,0.0,0.0,0.0,0.0,1.0,-2,-2,1.0,66239a74a9efe18f4d85b344,attackers_domain,attackers_domain
1.0,0.0,0.0,0.0,0.0,1.0,-2,-2,1.0,66239a74a9efe18f4d85b34d,attackers_domain,attackers_domain
1.0,1.0,1.0,1.0,0.0,0.0,0,175,0.0,66239a74a9efe18f4d85b353,shared_domain,shared_domain
1.0,1.0,0.0,1.0,0.0,1.0,42,32,0.0,66239a74a9efe18f4d85b355,shared_domain,shared_domain
1.0,0.0,0.0,0.0,0.0,1.0,-2,-2,1.0,6623a094a9efe18f4d85b361,attackers_domain,attackers_domain
1.0,0.0,0.0,0.0,0.0,1.0,-2,-2,1.0,6623a7cda9efe18f4d85b376,attackers_domain,attackers_domain
1.0,1.0,1.0,1.0,0.0,1.0,115,74,0.0,6623af2ea9efe18f4d85b3a5,shared_domain,shared_domain
1.0,0.0,0.0,0.0,0.0,1.0,-2,-2,1.0,6623af2fa9efe18f4d85b3a8,attackers_domain,attackers_domain
0.0,0.0,0.0,0.0,0.0,1.0,-2,-2,1.0,6623af2fa9efe18f4d85b3ac,attackers_domain,attackers_domain
1.0,0.0,0.0,0.0,0.0,1.0,-2,-2,1.0,6623af2fa9efe18f4d85b3af,attackers_domain,attackers_domain
1.0,1.0,1.0,1.0,0.0,1.0,49,554,0.0,6623af2fa9efe18f4d85b3b4,shared_domain,shared_domain
1.0,1.0,0.0,1.0,0.0,1.0,212,160,0.0,6623b023a9efe18f4d85b3c7,compromised_domain,shared_domain
1.0,1.0,0.0,1.0,0.0,0.0,4432,424,0.0,6623b024a9efe18f4d85b3cb,shared_domain,shared_domain
0.0,1.0,0.0,1.0,0.0,1.0,42,48,0.0,6623b025a9efe18f4d85b3cc,shared_domain,shared_domain
1.0,0.0,0.0,0.0,0.0,1.0,-2,-2,1.0,6623b029a9efe18f4d85b3da,attackers_domain,attackers_domain
1.0,1.0,1.0,1.0,0.0,1.0,652,257,0.0,6623b029a9efe18f4d85b3db,shared_domain,shared_domain
1.0,1.0,1.0,1.0,0.0,1.0,115,525,0.0,6623b02ca9efe18f4d85b3e3,shared_domain,shared_domain
0.0,1.0,0.0,1.0,0.0,1.0,12,157,0.0,6623b034a9efe18f4d85b3f4,shared_domain,shared_domain
0.0,1.0,1.0,1.0,0.0,1.0,72,107,0.0,6623b037a9efe18f4d85b3f9,shared_domain,shared_domain
1.0,0.0,0.0,0.0,1.0,0.0,-2,-2,1.0,6623b042a9efe18f4d85b410,attackers_domain,attackers_domain
0.0,1.0,0.0,1.0,0.0,1.0,846,354,0.0,6623b044a9efe18f4d85b414,shared_domain,shared_domain
1.0,1.0,1.0,1.0,0.0,1.0,225,184,0.0,6623b045a9efe18f4d85b415,shared_domain,shared_domain
1.0,1.0,1.0,1.0,0.0,1.0,115,66,0.0,6623b047a9efe18f4d85b41d,shared_domain,shared_domain
1.0,1.0,1.0,1.0,0.0,1.0,49,43,0.0,6623b056a9efe18f4d85b449,shared_domain,shared_domain
1.0,0.0,0.0,1.0,1.0,0.0,-1,9,1.0,6623b057a9efe18f4d85b44a,attackers_domain,attackers_domain
1.0,1.0,1.0,1.0,0.0,1.0,115,76,0.0,6623b064a9efe18f4d85b472,shared_domain,shared_domain
1.0,0.0,0.0,0.0,0.0,1.0,-2,-2,1.0,6623b064a9efe18f4d85b473,attackers_domain,attackers_domain
0.0,0.0,0.0,0.0,0.0,1.0,-2,-2,1.0,6623b068a9efe18f4d85b480,attackers_domain,attackers_domain
1.0,1.0,1.0,1.0,0.0,1.0,652,98,0.0,6623b069a9efe18f4d85b485,shared_domain,shared_domain
0.0,0.0,0.0,0.0,0.0,1.0,-2,-2,1.0,6623b06ba9efe18f4d85b48b,attackers_domain,attackers_domain
1.0,0.0,0.0,1.0,0.0,1.0,-2,-2,1.0,6623b06ea9efe18f4d85b494,attackers_domain,attackers_domain
1.0,0.0,0.0,0.0,0.0,1.0,-2,-2,1.0,6623b06fa9efe18f4d85b496,attackers_domain,attackers_domain
1.0,0.0,0.0,1.0,0.0,1.0,-2,-2,1.0,6623b06fa9efe18f4d85b498,attackers_domain,attackers_domain
0.0,0.0,0.0,0.0,0.0,1.0,-2,-2,1.0,6623b071a9efe18f4d85b49d,attackers_domain,attackers_domain
0.0,0.0,0.0,0.0,0.0,1.0,-2,-2,1.0,6623b071a9efe18f4d85b49e,attackers_domain,attackers_domain
0.0,0.0,0.0,0.0,0.0,1.0,-2,-2,1.0,6623b071a9efe18f4d85b49f,attackers_domain,attackers_domain
1.0,0.0,0.0,0.0,1.0,0.0,-2,-2,1.0,6623b077a9efe18f4d85b4b0,attackers_domain,attackers_domain
0.0,0.0,0.0,0.0,0.0,1.0,-2,-2,1.0,6623b077a9efe18f4d85b4b2,attackers_domain,attackers_domain
1.0,1.0,1.0,1.0,0.0,0.0,0,175,0.0,6623b07aa9efe18f4d85b4ba,shared_domain,shared_domain
1.0,1.0,0.0,1.0,0.0,1.0,42,32,0.0,6623b07ba9efe18f4d85b4be,shared_domain,shared_domain
0.0,1.0,0.0,1.0,0.0,1.0,555,39,0.0,6623b07ca9efe18f4d85b4c0,shared_domain,shared_domain
0.0,1.0,0.0,1.0,0.0,1.0,555,18,0.0,6623b07da9efe18f4d85b4c4,shared_domain,shared_domain
0.0,1.0,0.0,1.0,0.0,1.0,555,20,0.0,6623b07fa9efe18f4d85b4c9,shared_domain,shared_domain
0.0,1.0,0.0,1.0,0.0,1.0,555,30,0.0,6623b081a9efe18f4d85b4cf,shared_domain,shared_domain
0.0,1.0,0.0,1.0,0.0,1.0,555,28,0.0,6623b082a9efe18f4d85b4d1,shared_domain,shared_domain
0.0,1.0,0.0,1.0,0.0,1.0,555,26,0.0,6623b082a9efe18f4d85b4d3,shared_domain,shared_domain
1.0,1.0,1.0,1.0,0.0,1.0,652,37,0.0,6623b084a9efe18f4d85b4d9,shared_domain,shared_domain
0.0,1.0,0.0,1.0,0.0,1.0,555,20,0.0,6623b085a9efe18f4d85b4da,shared_domain,shared_domain
1.0,1.0,1.0,1.0,0.0,1.0,115,76,0.0,6623b086a9efe18f4d85b4e0,shared_domain,shared_domain
1.0,1.0,1.0,1.0,0.0,1.0,115,76,0.0,6623b087a9efe18f4d85b4e1,shared_domain,shared_domain
1.0,1.0,1.0,1.0,0.0,1.0,115,293,0.0,6623b089a9efe18f4d85b4e6,shared_domain,shared_domain
0.0,1.0,0.0,1.0,0.0,1.0,555,20,0.0,6623b08ba9efe18f4d85b4e8,shared_domain,shared_domain
0.0,1.0,0.0,1.0,0.0,1.0,555,20,0.0,6623b08ca9efe18f4d85b4ee,shared_domain,shared_domain
0.0,1.0,0.0,1.0,0.0,1.0,555,26,0.0,6623b08fa9efe18f4d85b4f4,shared_domain,shared_domain
0.0,0.0,0.0,1.0,0.0,1.0,-2,-2,1.0,6623b08fa9efe18f4d85b4f6,attackers_domain,attackers_domain
0.0,1.0,0.0,1.0,0.0,1.0,555,26,0.0,6623b090a9efe18f4d85b4f7,shared_domain,shared_domain
0.0,0.0,0.0,1.0,0.0,1.0,-1,7,0.0,6623b092a9efe18f4d85b4fd,attackers_domain,shared_domain
0.0,1.0,0.0,1.0,0.0,1.0,555,28,0.0,6623b096a9efe18f4d85b505,shared_domain,shared_domain
1.0,0.0,0.0,0.0,0.0,1.0,-2,-2,1.0,6623b097a9efe18f4d85b506,attackers_domain,attackers_domain
1.0,0.0,0.0,0.0,0.0,1.0,-2,-2,1.0,6623b097a9efe18f4d85b507,attackers_domain,attackers_domain
1.0,1.0,1.0,1.0,0.0,1.0,115,404,0.0,6623b098a9efe18f4d85b50a,shared_domain,shared_domain
1.0,1.0,1.0,1.0,0.0,1.0,115,404,0.0,6623b09ba9efe18f4d85b512,shared_domain,shared_domain
1.0,1.0,1.0,1.0,0.0,1.0,115,404,0.0,6623b09ba9efe18f4d85b514,shared_domain,shared_domain
1.0,1.0,1.0,1.0,0.0,1.0,115,404,0.0,6623b09ca9efe18f4d85b515,shared_domain,shared_domain
1.0,1.0,1.0,1.0,0.0,1.0,115,404,0.0,6623b0a1a9efe18f4d85b525,shared_domain,shared_domain
1.0,1.0,1.0,1.0,0.0,1.0,115,404,0.0,6623b0a1a9efe18f4d85b526,shared_domain,shared_domain
1.0,1.0,1.0,1.0,0.0,1.0,115,404,0.0,6623b0a1a9efe18f4d85b528,shared_domain,shared_domain
1.0,1.0,1.0,1.0,0.0,1.0,115,404,0.0,6623b0a4a9efe18f4d85b52f,shared_domain,shared_domain
1.0,1.0,1.0,1.0,0.0,1.0,115,404,0.0,6623b0a5a9efe18f4d85b535,shared_domain,shared_domain
1.0,1.0,1.0,1.0,0.0,1.0,115,404,0.0,6623b0a9a9efe18f4d85b541,shared_domain,shared_domain
1.0,1.0,1.0,1.0,0.0,1.0,115,404,0.0,6623b0aaa9efe18f4d85b543,shared_domain,shared_domain
1.0,1.0,1.0,1.0,0.0,1.0,115,404,0.0,6623b0aba9efe18f4d85b548,shared_domain,shared_domain
1.0,1.0,1.0,1.0,0.0,1.0,115,404,0.0,6623b0afa9efe18f4d85b556,shared_domain,shared_domain
1.0,0.0,0.0,0.0,1.0,0.0,-2,-2,1.0,6623b67ba9efe18f4d85b572,attackers_domain,attackers_domain
1.0,1.0,1.0,1.0,0.0,1.0,49,554,0.0,6623cc4aa9efe18f4d85b5cc,shared_domain,shared_domain
1.0,1.0,1.0,1.0,0.0,1.0,54,679,0.0,6623d4e9a9efe18f4d85b5f4,shared_domain,shared_domain
1.0,1.0,1.0,1.0,0.0,1.0,-1,203,0.0,6623d4e9a9efe18f4d85b5f5,shared_domain,shared_domain
1.0,1.0,1.0,1.0,0.0,1.0,-1,203,0.0,6623d72da9efe18f4d85b5f6,shared_domain,shared_domain
1.0,1.0,1.0,1.0,0.0,1.0,115,525,0.0,6623dacca9efe18f4d85b606,shared_domain,shared_domain
1.0,1.0,1.0,1.0,0.0,1.0,115,525,0.0,6623dacca9efe18f4d85b607,shared_domain,shared_domain
1.0,1.0,1.0,1.0,0.0,1.0,-1,203,0.0,6623de70a9efe18f4d85b60d,shared_domain,shared_domain
1.0,1.0,1.0,1.0,0.0,1.0,115,525,0.0,6623e21aa9efe18f4d85b617,shared_domain,shared_domain
0.0,1.0,0.0,1.0,0.0,1.0,42,14,0.0,6623f0bca9efe18f4d85b64b,shared_domain,shared_domain
0.0,1.0,0.0,1.0,0.0,1.0,42,60,0.0,6623f0bca9efe18f4d85b64c,shared_domain,shared_domain
0.0,1.0,0.0,1.0,0.0,1.0,42,43,0.0,6623f0bca9efe18f4d85b64d,shared_domain,shared_domain
1.0,0.0,0.0,1.0,0.0,0.0,-2,-2,1.0,6624008da9efe18f4d85b687,attackers_domain,attackers_domain
1.0,1.0,1.0,1.0,0.0,1.0,115,51,0.0,66240a46a9efe18f4d85b6b7,shared_domain,shared_domain
0.0,1.0,1.0,1.0,0.0,1.0,4,191,0.0,66240f2aa9efe18f4d85b6c8,shared_domain,shared_domain
1.0,1.0,0.0,1.0,0.0,1.0,430,159,0.0,66240f2aa9efe18f4d85b6cc,shared_domain,shared_domain
1.0,0.0,0.0,0.0,1.0,0.0,-2,-2,1.0,66240f2aa9efe18f4d85b6d1,attackers_domain,attackers_domain
1.0,1.0,1.0,1.0,0.0,1.0,652,250,0.0,66240f2aa9efe18f4d85b6df,shared_domain,shared_domain
0.0,1.0,0.0,1.0,0.0,1.0,1368,77,0.0,66240f2aa9efe18f4d85b6e3,shared_domain,shared_domain
1.0,1.0,0.0,1.0,0.0,1.0,2435,399,0.0,66240f2aa9efe18f4d85b6ef,shared_domain,shared_domain
1.0,1.0,1.0,1.0,0.0,1.0,54,208,0.0,6624117da9efe18f4d85b6f4,shared_domain,shared_domain
0.0,1.0,0.0,1.0,0.0,1.0,42,14,0.0,662418b1a9efe18f4d85b6f7,shared_domain,shared_domain
0.0,1.0,0.0,1.0,0.0,1.0,42,43,0.0,662418b1a9efe18f4d85b6fc,shared_domain,shared_domain
1.0,1.0,0.0,1.0,0.0,1.0,1289,142,0.0,66241c50a9efe18f4d85b708,shared_domain,shared_domain
1.0,1.0,0.0,1.0,0.0,0.0,-1,315,0.0,66241c50a9efe18f4d85b70b,compromised_domain,compromised_domain
1.0,1.0,0.0,1.0,0.0,0.0,-1,1146,1.0,66241c50a9efe18f4d85b70c,attackers_domain,attackers_domain
0.0,1.0,0.0,1.0,0.0,1.0,43,54,0.0,66241d83a9efe18f4d85b71c,shared_domain,shared_domain
1.0,1.0,1.0,1.0,0.0,1.0,-1,203,0.0,66241d83a9efe18f4d85b721,shared_domain,shared_domain
1.0,0.0,0.0,0.0,0.0,1.0,-2,-2,1.0,66242000a9efe18f4d85b72b,attackers_domain,attackers_domain
0.0,0.0,0.0,0.0,0.0,1.0,-2,-2,1.0,66242adaa9efe18f4d85b741,attackers_domain,attackers_domain
1.0,1.0,1.0,1.0,0.0,1.0,-1,204,0.0,66242adaa9efe18f4d85b742,shared_domain,shared_domain
1.0,1.0,0.0,1.0,0.0,1.0,2435,22,0.0,66242ca5a9efe18f4d85b74c,shared_domain,shared_domain
1.0,0.0,0.0,0.0,0.0,1.0,-2,-2,1.0,66242e73a9efe18f4d85b75b,attackers_domain,attackers_domain
1.0,0.0,0.0,1.0,0.0,1.0,-2,-2,1.0,662435a7a9efe18f4d85b776,attackers_domain,attackers_domain
1.0,1.0,0.0,1.0,0.0,1.0,197,52,0.0,66243aeca9efe18f4d85b791,shared_domain,shared_domain
1.0,0.0,0.0,1.0,0.0,0.0,-1,703,1.0,66243aeca9efe18f4d85b794,attackers_domain,attackers_domain
1.0,0.0,0.0,0.0,0.0,0.0,-2,-2,1.0,66243cf8a9efe18f4d85b79e,attackers_domain,attackers_domain
1.0,1.0,1.0,1.0,0.0,1.0,115,525,0.0,66243cf8a9efe18f4d85b7a9,shared_domain,shared_domain
1.0,0.0,0.0,1.0,1.0,0.0,-1,7,1.0,6624447ba9efe18f4d85b87f,attackers_domain,attackers_domain
1.0,0.0,0.0,1.0,1.0,0.0,-1,1106,1.0,6624447ba9efe18f4d85b881,attackers_domain,attackers_domain
1.0,1.0,1.0,1.0,0.0,1.0,370,92,0.0,66244978a9efe18f4d85b893,shared_domain,shared_domain
1.0,0.0,0.0,1.0,1.0,0.0,-1,12,1.0,662457d5a9efe18f4d85b8d5,attackers_domain,attackers_domain
1.0,1.0,1.0,1.0,0.0,1.0,115,76,0.0,662457e4a9efe18f4d85b904,shared_domain,shared_domain
0.0,1.0,0.0,1.0,0.0,1.0,0,24,0.0,662457e9a9efe18f4d85b910,shared_domain,shared_domain
0.0,1.0,0.0,1.0,0.0,1.0,42,83,0.0,662457eba9efe18f4d85b917,shared_domain,shared_domain
1.0,0.0,0.0,0.0,1.0,0.0,-2,-2,1.0,662457efa9efe18f4d85b924,attackers_domain,attackers_domain
1.0,1.0,0.0,1.0,0.0,0.0,-1,701,0.0,66245807a9efe18f4d85b957,compromised_domain,attackers_domain
0.0,1.0,1.0,1.0,0.0,1.0,378,162,0.0,66245809a9efe18f4d85b95d,shared_domain,shared_domain
1.0,1.0,1.0,1.0,0.0,1.0,4,206,0.0,66245809a9efe18f4d85b960,shared_domain,shared_domain
1.0,1.0,0.0,1.0,0.0,1.0,-2,-2,1.0,6624580ba9efe18f4d85b966,attackers_domain,attackers_domain
0.0,1.0,1.0,1.0,0.0,1.0,378,156,0.0,6624580ca9efe18f4d85b967,shared_domain,shared_domain
1.0,1.0,1.0,1.0,0.0,1.0,77,195,0.0,6624580ca9efe18f4d85b968,shared_domain,shared_domain
1.0,1.0,0.0,1.0,0.0,1.0,1073,70,0.0,6624580fa9efe18f4d85b96e,shared_domain,shared_domain
1.0,1.0,1.0,1.0,0.0,1.0,652,163,0.0,66245815a9efe18f4d85b973,shared_domain,shared_domain
0.0,1.0,1.0,1.0,0.0,1.0,378,165,0.0,66245819a9efe18f4d85b977,shared_domain,shared_domain
1.0,1.0,0.0,1.0,0.0,1.0,391,98,0.0,6624581da9efe18f4d85b97e,shared_domain,shared_domain
1.0,1.0,0.0,0.0,0.0,1.0,-2,-2,0.0,66245820a9efe18f4d85b984,shared_domain,shared_domain
0.0,1.0,1.0,1.0,0.0,1.0,378,150,0.0,66245824a9efe18f4d85b98d,shared_domain,shared_domain
0.0,0.0,0.0,0.0,0.0,1.0,-2,-2,,66245826a9efe18f4d85b990,attackers_domain,attackers_domain
1.0,1.0,0.0,1.0,0.0,1.0,1073,89,0.0,66245827a9efe18f4d85b993,shared_domain,shared_domain
1.0,1.0,1.0,1.0,0.0,1.0,115,525,0.0,6624582aa9efe18f4d85b99b,shared_domain,shared_domain
1.0,1.0,1.0,1.0,0.0,1.0,115,76,0.0,6624582fa9efe18f4d85b9a8,shared_domain,shared_domain
1.0,1.0,1.0,1.0,0.0,1.0,115,404,0.0,66245834a9efe18f4d85b9b7,shared_domain,shared_domain
1.0,1.0,1.0,1.0,0.0,1.0,115,404,0.0,66245834a9efe18f4d85b9b8,shared_domain,shared_domain
1.0,1.0,1.0,1.0,0.0,1.0,115,404,0.0,66245836a9efe18f4d85b9bc,shared_domain,shared_domain
0.0,1.0,0.0,1.0,0.0,1.0,387,130,0.0,6624583ba9efe18f4d85b9cc,shared_domain,shared_domain
1.0,1.0,1.0,1.0,0.0,1.0,115,404,0.0,66245842a9efe18f4d85b9e4,shared_domain,shared_domain
1.0,1.0,1.0,1.0,0.0,1.0,115,404,0.0,66245846a9efe18f4d85b9f2,shared_domain,shared_domain
1.0,1.0,1.0,1.0,0.0,1.0,115,404,0.0,66245848a9efe18f4d85b9f9,shared_domain,shared_domain
1.0,1.0,1.0,1.0,0.0,1.0,115,404,0.0,6624584ba9efe18f4d85ba02,shared_domain,shared_domain
1.0,1.0,1.0,1.0,0.0,1.0,115,404,0.0,6624584da9efe18f4d85ba08,shared_domain,shared_domain
1.0,1.0,1.0,1.0,0.0,1.0,115,404,0.0,6624584ea9efe18f4d85ba0a,shared_domain,shared_domain
1.0,1.0,1.0,1.0,0.0,1.0,225,185,0.0,66245850a9efe18f4d85ba10,shared_domain,shared_domain
1.0,1.0,1.0,1.0,0.0,1.0,115,38,0.0,66245850a9efe18f4d85ba12,shared_domain,shared_domain
1.0,1.0,1.0,1.0,0.0,1.0,115,404,0.0,66245852a9efe18f4d85ba18,shared_domain,shared_domain
1.0,1.0,1.0,1.0,0.0,1.0,115,404,0.0,66245853a9efe18f4d85ba1a,shared_domain,shared_domain
1.0,1.0,1.0,1.0,0.0,1.0,115,404,0.0,66245853a9efe18f4d85ba1b,shared_domain,shared_domain
1.0,1.0,1.0,1.0,0.0,1.0,115,404,0.0,66245855a9efe18f4d85ba20,shared_domain,shared_domain
1.0,1.0,1.0,1.0,0.0,1.0,115,404,0.0,66245856a9efe18f4d85ba22,shared_domain,shared_domain
1.0,1.0,1.0,1.0,0.0,1.0,115,404,0.0,66245857a9efe18f4d85ba26,shared_domain,shared_domain
1.0,1.0,1.0,1.0,0.0,1.0,115,404,0.0,66245857a9efe18f4d85ba28,shared_domain,shared_domain
1.0,1.0,1.0,1.0,0.0,1.0,115,404,0.0,6624585aa9efe18f4d85ba31,shared_domain,shared_domain
1.0,1.0,1.0,1.0,0.0,1.0,115,404,0.0,6624585ba9efe18f4d85ba32,shared_domain,shared_domain
1.0,1.0,1.0,1.0,0.0,1.0,115,404,0.0,6624585ba9efe18f4d85ba33,shared_domain,shared_domain
1.0,1.0,1.0,1.0,0.0,1.0,115,404,0.0,6624585ba9efe18f4d85ba34,shared_domain,shared_domain
1.0,1.0,1.0,1.0,0.0,1.0,115,404,0.0,6624585ea9efe18f4d85ba3c,shared_domain,shared_domain
1.0,1.0,1.0,1.0,0.0,1.0,115,404,0.0,66245860a9efe18f4d85ba44,shared_domain,shared_domain
1.0,1.0,1.0,1.0,0.0,1.0,115,404,0.0,66245861a9efe18f4d85ba48,shared_domain,shared_domain
0.0,1.0,0.0,1.0,0.0,1.0,387,130,0.0,66245864a9efe18f4d85ba50,shared_domain,shared_domain
1.0,0.0,0.0,0.0,1.0,0.0,-2,-2,1.0,66245a56a9efe18f4d85ba5c,attackers_domain,attackers_domain
1.0,1.0,1.0,1.0,0.0,1.0,115,48,0.0,66246458a9efe18f4d85c15a,shared_domain,shared_domain
1.0,1.0,1.0,1.0,0.0,1.0,115,70,0.0,662467e0a9efe18f4d85c1b6,shared_domain,shared_domain
0.0,1.0,0.0,1.0,0.0,1.0,42,44,0.0,66246f25a9efe18f4d85c1f4,shared_domain,shared_domain
0.0,1.0,0.0,1.0,0.0,1.0,42,44,0.0,66246f25a9efe18f4d85c1f5,shared_domain,shared_domain
1.0,1.0,1.0,1.0,0.0,1.0,115,48,0.0,66246f25a9efe18f4d85c1fe,shared_domain,shared_domain
1.0,0.0,0.0,0.0,1.0,0.0,-2,-2,1.0,66247680a9efe18f4d85c246,attackers_domain,attackers_domain
0.0,0.0,0.0,0.0,0.0,1.0,-2,-2,1.0,66247dbba9efe18f4d85c262,attackers_domain,attackers_domain
1.0,0.0,0.0,0.0,1.0,0.0,-2,-2,1.0,66247dbba9efe18f4d85c269,attackers_domain,attackers_domain
1.0,1.0,1.0,1.0,0.0,1.0,49,61,0.0,66247dbba9efe18f4d85c26b,shared_domain,shared_domain
1.0,1.0,1.0,1.0,0.0,1.0,115,48,0.0,66247dbba9efe18f4d85c26c,shared_domain,shared_domain
0.0,1.0,1.0,1.0,0.0,1.0,378,162,0.0,66247dbba9efe18f4d85c26d,shared_domain,shared_domain
1.0,1.0,1.0,1.0,0.0,1.0,115,48,0.0,66247dbba9efe18f4d85c27d,shared_domain,shared_domain
0.0,1.0,1.0,1.0,0.0,1.0,378,167,0.0,66247dbba9efe18f4d85c280,shared_domain,shared_domain
1.0,0.0,0.0,0.0,1.0,0.0,-2,-2,1.0,66248158a9efe18f4d85c28d,attackers_domain,attackers_domain
1.0,1.0,1.0,1.0,0.0,1.0,115,48,0.0,662488b8a9efe18f4d85c2b0,shared_domain,shared_domain
1.0,1.0,1.0,1.0,0.0,1.0,49,61,0.0,662488b9a9efe18f4d85c2bd,shared_domain,shared_domain
1.0,0.0,0.0,0.0,0.0,1.0,-2,-2,1.0,66248feba9efe18f4d85c2ca,attackers_domain,attackers_domain
1.0,0.0,0.0,0.0,0.0,1.0,-2,-2,1.0,66248feba9efe18f4d85c2d1,attackers_domain,attackers_domain
1.0,0.0,0.0,0.0,0.0,1.0,-2,-2,1.0,66248feba9efe18f4d85c2d3,attackers_domain,attackers_domain
0.0,1.0,1.0,1.0,0.0,1.0,378,141,0.0,66248feba9efe18f4d85c2da,shared_domain,shared_domain
1.0,1.0,1.0,1.0,0.0,1.0,115,48,0.0,66248feba9efe18f4d85c2dd,shared_domain,shared_domain
1.0,1.0,1.0,1.0,0.0,1.0,115,48,0.0,66249744a9efe18f4d85c2ec,shared_domain,shared_domain
1.0,1.0,0.0,1.0,1.0,0.0,527,24,0.0,66249744a9efe18f4d85c2ee,compromised_domain,compromised_domain
1.0,1.0,1.0,1.0,0.0,1.0,115,48,0.0,66249744a9efe18f4d85c2f7,shared_domain,shared_domain
1.0,1.0,1.0,1.0,0.0,1.0,115,48,0.0,66249e72a9efe18f4d85c310,shared_domain,shared_domain
1.0,1.0,1.0,1.0,0.0,1.0,49,554,0.0,66249e72a9efe18f4d85c315,shared_domain,shared_domain
1.0,1.0,1.0,1.0,0.0,1.0,115,48,0.0,66249e72a9efe18f4d85c319,shared_domain,shared_domain
1.0,1.0,1.0,1.0,0.0,1.0,115,48,0.0,6624a594a9efe18f4d85c327,shared_domain,shared_domain
1.0,1.0,1.0,1.0,0.0,1.0,115,48,0.0,6624a594a9efe18f4d85c32d,shared_domain,shared_domain
1.0,1.0,1.0,1.0,0.0,1.0,115,48,0.0,6624a594a9efe18f4d85c32e,shared_domain,shared_domain
1.0,1.0,1.0,1.0,0.0,1.0,115,48,0.0,6624a594a9efe18f4d85c32f,shared_domain,shared_domain
1.0,0.0,0.0,0.0,1.0,0.0,-2,-2,1.0,6624acd4a9efe18f4d85c340,attackers_domain,attackers_domain
1.0,1.0,1.0,1.0,0.0,1.0,115,44,0.0,6624acd4a9efe18f4d85c342,shared_domain,shared_domain
1.0,1.0,1.0,1.0,0.0,1.0,115,44,0.0,6624acd4a9efe18f4d85c343,shared_domain,shared_domain
0.0,1.0,0.0,1.0,0.0,1.0,387,130,0.0,6624ae16a9efe18f4d85c34f,shared_domain,shared_domain
1.0,0.0,0.0,0.0,0.0,0.0,-2,-2,1.0,6624b430a9efe18f4d85c35b,attackers_domain,attackers_domain
1.0,1.0,1.0,1.0,0.0,1.0,4,196,0.0,6624bc9ca9efe18f4d85c3c7,shared_domain,shared_domain
1.0,1.0,1.0,1.0,0.0,1.0,77,159,0.0,6624bc9ca9efe18f4d85c3c9,shared_domain,shared_domain
1.0,1.0,1.0,1.0,0.0,1.0,115,48,0.0,6624c2b4a9efe18f4d85c3dc,shared_domain,shared_domain
1.0,1.0,1.0,1.0,0.0,1.0,115,48,0.0,6624c2b5a9efe18f4d85c3e3,shared_domain,shared_domain
1.0,1.0,1.0,1.0,0.0,1.0,115,48,0.0,6624c9eba9efe18f4d85c3e8,shared_domain,shared_domain
1.0,1.0,1.0,1.0,0.0,1.0,115,48,0.0,6624c9eba9efe18f4d85c3eb,shared_domain,shared_domain
1.0,1.0,1.0,1.0,0.0,1.0,115,48,0.0,6624c9eba9efe18f4d85c3ec,shared_domain,shared_domain
1.0,1.0,1.0,1.0,0.0,1.0,115,48,0.0,6624c9eba9efe18f4d85c3ef,shared_domain,shared_domain
1.0,1.0,1.0,1.0,0.0,1.0,115,48,0.0,6624d10ea9efe18f4d85c3f9,shared_domain,shared_domain
1.0,1.0,1.0,1.0,0.0,1.0,115,48,0.0,6624d10ea9efe18f4d85c405,shared_domain,shared_domain
1.0,1.0,1.0,1.0,0.0,1.0,115,48,0.0,6624d848a9efe18f4d85c415,shared_domain,shared_domain
1.0,1.0,1.0,1.0,0.0,1.0,115,44,0.0,6624d848a9efe18f4d85c41e,shared_domain,shared_domain
1.0,1.0,0.0,1.0,0.0,1.0,1995,119,0.0,6624df71a9efe18f4d85c41f,shared_domain,shared_domain
1.0,1.0,0.0,1.0,0.0,1.0,1330,56,,6624e81ba9efe18f4d85c431,shared_domain,shared_domain
0.0,1.0,0.0,1.0,0.0,1.0,82,3783,0.0,6624e81ba9efe18f4d85c432,shared_domain,shared_domain
1.0,1.0,1.0,1.0,0.0,1.0,49,47,0.0,6624e81ba9efe18f4d85c433,shared_domain,shared_domain
1.0,1.0,0.0,1.0,0.0,1.0,2435,301,0.0,6624e81ba9efe18f4d85c435,shared_domain,shared_domain
1.0,1.0,0.0,1.0,0.0,1.0,1995,118,0.0,6624ea5fa9efe18f4d85c438,shared_domain,shared_domain
1.0,1.0,1.0,1.0,0.0,1.0,115,48,0.0,6624ee08a9efe18f4d85c43c,shared_domain,shared_domain
0.0,1.0,0.0,1.0,0.0,1.0,42,48,0.0,66250196a9efe18f4d85c474,shared_domain,shared_domain
0.0,1.0,0.0,1.0,0.0,1.0,304,565,0.0,66250197a9efe18f4d85c478,shared_domain,shared_domain
1.0,1.0,1.0,1.0,0.0,1.0,72,79,0.0,6625019ea9efe18f4d85c491,shared_domain,shared_domain
1.0,0.0,0.0,0.0,0.0,1.0,-2,-2,1.0,6625019fa9efe18f4d85c492,attackers_domain,attackers_domain
0.0,1.0,1.0,1.0,0.0,1.0,378,120,0.0,662501a0a9efe18f4d85c498,shared_domain,shared_domain
1.0,1.0,1.0,1.0,0.0,1.0,370,63,0.0,662501a2a9efe18f4d85c49c,shared_domain,shared_domain
1.0,1.0,1.0,1.0,0.0,1.0,652,1144,0.0,662501a7a9efe18f4d85c4ab,shared_domain,shared_domain
0.0,1.0,1.0,1.0,0.0,1.0,378,174,0.0,662501c5a9efe18f4d85c4dd,shared_domain,shared_domain
0.0,1.0,1.0,1.0,0.0,1.0,378,152,0.0,662501c6a9efe18f4d85c4e0,shared_domain,shared_domain
0.0,0.0,0.0,0.0,0.0,1.0,-2,-2,1.0,662501daa9efe18f4d85c50b,attackers_domain,attackers_domain
1.0,0.0,0.0,1.0,1.0,0.0,-2,-2,1.0,662501dba9efe18f4d85c510,attackers_domain,attackers_domain
0.0,1.0,1.0,1.0,0.0,1.0,378,150,0.0,662501dfa9efe18f4d85c51c,shared_domain,shared_domain
1.0,1.0,1.0,1.0,0.0,1.0,4,48,0.0,662501e2a9efe18f4d85c528,shared_domain,shared_domain
1.0,1.0,0.0,1.0,0.0,0.0,4432,566,0.0,662501eaa9efe18f4d85c53f,shared_domain,shared_domain
0.0,1.0,1.0,1.0,0.0,1.0,378,151,0.0,662501eda9efe18f4d85c549,shared_domain,shared_domain
0.0,0.0,0.0,0.0,0.0,1.0,-2,-2,1.0,662501f7a9efe18f4d85c55b,attackers_domain,attackers_domain
1.0,1.0,1.0,1.0,0.0,1.0,115,525,0.0,662501fda9efe18f4d85c569,shared_domain,shared_domain
0.0,0.0,0.0,1.0,0.0,1.0,-1,7,0.0,66250200a9efe18f4d85c571,attackers_domain,shared_domain
1.0,1.0,1.0,1.0,0.0,1.0,370,63,0.0,66250201a9efe18f4d85c574,shared_domain,shared_domain
1.0,1.0,0.0,1.0,0.0,1.0,2435,127,0.0,66250202a9efe18f4d85c578,shared_domain,shared_domain
0.0,0.0,0.0,0.0,0.0,1.0,-2,-2,1.0,66250202a9efe18f4d85c579,attackers_domain,attackers_domain
1.0,0.0,0.0,1.0,1.0,0.0,-1,1459,1.0,66250204a9efe18f4d85c580,attackers_domain,attackers_domain
0.0,1.0,1.0,1.0,0.0,1.0,378,174,0.0,66250205a9efe18f4d85c581,shared_domain,shared_domain
1.0,0.0,0.0,0.0,0.0,1.0,-2,-2,1.0,66250212a9efe18f4d85c5b1,attackers_domain,attackers_domain
0.0,1.0,0.0,1.0,0.0,1.0,211,186,0.0,66250218a9efe18f4d85c5c5,shared_domain,shared_domain
1.0,1.0,1.0,1.0,0.0,1.0,115,48,0.0,66250e91a9efe18f4d85c61d,shared_domain,shared_domain
1.0,1.0,0.0,1.0,0.0,0.0,-1,97,1.0,66250e91a9efe18f4d85c61e,attackers_domain,attackers_domain
0.0,1.0,1.0,1.0,0.0,1.0,378,377,0.0,66251368a9efe18f4d85c635,shared_domain,shared_domain
1.0,1.0,1.0,1.0,0.0,1.0,115,525,0.0,66252434a9efe18f4d85c69e,shared_domain,shared_domain
1.0,1.0,1.0,1.0,0.0,1.0,115,525,0.0,66252434a9efe18f4d85c6a1,shared_domain,shared_domain
0.0,0.0,0.0,0.0,0.0,1.0,-2,-2,1.0,662527d2a9efe18f4d85c6b0,attackers_domain,attackers_domain
0.0,0.0,0.0,0.0,0.0,1.0,-2,-2,1.0,662527d2a9efe18f4d85c6b5,attackers_domain,attackers_domain
0.0,0.0,0.0,0.0,0.0,1.0,-2,-2,1.0,66252b79a9efe18f4d85c6b6,attackers_domain,attackers_domain
0.0,0.0,0.0,0.0,0.0,1.0,-2,-2,1.0,66252b79a9efe18f4d85c6c8,attackers_domain,attackers_domain
0.0,0.0,0.0,0.0,0.0,1.0,-2,-2,1.0,66252b79a9efe18f4d85c6c9,attackers_domain,attackers_domain
0.0,0.0,0.0,0.0,0.0,1.0,-2,-2,1.0,66252b79a9efe18f4d85c6ca,attackers_domain,attackers_domain
0.0,0.0,0.0,0.0,0.0,1.0,-2,-2,1.0,66252b79a9efe18f4d85c6cc,attackers_domain,attackers_domain
0.0,0.0,0.0,0.0,0.0,1.0,-2,-2,1.0,66252b7aa9efe18f4d85c6d0,attackers_domain,attackers_domain
1.0,1.0,1.0,1.0,0.0,1.0,72,96,0.0,66252b7aa9efe18f4d85c6d3,shared_domain,shared_domain
1.0,1.0,1.0,1.0,0.0,1.0,49,595,0.0,66252b7aa9efe18f4d85c6dc,shared_domain,shared_domain
0.0,0.0,0.0,0.0,0.0,1.0,-2,-2,1.0,66252f1ca9efe18f4d85c6e1,attackers_domain,attackers_domain
1.0,0.0,0.0,0.0,0.0,1.0,-2,-2,1.0,66252f1ca9efe18f4d85c6e9,attackers_domain,attackers_domain
0.0,0.0,0.0,0.0,0.0,1.0,-2,-2,1.0,662532c0a9efe18f4d85c7b8,attackers_domain,attackers_domain
0.0,0.0,0.0,0.0,0.0,1.0,-2,-2,1.0,662532c0a9efe18f4d85c7b9,attackers_domain,attackers_domain
1.0,1.0,1.0,1.0,0.0,1.0,115,525,0.0,662532c0a9efe18f4d85c7c9,shared_domain,shared_domain
1.0,0.0,0.0,0.0,0.0,1.0,-2,-2,1.0,662532c0a9efe18f4d85c7cb,attackers_domain,attackers_domain
1.0,1.0,1.0,1.0,0.0,1.0,115,57,0.0,662532c0a9efe18f4d85c7d5,shared_domain,shared_domain
0.0,0.0,0.0,0.0,0.0,1.0,-2,-2,1.0,662532c0a9efe18f4d85c7de,attackers_domain,attackers_domain
0.0,0.0,0.0,0.0,0.0,1.0,-2,-2,1.0,662532c0a9efe18f4d85c7e5,attackers_domain,attackers_domain
0.0,0.0,0.0,0.0,0.0,1.0,-2,-2,1.0,662532c0a9efe18f4d85c7eb,attackers_domain,attackers_domain
1.0,1.0,1.0,1.0,0.0,1.0,115,525,0.0,662539f0a9efe18f4d85c80e,shared_domain,shared_domain
0.0,0.0,0.0,0.0,0.0,1.0,-2,-2,1.0,662539f0a9efe18f4d85c813,attackers_domain,attackers_domain
0.0,1.0,1.0,1.0,0.0,1.0,378,176,0.0,662539f0a9efe18f4d85c824,shared_domain,shared_domain
0.0,1.0,1.0,1.0,0.0,1.0,378,167,0.0,662539f0a9efe18f4d85c826,shared_domain,shared_domain
0.0,1.0,1.0,1.0,0.0,1.0,77,157,0.0,66253ecea9efe18f4d85c82f,shared_domain,shared_domain
1.0,1.0,1.0,1.0,0.0,1.0,54,197,0.0,66253ecea9efe18f4d85c832,shared_domain,shared_domain
0.0,1.0,0.0,1.0,0.0,1.0,169,197,0.0,66253ecea9efe18f4d85c838,shared_domain,shared_domain
0.0,1.0,1.0,1.0,0.0,1.0,72,95,0.0,66253ecea9efe18f4d85c83c,shared_domain,shared_domain
0.0,1.0,1.0,1.0,0.0,1.0,72,96,0.0,66253ecea9efe18f4d85c83e,shared_domain,shared_domain
0.0,0.0,0.0,0.0,0.0,1.0,-2,-2,1.0,66254118a9efe18f4d85c858,attackers_domain,attackers_domain
1.0,0.0,0.0,0.0,0.0,1.0,-2,-2,1.0,66254118a9efe18f4d85c85a,attackers_domain,attackers_domain
0.0,1.0,1.0,1.0,0.0,1.0,72,106,0.0,662544afa9efe18f4d85c863,shared_domain,shared_domain
1.0,1.0,1.0,1.0,0.0,1.0,115,525,0.0,6625485aa9efe18f4d85c871,shared_domain,shared_domain
0.0,1.0,0.0,1.0,0.0,1.0,42,44,0.0,6625485aa9efe18f4d85c876,shared_domain,shared_domain
1.0,1.0,0.0,0.0,1.0,0.0,-2,-2,1.0,6625485aa9efe18f4d85c879,attackers_domain,attackers_domain
1.0,1.0,1.0,1.0,0.0,1.0,115,48,0.0,66254f7ca9efe18f4d85c88f,shared_domain,shared_domain
1.0,1.0,1.0,1.0,0.0,1.0,115,525,0.0,662556b4a9efe18f4d85c89a,shared_domain,shared_domain
1.0,1.0,1.0,1.0,0.0,1.0,652,41,0.0,66255b90a9efe18f4d85c8a7,shared_domain,shared_domain
1.0,1.0,0.0,1.0,0.0,0.0,-1,32,0.0,66255b90a9efe18f4d85c8ad,compromised_domain,compromised_domain
0.0,1.0,0.0,1.0,0.0,1.0,42,31,0.0,66255b90a9efe18f4d85c8ae,shared_domain,shared_domain
1.0,1.0,1.0,1.0,0.0,1.0,49,554,0.0,66255b90a9efe18f4d85c8af,shared_domain,shared_domain
0.0,1.0,1.0,1.0,0.0,1.0,4,183,0.0,66255b90a9efe18f4d85c8b0,shared_domain,shared_domain
0.0,1.0,0.0,1.0,0.0,1.0,304,66,0.0,66255b90a9efe18f4d85c8b8,shared_domain,shared_domain
1.0,1.0,1.0,1.0,0.0,1.0,115,48,0.0,66255e12a9efe18f4d85c8c6,shared_domain,shared_domain
1.0,1.0,1.0,1.0,0.0,1.0,115,48,0.0,66255e12a9efe18f4d85c8c7,shared_domain,shared_domain
1.0,1.0,0.0,1.0,0.0,1.0,0,40,0.0,662568eca9efe18f4d85c8e3,shared_domain,shared_domain
1.0,1.0,1.0,1.0,0.0,1.0,49,49,0.0,662568eca9efe18f4d85c8e5,shared_domain,shared_domain
1.0,1.0,1.0,1.0,0.0,1.0,49,554,0.0,66256ca9a9efe18f4d85c8f4,shared_domain,shared_domain
1.0,1.0,1.0,1.0,0.0,1.0,49,554,0.0,66256ca9a9efe18f4d85c8f9,shared_domain,shared_domain
0.0,1.0,1.0,1.0,0.0,1.0,378,174,0.0,66256ca9a9efe18f4d85c8fe,shared_domain,shared_domain
1.0,0.0,0.0,0.0,0.0,1.0,-2,-2,1.0,66256ca9a9efe18f4d85c8ff,attackers_domain,attackers_domain
0.0,1.0,1.0,1.0,0.0,1.0,378,171,0.0,66256caaa9efe18f4d85c910,shared_domain,shared_domain
1.0,0.0,0.0,0.0,0.0,1.0,-2,-2,1.0,662573d4a9efe18f4d85c91a,attackers_domain,attackers_domain
1.0,1.0,1.0,1.0,0.0,1.0,49,554,0.0,66257eb0a9efe18f4d85c95f,shared_domain,shared_domain
1.0,1.0,1.0,1.0,0.0,1.0,115,70,0.0,662585dfa9efe18f4d85c976,shared_domain,shared_domain
1.0,0.0,0.0,0.0,0.0,1.0,-2,-2,1.0,662585dfa9efe18f4d85c977,attackers_domain,attackers_domain
1.0,1.0,1.0,1.0,0.0,1.0,115,48,0.0,662585dfa9efe18f4d85c979,shared_domain,shared_domain
1.0,1.0,1.0,1.0,0.0,1.0,115,48,0.0,662585dfa9efe18f4d85c97a,shared_domain,shared_domain
1.0,0.0,0.0,0.0,0.0,1.0,-2,-2,1.0,66258d02a9efe18f4d85c9d4,attackers_domain,attackers_domain
1.0,0.0,0.0,0.0,0.0,1.0,-2,-2,1.0,66258d02a9efe18f4d85c9d6,attackers_domain,attackers_domain
1.0,0.0,0.0,0.0,0.0,1.0,-2,-2,1.0,66259444a9efe18f4d85ca0f,attackers_domain,attackers_domain
0.0,1.0,1.0,1.0,0.0,1.0,378,153,0.0,66259444a9efe18f4d85ca10,shared_domain,shared_domain
1.0,1.0,1.0,1.0,0.0,1.0,115,319,0.0,66259588a9efe18f4d85ca11,shared_domain,shared_domain
1.0,1.0,1.0,1.0,0.0,1.0,115,226,0.0,66259b70a9efe18f4d85ca29,shared_domain,shared_domain
1.0,0.0,0.0,0.0,0.0,1.0,-2,-2,1.0,66259b70a9efe18f4d85ca31,attackers_domain,attackers_domain
1.0,1.0,1.0,1.0,0.0,1.0,-1,203,0.0,66259b70a9efe18f4d85ca35,shared_domain,shared_domain
0.0,1.0,0.0,1.0,0.0,1.0,42,60,0.0,6625a2aca9efe18f4d85ca3e,shared_domain,shared_domain
1.0,1.0,0.0,1.0,0.0,1.0,1995,158,0.0,6625a8e0a9efe18f4d85ca5a,shared_domain,shared_domain
1.0,1.0,0.0,1.0,0.0,1.0,1995,141,0.0,6625a8e3a9efe18f4d85ca66,shared_domain,shared_domain
1.0,1.0,1.0,1.0,0.0,1.0,115,404,0.0,6625a8f1a9efe18f4d85ca94,shared_domain,shared_domain
1.0,1.0,1.0,1.0,0.0,1.0,115,404,0.0,6625a8f4a9efe18f4d85ca9e,shared_domain,shared_domain
1.0,1.0,0.0,1.0,0.0,1.0,1995,141,0.0,6625a8f8a9efe18f4d85caae,shared_domain,shared_domain
1.0,1.0,0.0,1.0,0.0,1.0,1995,141,0.0,6625a8f8a9efe18f4d85caaf,shared_domain,shared_domain
1.0,1.0,0.0,1.0,0.0,1.0,1995,141,0.0,6625a8f9a9efe18f4d85cab2,shared_domain,shared_domain
1.0,1.0,0.0,1.0,0.0,1.0,1995,141,0.0,6625a8faa9efe18f4d85cab5,shared_domain,shared_domain
1.0,1.0,0.0,1.0,0.0,1.0,1995,141,0.0,6625a8fba9efe18f4d85cab7,shared_domain,shared_domain
1.0,1.0,0.0,1.0,0.0,1.0,1995,141,0.0,6625a8fba9efe18f4d85cab8,shared_domain,shared_domain
1.0,1.0,0.0,1.0,0.0,1.0,1995,141,0.0,6625a8fda9efe18f4d85cabf,shared_domain,shared_domain
1.0,1.0,0.0,1.0,0.0,1.0,1995,141,0.0,6625a8fda9efe18f4d85cac0,shared_domain,shared_domain
1.0,1.0,0.0,1.0,0.0,1.0,1995,158,0.0,6625a900a9efe18f4d85cacb,shared_domain,shared_domain
1.0,1.0,0.0,1.0,0.0,1.0,1995,158,0.0,6625a901a9efe18f4d85cacd,shared_domain,shared_domain
1.0,1.0,0.0,1.0,0.0,1.0,1995,156,0.0,6625a901a9efe18f4d85cace,shared_domain,shared_domain
0.0,0.0,0.0,0.0,0.0,1.0,-2,-2,1.0,6625a90fa9efe18f4d85caf9,attackers_domain,attackers_domain
0.0,1.0,0.0,1.0,0.0,1.0,211,186,0.0,6625a911a9efe18f4d85cb00,shared_domain,shared_domain
1.0,1.0,0.0,1.0,0.0,0.0,211,32,0.0,6625a911a9efe18f4d85cb01,shared_domain,shared_domain
1.0,1.0,1.0,1.0,0.0,1.0,115,404,0.0,6625a914a9efe18f4d85cb0a,shared_domain,shared_domain
0.0,1.0,0.0,1.0,0.0,1.0,304,100,0.0,6625a91ba9efe18f4d85cb20,shared_domain,shared_domain
1.0,1.0,1.0,1.0,0.0,1.0,652,90,0.0,6625a91ca9efe18f4d85cb22,shared_domain,shared_domain
1.0,1.0,1.0,1.0,0.0,1.0,115,404,0.0,6625a91ea9efe18f4d85cb2a,shared_domain,shared_domain
1.0,1.0,1.0,1.0,0.0,1.0,115,404,0.0,6625a91fa9efe18f4d85cb2d,shared_domain,shared_domain
1.0,1.0,1.0,1.0,0.0,1.0,115,404,0.0,6625a921a9efe18f4d85cb35,shared_domain,shared_domain
1.0,1.0,1.0,1.0,0.0,1.0,115,404,0.0,6625a928a9efe18f4d85cb4d,shared_domain,shared_domain
1.0,1.0,1.0,1.0,0.0,1.0,115,404,0.0,6625a92aa9efe18f4d85cb55,shared_domain,shared_domain
1.0,1.0,1.0,1.0,0.0,1.0,115,404,0.0,6625a930a9efe18f4d85cb6b,shared_domain,shared_domain
1.0,1.0,1.0,1.0,0.0,1.0,115,404,0.0,6625a934a9efe18f4d85cb7a,shared_domain,shared_domain
1.0,1.0,1.0,1.0,0.0,1.0,115,525,0.0,6625a937a9efe18f4d85cb86,shared_domain,shared_domain
1.0,1.0,1.0,1.0,0.0,1.0,115,404,0.0,6625a93aa9efe18f4d85cb8e,shared_domain,shared_domain
1.0,0.0,0.0,1.0,1.0,0.0,-1,1053,1.0,6625a93ba9efe18f4d85cb92,attackers_domain,attackers_domain
0.0,0.0,0.0,0.0,0.0,1.0,-2,-2,1.0,6625a93fa9efe18f4d85cb9a,attackers_domain,attackers_domain
1.0,0.0,0.0,0.0,0.0,1.0,-2,-2,1.0,6625a93fa9efe18f4d85cb9c,attackers_domain,attackers_domain
1.0,0.0,0.0,0.0,0.0,1.0,-2,-2,1.0,6625a940a9efe18f4d85cb9e,attackers_domain,attackers_domain
0.0,1.0,0.0,1.0,0.0,1.0,304,100,0.0,6625a945a9efe18f4d85cba5,shared_domain,shared_domain
1.0,1.0,1.0,1.0,0.0,1.0,225,184,0.0,6625a946a9efe18f4d85cba7,shared_domain,shared_domain
0.0,1.0,1.0,1.0,0.0,1.0,378,224,0.0,6625a947a9efe18f4d85cba9,shared_domain,shared_domain
1.0,1.0,1.0,1.0,0.0,1.0,115,287,0.0,6625a94aa9efe18f4d85cbb1,shared_domain,shared_domain
0.0,1.0,1.0,1.0,0.0,1.0,378,171,0.0,6625a94ca9efe18f4d85cbb3,shared_domain,shared_domain
0.0,1.0,1.0,1.0,0.0,1.0,378,138,0.0,6625a94ca9efe18f4d85cbb4,shared_domain,shared_domain
1.0,1.0,1.0,1.0,0.0,1.0,115,404,0.0,6625a94da9efe18f4d85cbb7,shared_domain,shared_domain
1.0,1.0,1.0,1.0,0.0,1.0,115,404,0.0,6625a94fa9efe18f4d85cbbd,shared_domain,shared_domain
1.0,1.0,1.0,1.0,0.0,1.0,225,194,0.0,6625a952a9efe18f4d85cbc7,shared_domain,shared_domain
0.0,0.0,0.0,1.0,0.0,1.0,4,192,1.0,6625a956a9efe18f4d85cbd0,attackers_domain,attackers_domain
0.0,1.0,1.0,1.0,0.0,1.0,378,198,0.0,6625a95aa9efe18f4d85cbd6,shared_domain,shared_domain
1.0,1.0,1.0,1.0,0.0,1.0,115,404,0.0,6625a95ca9efe18f4d85cbdb,shared_domain,shared_domain
1.0,1.0,1.0,1.0,0.0,1.0,115,404,0.0,6625a95ea9efe18f4d85cbe1,shared_domain,shared_domain
1.0,1.0,1.0,1.0,0.0,1.0,115,404,0.0,6625a960a9efe18f4d85cbe9,shared_domain,shared_domain
1.0,1.0,1.0,1.0,0.0,1.0,115,404,0.0,6625a962a9efe18f4d85cbec,shared_domain,shared_domain
0.0,1.0,0.0,1.0,0.0,1.0,1995,128,0.0,6625b139a9efe18f4d85cc0d,shared_domain,shared_domain
1.0,0.0,0.0,0.0,0.0,1.0,-2,-2,1.0,6625b13aa9efe18f4d85cc29,attackers_domain,attackers_domain
1.0,1.0,1.0,1.0,0.0,1.0,72,95,0.0,6625b285a9efe18f4d85cc32,shared_domain,shared_domain
1.0,1.0,1.0,1.0,0.0,1.0,54,197,0.0,6625b285a9efe18f4d85cc34,shared_domain,shared_domain
1.0,1.0,0.0,1.0,0.0,1.0,336,72,0.0,6625b285a9efe18f4d85cc37,shared_domain,shared_domain
1.0,1.0,0.0,1.0,0.0,1.0,430,164,0.0,6625b285a9efe18f4d85cc41,shared_domain,shared_domain
1.0,0.0,0.0,1.0,0.0,0.0,-2,-2,1.0,6625b285a9efe18f4d85cc43,attackers_domain,attackers_domain
1.0,0.0,0.0,1.0,1.0,0.0,-2,-2,1.0,6625b28aa9efe18f4d85cc51,attackers_domain,attackers_domain
1.0,0.0,0.0,1.0,0.0,0.0,-2,-2,1.0,6625b28aa9efe18f4d85cc53,attackers_domain,attackers_domain
1.0,1.0,0.0,1.0,0.0,1.0,42,60,0.0,6625b868a9efe18f4d85cc5d,shared_domain,shared_domain
1.0,1.0,1.0,1.0,0.0,1.0,72,94,0.0,6625c0cfa9efe18f4d85cd49,shared_domain,shared_domain
0.0,1.0,0.0,1.0,0.0,1.0,42,14,0.0,6625c6ffa9efe18f4d85cd81,shared_domain,shared_domain
0.0,0.0,0.0,0.0,0.0,1.0,-2,-2,1.0,6625d1f4a9efe18f4d85cdd6,attackers_domain,attackers_domain
0.0,0.0,0.0,0.0,0.0,1.0,-2,-2,1.0,6625d1f4a9efe18f4d85cdd7,attackers_domain,attackers_domain
0.0,0.0,0.0,0.0,0.0,1.0,-2,-2,1.0,6625d1f4a9efe18f4d85cdd9,attackers_domain,attackers_domain
0.0,1.0,0.0,1.0,0.0,1.0,42,127,0.0,6625dccfa9efe18f4d85cded,shared_domain,shared_domain
0.0,1.0,0.0,1.0,0.0,1.0,42,52,0.0,6625dccfa9efe18f4d85cdf8,shared_domain,shared_domain
1.0,1.0,1.0,1.0,0.0,1.0,225,446,0.0,6625eb63a9efe18f4d85ce29,shared_domain,shared_domain
1.0,0.0,0.0,0.0,1.0,0.0,-2,-2,1.0,6625f659a9efe18f4d85ce5e,attackers_domain,attackers_domain
1.0,1.0,1.0,1.0,0.0,1.0,49,554,0.0,6625fda6a9efe18f4d85ce7d,shared_domain,shared_domain
1.0,1.0,1.0,1.0,0.0,1.0,49,554,0.0,6625fda7a9efe18f4d85ce85,shared_domain,shared_domain
1.0,0.0,0.0,0.0,0.0,1.0,-2,-2,1.0,662604fea9efe18f4d85ce98,attackers_domain,attackers_domain
0.0,1.0,0.0,1.0,0.0,1.0,304,196,0.0,66260895a9efe18f4d85cea8,shared_domain,shared_domain
1.0,1.0,1.0,1.0,0.0,1.0,115,336,0.0,662609e8a9efe18f4d85ced2,shared_domain,shared_domain
1.0,0.0,0.0,0.0,1.0,0.0,-2,-2,1.0,662609e9a9efe18f4d85cf10,attackers_domain,attackers_domain
1.0,0.0,0.0,0.0,0.0,1.0,-2,-2,1.0,662609e9a9efe18f4d85cf1b,attackers_domain,attackers_domain
1.0,0.0,0.0,0.0,0.0,1.0,-2,-2,1.0,662609e9a9efe18f4d85cf1f,attackers_domain,attackers_domain
0.0,0.0,0.0,0.0,0.0,1.0,-2,-2,1.0,662609e9a9efe18f4d85cf20,attackers_domain,attackers_domain
1.0,1.0,1.0,1.0,0.0,1.0,49,61,0.0,662609e9a9efe18f4d85cf48,shared_domain,shared_domain
1.0,1.0,1.0,1.0,0.0,1.0,49,43,0.0,662609e9a9efe18f4d85cf49,shared_domain,shared_domain
1.0,1.0,1.0,1.0,0.0,1.0,49,61,0.0,662609e9a9efe18f4d85cf4c,shared_domain,shared_domain
0.0,1.0,0.0,1.0,0.0,1.0,211,130,1.0,662609e9a9efe18f4d85cf56,attackers_domain,attackers_domain
0.0,0.0,0.0,0.0,0.0,1.0,-2,-2,1.0,662609eaa9efe18f4d85cf79,attackers_domain,attackers_domain
0.0,0.0,0.0,0.0,0.0,1.0,-2,-2,1.0,662609eaa9efe18f4d85cf81,attackers_domain,attackers_domain
0.0,0.0,0.0,0.0,0.0,1.0,-2,-2,1.0,662609eaa9efe18f4d85cf83,attackers_domain,attackers_domain
0.0,0.0,0.0,0.0,0.0,1.0,-2,-2,1.0,662609eaa9efe18f4d85cf84,attackers_domain,attackers_domain
1.0,0.0,0.0,1.0,0.0,0.0,7,900,1.0,662609eaa9efe18f4d85cf96,attackers_domain,attackers_domain
1.0,0.0,0.0,1.0,1.0,0.0,-2,-2,1.0,662609eaa9efe18f4d85cfa1,attackers_domain,attackers_domain
0.0,0.0,0.0,1.0,0.0,1.0,-2,-2,1.0,662609eaa9efe18f4d85cfa7,attackers_domain,attackers_domain
1.0,0.0,0.0,1.0,0.0,1.0,71,207,1.0,662609eaa9efe18f4d85cfb2,attackers_domain,attackers_domain
0.0,0.0,0.0,0.0,0.0,1.0,-2,-2,1.0,662609eaa9efe18f4d85cfb4,attackers_domain,attackers_domain
0.0,0.0,0.0,1.0,0.0,1.0,5,255,1.0,662609eaa9efe18f4d85cfb8,attackers_domain,attackers_domain
1.0,0.0,0.0,0.0,0.0,1.0,-2,-2,1.0,662609eaa9efe18f4d85cfc4,attackers_domain,attackers_domain
1.0,1.0,1.0,1.0,0.0,1.0,115,55,0.0,662609eaa9efe18f4d85cfc9,shared_domain,shared_domain
1.0,1.0,1.0,1.0,0.0,1.0,115,55,0.0,662609eaa9efe18f4d85cfcc,shared_domain,shared_domain
1.0,1.0,1.0,1.0,0.0,1.0,115,55,0.0,662609eaa9efe18f4d85cfd2,shared_domain,shared_domain
1.0,1.0,1.0,1.0,0.0,1.0,115,55,0.0,662609eaa9efe18f4d85cfd5,shared_domain,shared_domain
1.0,1.0,1.0,1.0,0.0,1.0,115,55,0.0,662609eaa9efe18f4d85cfd8,shared_domain,shared_domain
1.0,1.0,1.0,1.0,0.0,1.0,115,55,0.0,662609eaa9efe18f4d85cfe7,shared_domain,shared_domain
1.0,1.0,1.0,1.0,0.0,1.0,115,55,0.0,662609eaa9efe18f4d85cfe9,shared_domain,shared_domain
1.0,1.0,1.0,1.0,0.0,1.0,115,55,0.0,662609eaa9efe18f4d85cfed,shared_domain,shared_domain
1.0,1.0,1.0,1.0,0.0,1.0,115,55,0.0,662609eaa9efe18f4d85cff6,shared_domain,shared_domain
1.0,1.0,1.0,1.0,0.0,1.0,115,55,0.0,662609eba9efe18f4d85d009,shared_domain,shared_domain
1.0,1.0,1.0,1.0,0.0,1.0,115,45,0.0,662609eba9efe18f4d85d00c,shared_domain,shared_domain
1.0,0.0,0.0,1.0,0.0,0.0,201,135,,662609eca9efe18f4d85d016,shared_domain,shared_domain
1.0,1.0,0.0,0.0,0.0,1.0,-2,-2,1.0,66260c36a9efe18f4d85d01f,attackers_domain,attackers_domain
1.0,1.0,1.0,1.0,0.0,1.0,49,47,0.0,66260c36a9efe18f4d85d021,shared_domain,shared_domain
1.0,1.0,0.0,1.0,0.0,1.0,13,160,0.0,66260c36a9efe18f4d85d026,compromised_domain,compromised_domain
1.0,1.0,1.0,1.0,0.0,1.0,115,48,0.0,66260c36a9efe18f4d85d02b,shared_domain,shared_domain
1.0,1.0,1.0,1.0,0.0,1.0,225,329,0.0,66261872a9efe18f4d85d05f,shared_domain,shared_domain
1.0,1.0,0.0,1.0,0.0,1.0,2435,67,0.0,66261872a9efe18f4d85d060,shared_domain,shared_domain
1.0,1.0,0.0,1.0,0.0,1.0,2435,67,0.0,66261872a9efe18f4d85d062,shared_domain,shared_domain
1.0,1.0,0.0,1.0,0.0,1.0,1073,89,0.0,66261872a9efe18f4d85d06a,shared_domain,shared_domain
1.0,1.0,1.0,1.0,0.0,1.0,652,90,0.0,66261872a9efe18f4d85d06e,shared_domain,shared_domain
1.0,1.0,0.0,1.0,0.0,0.0,269,185,0.0,66261872a9efe18f4d85d076,shared_domain,shared_domain
1.0,1.0,0.0,1.0,0.0,1.0,21,167,0.0,66261872a9efe18f4d85d080,shared_domain,shared_domain
1.0,0.0,0.0,1.0,0.0,1.0,-1,1234,1.0,66261872a9efe18f4d85d08b,attackers_domain,attackers_domain
1.0,1.0,1.0,1.0,0.0,1.0,652,12,0.0,66261872a9efe18f4d85d08c,shared_domain,shared_domain
1.0,1.0,0.0,1.0,0.0,1.0,391,98,0.0,66261872a9efe18f4d85d090,shared_domain,shared_domain
1.0,1.0,0.0,1.0,0.0,1.0,391,98,0.0,66261872a9efe18f4d85d094,shared_domain,shared_domain
1.0,1.0,1.0,1.0,0.0,1.0,-1,204,0.0,66261872a9efe18f4d85d097,shared_domain,shared_domain
1.0,1.0,0.0,1.0,0.0,0.0,34,757,0.0,66261872a9efe18f4d85d0a5,shared_domain,shared_domain
1.0,1.0,1.0,1.0,0.0,1.0,115,54,0.0,66261872a9efe18f4d85d0af,shared_domain,shared_domain
1.0,1.0,1.0,1.0,0.0,1.0,115,86,0.0,66261872a9efe18f4d85d0b6,shared_domain,shared_domain
0.0,1.0,0.0,1.0,0.0,1.0,42,83,0.0,66261872a9efe18f4d85d0d2,shared_domain,shared_domain
1.0,1.0,1.0,1.0,0.0,0.0,0,176,0.0,66261873a9efe18f4d85d0d9,shared_domain,shared_domain
1.0,1.0,1.0,1.0,0.0,0.0,0,3077,0.0,66261873a9efe18f4d85d0dc,shared_domain,shared_domain
1.0,1.0,1.0,1.0,0.0,1.0,115,61,0.0,66261873a9efe18f4d85d0fb,shared_domain,shared_domain
1.0,1.0,1.0,1.0,0.0,1.0,652,98,0.0,66261873a9efe18f4d85d111,shared_domain,shared_domain
1.0,1.0,1.0,1.0,0.0,1.0,115,40,0.0,66261873a9efe18f4d85d119,shared_domain,shared_domain
0.0,1.0,0.0,0.0,0.0,1.0,-2,-2,0.0,6626258fa9efe18f4d85d13e,shared_domain,shared_domain
1.0,0.0,0.0,1.0,1.0,0.0,-1,56,1.0,6626291aa9efe18f4d85d166,attackers_domain,attackers_domain
1.0,0.0,0.0,1.0,1.0,0.0,-1,7,1.0,6626291aa9efe18f4d85d17d,attackers_domain,attackers_domain
1.0,1.0,0.0,1.0,0.0,1.0,430,122,0.0,66263049a9efe18f4d85d191,shared_domain,shared_domain
1.0,1.0,0.0,1.0,0.0,1.0,2435,268,0.0,66263049a9efe18f4d85d192,shared_domain,shared_domain
0.0,1.0,0.0,1.0,0.0,1.0,735,33,0.0,66263773a9efe18f4d85d1aa,shared_domain,shared_domain
1.0,1.0,0.0,1.0,0.0,1.0,104,3736,0.0,66263773a9efe18f4d85d1ae,compromised_domain,compromised_domain
1.0,1.0,1.0,1.0,0.0,1.0,115,45,0.0,662643a2a9efe18f4d85d216,shared_domain,shared_domain
1.0,1.0,1.0,1.0,0.0,1.0,115,39,0.0,662645eba9efe18f4d85d227,shared_domain,shared_domain
0.0,1.0,1.0,1.0,0.0,1.0,72,90,0.0,66264985a9efe18f4d85d232,shared_domain,shared_domain
1.0,1.0,0.0,1.0,0.0,1.0,197,3914,0.0,66264d2ba9efe18f4d85d2d9,shared_domain,compromised_domain
1.0,1.0,1.0,1.0,0.0,1.0,115,64,0.0,66264d2ba9efe18f4d85d2e8,shared_domain,shared_domain
0.0,1.0,0.0,1.0,0.0,1.0,336,57,0.0,66265228a9efe18f4d85d349,shared_domain,shared_domain
1.0,1.0,0.0,1.0,0.0,0.0,4432,465,0.0,6626522ea9efe18f4d85d35c,shared_domain,shared_domain
1.0,1.0,0.0,1.0,0.0,1.0,1995,131,0.0,66265230a9efe18f4d85d361,shared_domain,shared_domain
1.0,1.0,0.0,1.0,0.0,1.0,1995,131,0.0,66265230a9efe18f4d85d362,shared_domain,shared_domain
0.0,1.0,1.0,1.0,0.0,1.0,378,200,0.0,66265238a9efe18f4d85d37b,shared_domain,shared_domain
1.0,1.0,0.0,1.0,0.0,1.0,1995,141,0.0,66265241a9efe18f4d85d396,shared_domain,shared_domain
1.0,1.0,0.0,1.0,0.0,1.0,1995,141,0.0,66265246a9efe18f4d85d3a5,shared_domain,shared_domain
1.0,1.0,0.0,1.0,0.0,1.0,1073,89,0.0,66265257a9efe18f4d85d3d3,shared_domain,shared_domain
1.0,0.0,0.0,0.0,0.0,1.0,-2,-2,1.0,6626526da9efe18f4d85d3fb,attackers_domain,attackers_domain
1.0,0.0,0.0,1.0,1.0,0.0,-2,-2,1.0,66265271a9efe18f4d85d404,attackers_domain,attackers_domain
0.0,1.0,0.0,1.0,0.0,1.0,555,27,0.0,6626527fa9efe18f4d85d422,shared_domain,shared_domain
0.0,1.0,0.0,1.0,0.0,1.0,555,32,0.0,66265280a9efe18f4d85d423,shared_domain,shared_domain
0.0,1.0,0.0,1.0,0.0,1.0,555,26,0.0,66265280a9efe18f4d85d425,shared_domain,shared_domain
0.0,1.0,0.0,1.0,0.0,1.0,555,37,0.0,66265283a9efe18f4d85d42a,shared_domain,shared_domain
1.0,0.0,0.0,0.0,0.0,0.0,-2,-2,1.0,66265288a9efe18f4d85d432,attackers_domain,attackers_domain
1.0,1.0,0.0,1.0,0.0,1.0,5,23,0.0,66265291a9efe18f4d85d447,shared_domain,shared_domain
0.0,1.0,0.0,1.0,0.0,1.0,555,28,0.0,66265294a9efe18f4d85d44b,shared_domain,shared_domain
0.0,1.0,0.0,1.0,0.0,1.0,555,30,0.0,66265294a9efe18f4d85d44c,shared_domain,shared_domain
0.0,1.0,0.0,1.0,0.0,1.0,555,36,0.0,66265296a9efe18f4d85d451,shared_domain,shared_domain
0.0,1.0,0.0,1.0,0.0,1.0,555,27,0.0,66265298a9efe18f4d85d458,shared_domain,shared_domain
1.0,1.0,1.0,1.0,0.0,1.0,115,45,0.0,6626529da9efe18f4d85d461,shared_domain,shared_domain
0.0,1.0,0.0,1.0,0.0,1.0,555,24,0.0,6626529ea9efe18f4d85d463,shared_domain,shared_domain
0.0,1.0,0.0,1.0,0.0,1.0,555,20,0.0,6626529fa9efe18f4d85d466,shared_domain,shared_domain
0.0,1.0,0.0,1.0,0.0,1.0,167,129,0.0,662652a0a9efe18f4d85d469,shared_domain,shared_domain
1.0,1.0,1.0,1.0,0.0,1.0,652,241,0.0,662652a4a9efe18f4d85d470,shared_domain,shared_domain
1.0,1.0,0.0,1.0,1.0,0.0,-1,28,0.0,662652a4a9efe18f4d85d471,attackers_domain,attackers_domain
0.0,1.0,0.0,1.0,0.0,1.0,555,36,0.0,662652a5a9efe18f4d85d473,shared_domain,shared_domain
1.0,1.0,0.0,1.0,0.0,0.0,4432,368,0.0,662652a6a9efe18f4d85d475,shared_domain,shared_domain
0.0,1.0,0.0,1.0,0.0,1.0,555,28,0.0,662652a9a9efe18f4d85d478,shared_domain,shared_domain
0.0,1.0,0.0,1.0,0.0,1.0,-1,307,0.0,662652b4a9efe18f4d85d492,attackers_domain,attackers_domain
1.0,1.0,0.0,1.0,1.0,0.0,-2,-2,1.0,6626546da9efe18f4d85d4ad,attackers_domain,attackers_domain
1.0,1.0,0.0,1.0,1.0,0.0,-2,-2,1.0,6626546da9efe18f4d85d4ae,attackers_domain,attackers_domain
1.0,1.0,0.0,1.0,1.0,0.0,-2,-2,1.0,6626546da9efe18f4d85d4b2,attackers_domain,attackers_domain
1.0,1.0,0.0,1.0,1.0,0.0,-2,-2,1.0,6626546ea9efe18f4d85d4c0,attackers_domain,attackers_domain
1.0,1.0,1.0,1.0,0.0,1.0,-1,68,0.0,6626546ea9efe18f4d85d4d0,shared_domain,shared_domain
0.0,1.0,1.0,1.0,0.0,1.0,378,172,0.0,66265f7ca9efe18f4d85d505,shared_domain,shared_domain
1.0,0.0,0.0,1.0,1.0,0.0,-2,-2,1.0,66265f7ca9efe18f4d85d50a,attackers_domain,attackers_domain
0.0,1.0,0.0,1.0,0.0,1.0,304,93,0.0,662660afa9efe18f4d85d50d,shared_domain,shared_domain
0.0,1.0,1.0,1.0,0.0,1.0,378,172,0.0,662666d0a9efe18f4d85d52c,shared_domain,shared_domain
0.0,1.0,0.0,1.0,0.0,1.0,387,60,0.0,662666d0a9efe18f4d85d530,shared_domain,shared_domain
1.0,1.0,0.0,1.0,0.0,0.0,29,71,0.0,662666d0a9efe18f4d85d533,shared_domain,shared_domain
1.0,1.0,1.0,1.0,0.0,1.0,481,701,0.0,662666d0a9efe18f4d85d534,shared_domain,shared_domain
1.0,1.0,0.0,1.0,0.0,0.0,4432,472,0.0,662666d0a9efe18f4d85d53e,shared_domain,shared_domain
1.0,1.0,1.0,1.0,0.0,1.0,49,46,0.0,66266a72a9efe18f4d85d54d,shared_domain,shared_domain
0.0,1.0,1.0,1.0,0.0,1.0,54,201,0.0,66266e14a9efe18f4d85d557,shared_domain,shared_domain
1.0,1.0,1.0,1.0,0.0,1.0,115,520,0.0,66266e14a9efe18f4d85d563,shared_domain,shared_domain
1.0,1.0,1.0,1.0,0.0,1.0,-1,121,0.0,66266e14a9efe18f4d85d566,shared_domain,shared_domain
0.0,1.0,1.0,1.0,0.0,1.0,4,195,0.0,66266e15a9efe18f4d85d57e,shared_domain,shared_domain
0.0,1.0,0.0,1.0,0.0,1.0,43,105,0.0,66266f5aa9efe18f4d85d583,shared_domain,shared_domain
1.0,1.0,0.0,0.0,0.0,1.0,-2,-2,0.0,66266f5aa9efe18f4d85d586,shared_domain,shared_domain
1.0,1.0,1.0,1.0,0.0,1.0,225,446,0.0,66267540a9efe18f4d85d5ad,shared_domain,shared_domain
1.0,1.0,1.0,1.0,0.0,1.0,49,30,0.0,66267540a9efe18f4d85d5b0,shared_domain,shared_domain
1.0,1.0,1.0,1.0,0.0,1.0,481,701,0.0,66267540a9efe18f4d85d5be,shared_domain,shared_domain
1.0,0.0,0.0,1.0,1.0,0.0,-1,18,1.0,662678e4a9efe18f4d85d5c3,attackers_domain,attackers_domain
1.0,1.0,0.0,0.0,0.0,1.0,-2,-2,0.0,66267c8da9efe18f4d85d5e2,shared_domain,shared_domain
1.0,1.0,0.0,0.0,0.0,1.0,-2,-2,0.0,66267dd0a9efe18f4d85d5e6,shared_domain,shared_domain
1.0,1.0,0.0,0.0,0.0,1.0,-2,-2,0.0,66267dd0a9efe18f4d85d5e7,shared_domain,shared_domain
1.0,0.0,0.0,1.0,0.0,0.0,-2,-2,1.0,66267dd0a9efe18f4d85d5f2,attackers_domain,attackers_domain
1.0,1.0,1.0,1.0,0.0,1.0,-1,202,0.0,66267dd0a9efe18f4d85d5fa,shared_domain,shared_domain
1.0,1.0,0.0,0.0,0.0,1.0,-2,-2,0.0,66267dd0a9efe18f4d85d605,shared_domain,shared_domain
1.0,1.0,1.0,1.0,0.0,1.0,49,595,0.0,662683a1a9efe18f4d85d61f,shared_domain,shared_domain
1.0,0.0,0.0,0.0,0.0,1.0,-2,-2,1.0,662683a1a9efe18f4d85d621,attackers_domain,attackers_domain
1.0,0.0,0.0,0.0,0.0,1.0,-2,-2,1.0,662683a1a9efe18f4d85d622,attackers_domain,attackers_domain
1.0,1.0,1.0,1.0,0.0,0.0,0,572,0.0,662683a1a9efe18f4d85d624,shared_domain,shared_domain
1.0,1.0,1.0,1.0,0.0,1.0,115,44,0.0,66268acba9efe18f4d85d63d,shared_domain,shared_domain
1.0,1.0,1.0,1.0,0.0,1.0,115,525,0.0,66268acba9efe18f4d85d63f,shared_domain,shared_domain
1.0,1.0,1.0,1.0,0.0,1.0,115,374,0.0,66268c11a9efe18f4d85d648,shared_domain,shared_domain
0.0,1.0,0.0,1.0,0.0,1.0,82,3790,0.0,66268c11a9efe18f4d85d651,shared_domain,shared_domain
1.0,1.0,1.0,1.0,0.0,1.0,660,158,0.0,66268c11a9efe18f4d85d652,shared_domain,shared_domain
0.0,1.0,0.0,0.0,0.0,1.0,-2,-2,0.0,66268c11a9efe18f4d85d65a,shared_domain,shared_domain
1.0,1.0,1.0,1.0,0.0,1.0,115,44,0.0,662691f9a9efe18f4d85d84c,shared_domain,shared_domain
1.0,0.0,0.0,0.0,0.0,1.0,-2,-2,1.0,662691f9a9efe18f4d85d84f,attackers_domain,attackers_domain
1.0,1.0,1.0,1.0,0.0,1.0,115,48,0.0,6626994fa9efe18f4d85daa0,shared_domain,shared_domain
1.0,1.0,1.0,1.0,0.0,1.0,54,275,0.0,66269a9aa9efe18f4d85daab,shared_domain,shared_domain
1.0,1.0,1.0,1.0,0.0,1.0,115,49,0.0,66269a9aa9efe18f4d85dab9,shared_domain,shared_domain
1.0,1.0,0.0,1.0,0.0,1.0,92,57,0.0,6626a085a9efe18f4d85dac0,shared_domain,shared_domain
1.0,1.0,1.0,1.0,0.0,1.0,49,43,0.0,6626a085a9efe18f4d85dac3,shared_domain,shared_domain
0.0,1.0,0.0,1.0,0.0,1.0,1368,49,0.0,6626a911a9efe18f4d85dad5,shared_domain,shared_domain
1.0,1.0,1.0,1.0,0.0,1.0,-1,204,0.0,6626a911a9efe18f4d85dada,shared_domain,shared_domain
1.0,1.0,1.0,1.0,0.0,1.0,225,62,0.0,6626af04a9efe18f4d85daea,shared_domain,shared_domain
0.0,1.0,0.0,1.0,0.0,1.0,304,565,0.0,6626b784a9efe18f4d85db03,shared_domain,shared_domain
0.0,0.0,0.0,0.0,0.0,1.0,-2,-2,1.0,6626b784a9efe18f4d85db05,attackers_domain,attackers_domain
0.0,1.0,0.0,1.0,0.0,1.0,1368,44,0.0,6626b784a9efe18f4d85db09,shared_domain,shared_domain
0.0,1.0,0.0,1.0,0.0,1.0,304,232,0.0,6626b784a9efe18f4d85db0a,shared_domain,shared_domain
0.0,1.0,1.0,1.0,0.0,1.0,4,213,0.0,6626b784a9efe18f4d85db0d,shared_domain,shared_domain
1.0,1.0,0.0,1.0,0.0,1.0,430,243,0.0,6626b784a9efe18f4d85db14,shared_domain,shared_domain
1.0,0.0,0.0,0.0,0.0,1.0,-2,-2,1.0,6626bd6ba9efe18f4d85db27,attackers_domain,attackers_domain
1.0,1.0,0.0,1.0,0.0,0.0,137,455,0.0,6626bd6ba9efe18f4d85db28,compromised_domain,compromised_domain
0.0,1.0,1.0,1.0,0.0,1.0,72,102,0.0,6626c5faa9efe18f4d85db3a,shared_domain,shared_domain
1.0,1.0,0.0,1.0,0.0,1.0,430,233,0.0,6626c5faa9efe18f4d85db42,shared_domain,shared_domain
1.0,1.0,0.0,1.0,0.0,1.0,430,234,0.0,6626c5faa9efe18f4d85db4d,shared_domain,shared_domain
0.0,1.0,0.0,1.0,0.0,1.0,430,235,0.0,6626c5faa9efe18f4d85db53,shared_domain,shared_domain
1.0,0.0,0.0,0.0,1.0,0.0,-2,-2,1.0,6626cbd8a9efe18f4d85db59,attackers_domain,attackers_domain
1.0,0.0,0.0,0.0,1.0,0.0,-2,-2,1.0,6626cbd8a9efe18f4d85db5a,attackers_domain,attackers_domain
1.0,0.0,0.0,1.0,1.0,0.0,-2,-2,1.0,6626cbd8a9efe18f4d85db62,attackers_domain,attackers_domain
1.0,0.0,0.0,1.0,1.0,0.0,-2,-2,1.0,6626cbd8a9efe18f4d85db66,attackers_domain,attackers_domain
1.0,1.0,0.0,1.0,0.0,1.0,275,496,0.0,6626cbd9a9efe18f4d85db71,attackers_domain,shared_domain
0.0,1.0,1.0,1.0,0.0,1.0,72,98,0.0,6626cbd9a9efe18f4d85db72,shared_domain,shared_domain
1.0,0.0,0.0,1.0,1.0,0.0,-1,7,1.0,6626cbd9a9efe18f4d85db7a,attackers_domain,attackers_domain
1.0,1.0,0.0,1.0,1.0,0.0,-2,-2,1.0,6626cf8aa9efe18f4d85db88,attackers_domain,attackers_domain
1.0,1.0,0.0,1.0,1.0,0.0,-2,-2,1.0,6626cf8ba9efe18f4d85db92,attackers_domain,attackers_domain
1.0,1.0,0.0,1.0,1.0,0.0,-2,-2,1.0,6626cf8ba9efe18f4d85db9c,attackers_domain,attackers_domain
1.0,1.0,1.0,1.0,0.0,1.0,-1,203,0.0,6626d318a9efe18f4d85db9f,shared_domain,shared_domain
0.0,0.0,0.0,0.0,0.0,1.0,-2,-2,1.0,6626d318a9efe18f4d85dbb3,attackers_domain,attackers_domain
1.0,1.0,1.0,1.0,0.0,1.0,115,525,0.0,6626da79a9efe18f4d85dbcc,shared_domain,shared_domain
0.0,1.0,1.0,1.0,0.0,1.0,378,175,0.0,6626de15a9efe18f4d85dbda,shared_domain,shared_domain
1.0,1.0,1.0,1.0,0.0,1.0,115,525,0.0,6626e557a9efe18f4d85dc17,shared_domain,shared_domain
1.0,1.0,1.0,1.0,0.0,1.0,115,525,0.0,6626e557a9efe18f4d85dc19,shared_domain,shared_domain
1.0,0.0,0.0,0.0,0.0,1.0,-2,-2,1.0,6626ec9aa9efe18f4d85dc2a,attackers_domain,attackers_domain
1.0,1.0,1.0,1.0,0.0,1.0,-1,202,0.0,6626ec9aa9efe18f4d85dc33,shared_domain,shared_domain
1.0,1.0,0.0,1.0,0.0,1.0,197,21,0.0,6626f18da9efe18f4d85dc3c,shared_domain,shared_domain
0.0,1.0,0.0,1.0,0.0,1.0,211,186,0.0,6626fa3ea9efe18f4d85dce0,shared_domain,shared_domain
1.0,1.0,0.0,1.0,0.0,0.0,491,309,0.0,6626fa43a9efe18f4d85dcf0,shared_domain,compromised_domain
1.0,1.0,1.0,1.0,0.0,1.0,225,137,0.0,6626fa4ca9efe18f4d85dd0e,shared_domain,shared_domain
1.0,1.0,0.0,1.0,0.0,1.0,28,55,0.0,6626fa52a9efe18f4d85dd24,shared_domain,shared_domain
1.0,1.0,1.0,1.0,0.0,1.0,49,314,0.0,6626fa53a9efe18f4d85dd25,shared_domain,shared_domain
1.0,1.0,0.0,1.0,0.0,1.0,452,654,0.0,6626fa5aa9efe18f4d85dd3e,compromised_domain,compromised_domain
1.0,0.0,0.0,1.0,1.0,0.0,-1,866,1.0,6626fa60a9efe18f4d85dd4e,attackers_domain,attackers_domain
1.0,1.0,1.0,1.0,0.0,1.0,49,27,0.0,6626fa62a9efe18f4d85dd52,shared_domain,shared_domain
0.0,1.0,0.0,1.0,0.0,1.0,304,103,0.0,6626fa70a9efe18f4d85dd7f,shared_domain,shared_domain
0.0,1.0,0.0,1.0,0.0,1.0,304,126,0.0,6626fa73a9efe18f4d85dd84,shared_domain,shared_domain
0.0,1.0,1.0,1.0,0.0,1.0,4,213,0.0,6626fa8aa9efe18f4d85ddce,shared_domain,shared_domain
0.0,1.0,1.0,1.0,0.0,1.0,378,167,0.0,6626fa8fa9efe18f4d85ddda,shared_domain,shared_domain
0.0,1.0,0.0,1.0,0.0,1.0,846,288,0.0,6626fa93a9efe18f4d85dde5,shared_domain,shared_domain
1.0,0.0,0.0,0.0,0.0,0.0,-2,-2,1.0,6626fa94a9efe18f4d85dde9,attackers_domain,attackers_domain
1.0,0.0,0.0,1.0,0.0,0.0,-1,11,1.0,6626fa96a9efe18f4d85ddee,attackers_domain,attackers_domain
1.0,1.0,0.0,1.0,0.0,1.0,1073,98,0.0,6626fa9ba9efe18f4d85ddfd,shared_domain,shared_domain
0.0,1.0,0.0,1.0,0.0,1.0,304,145,0.0,6626fa9ea9efe18f4d85de06,shared_domain,shared_domain
0.0,1.0,0.0,1.0,0.0,1.0,304,99,0.0,6626fa9fa9efe18f4d85de09,shared_domain,shared_domain
0.0,1.0,1.0,1.0,0.0,1.0,72,102,0.0,6626faa3a9efe18f4d85de15,shared_domain,shared_domain
1.0,1.0,0.0,1.0,0.0,1.0,2435,765,0.0,6626fab4a9efe18f4d85de38,shared_domain,shared_domain
1.0,0.0,0.0,0.0,1.0,0.0,-2,-2,1.0,6626fab6a9efe18f4d85de3f,attackers_domain,attackers_domain
1.0,0.0,0.0,0.0,1.0,0.0,-2,-2,1.0,6626fabba9efe18f4d85de4b,attackers_domain,attackers_domain
1.0,1.0,0.0,1.0,0.0,0.0,30,489,0.0,6626fac2a9efe18f4d85de53,compromised_domain,compromised_domain
1.0,1.0,0.0,1.0,0.0,0.0,4432,486,0.0,6626fac5a9efe18f4d85de56,shared_domain,shared_domain
1.0,1.0,1.0,1.0,0.0,1.0,652,238,0.0,6626facba9efe18f4d85de66,shared_domain,shared_domain
0.0,1.0,0.0,1.0,0.0,1.0,304,100,0.0,6626facca9efe18f4d85de6a,shared_domain,shared_domain
0.0,0.0,0.0,0.0,0.0,1.0,-2,-2,1.0,6626facda9efe18f4d85de6f,attackers_domain,attackers_domain
0.0,1.0,0.0,1.0,0.0,1.0,430,236,0.0,6626facea9efe18f4d85de72,shared_domain,shared_domain
1.0,1.0,1.0,1.0,0.0,1.0,-1,205,0.0,66270069a9efe18f4d85de91,shared_domain,shared_domain
1.0,1.0,1.0,1.0,0.0,1.0,-1,202,0.0,66270688a9efe18f4d85deaf,shared_domain,shared_domain
0.0,1.0,1.0,1.0,0.0,1.0,72,96,0.0,66270f05a9efe18f4d85debb,shared_domain,shared_domain
0.0,1.0,0.0,1.0,0.0,1.0,430,222,0.0,66270f05a9efe18f4d85debc,shared_domain,shared_domain
0.0,1.0,1.0,1.0,0.0,1.0,72,85,0.0,66270f05a9efe18f4d85debe,shared_domain,shared_domain
0.0,1.0,0.0,1.0,0.0,1.0,0,111,0.0,66270f05a9efe18f4d85debf,shared_domain,shared_domain
0.0,1.0,1.0,1.0,0.0,1.0,77,157,0.0,66270f05a9efe18f4d85dec3,shared_domain,shared_domain
1.0,0.0,0.0,0.0,0.0,1.0,-2,-2,1.0,6627187fa9efe18f4d85df23,attackers_domain,attackers_domain
0.0,1.0,1.0,1.0,0.0,1.0,378,144,0.0,662726f5a9efe18f4d85df56,shared_domain,shared_domain
1.0,0.0,0.0,0.0,1.0,0.0,-2,-2,1.0,66273568a9efe18f4d85df9c,attackers_domain,attackers_domain
0.0,1.0,0.0,1.0,0.0,1.0,12,16,0.0,66274073a9efe18f4d85e022,shared_domain,shared_domain
1.0,1.0,1.0,1.0,0.0,1.0,115,39,0.0,6627440aa9efe18f4d85e03d,shared_domain,shared_domain
1.0,1.0,1.0,1.0,0.0,1.0,115,39,0.0,6627440aa9efe18f4d85e040,shared_domain,shared_domain
1.0,1.0,1.0,1.0,0.0,1.0,115,43,0.0,662747aaa9efe18f4d85e04b,shared_domain,shared_domain
1.0,1.0,1.0,1.0,0.0,1.0,115,43,0.0,662747aaa9efe18f4d85e04f,shared_domain,shared_domain
0.0,1.0,0.0,1.0,0.0,1.0,4,91,0.0,662748eba9efe18f4d85e05f,shared_domain,shared_domain
0.0,1.0,1.0,1.0,0.0,1.0,4,191,0.0,662748eba9efe18f4d85e061,shared_domain,shared_domain
1.0,1.0,1.0,1.0,0.0,1.0,115,48,0.0,66275d76a9efe18f4d85e097,shared_domain,shared_domain
1.0,0.0,0.0,0.0,0.0,0.0,-2,-2,1.0,66275d76a9efe18f4d85e098,attackers_domain,attackers_domain
1.0,0.0,0.0,0.0,1.0,0.0,-2,-2,1.0,66275d76a9efe18f4d85e09c,attackers_domain,attackers_domain
1.0,0.0,0.0,0.0,0.0,1.0,-2,-2,1.0,66275d76a9efe18f4d85e09e,attackers_domain,attackers_domain
1.0,1.0,1.0,1.0,0.0,1.0,115,48,0.0,662764b9a9efe18f4d85e0ab,shared_domain,shared_domain
0.0,1.0,0.0,1.0,0.0,1.0,387,99,0.0,66276c0ca9efe18f4d85e0c5,shared_domain,shared_domain
1.0,0.0,0.0,0.0,0.0,1.0,-2,-2,1.0,66276c0ca9efe18f4d85e0c7,attackers_domain,attackers_domain
1.0,0.0,0.0,0.0,0.0,0.0,-2,-2,1.0,66277349a9efe18f4d85e0db,attackers_domain,attackers_domain
0.0,1.0,0.0,1.0,0.0,1.0,387,99,0.0,6627759da9efe18f4d85e235,shared_domain,shared_domain
0.0,1.0,0.0,0.0,0.0,1.0,-2,-2,0.0,6627759da9efe18f4d85e236,shared_domain,shared_domain
1.0,1.0,1.0,1.0,0.0,1.0,115,44,0.0,66277a8fa9efe18f4d85e253,shared_domain,shared_domain
0.0,1.0,1.0,1.0,0.0,1.0,378,150,0.0,66277a8fa9efe18f4d85e254,shared_domain,shared_domain
1.0,1.0,1.0,1.0,0.0,1.0,225,73,0.0,66277a8fa9efe18f4d85e25b,shared_domain,shared_domain
1.0,0.0,0.0,1.0,1.0,0.0,-1,11,1.0,662781d9a9efe18f4d85e26d,attackers_domain,attackers_domain
1.0,1.0,0.0,1.0,0.0,0.0,603,96,0.0,662783d1a9efe18f4d85e27d,shared_domain,shared_domain
1.0,1.0,0.0,1.0,0.0,0.0,603,144,0.0,662783d1a9efe18f4d85e286,shared_domain,shared_domain
1.0,1.0,0.0,1.0,0.0,0.0,603,144,0.0,662783d2a9efe18f4d85e289,shared_domain,shared_domain
1.0,1.0,0.0,1.0,0.0,0.0,603,144,0.0,662783d2a9efe18f4d85e293,shared_domain,shared_domain
1.0,1.0,0.0,1.0,1.0,0.0,-1,619,1.0,66278598a9efe18f4d85e29a,attackers_domain,attackers_domain
1.0,1.0,0.0,0.0,0.0,1.0,-2,-2,0.0,66279202a9efe18f4d85e2b8,shared_domain,shared_domain
1.0,1.0,0.0,0.0,0.0,1.0,-2,-2,0.0,66279202a9efe18f4d85e2bd,shared_domain,shared_domain
1.0,0.0,0.0,0.0,1.0,0.0,-2,-2,1.0,662797a9a9efe18f4d85e2d3,attackers_domain,attackers_domain
1.0,0.0,0.0,0.0,0.0,1.0,-2,-2,1.0,66279f03a9efe18f4d85e31d,attackers_domain,attackers_domain
1.0,1.0,0.0,1.0,0.0,0.0,381,2030,0.0,6627a03da9efe18f4d85e336,shared_domain,shared_domain
1.0,0.0,0.0,1.0,1.0,0.0,652,1096,1.0,6627a3ffa9efe18f4d85e343,attackers_domain,attackers_domain
1.0,1.0,0.0,0.0,0.0,1.0,-2,-2,0.0,6627a40ba9efe18f4d85e360,shared_domain,shared_domain
1.0,1.0,0.0,1.0,0.0,1.0,1073,63,0.0,6627a444a9efe18f4d85e3cf,shared_domain,shared_domain
1.0,1.0,1.0,1.0,0.0,1.0,652,98,0.0,6627a44fa9efe18f4d85e3ea,shared_domain,shared_domain
1.0,0.0,0.0,0.0,0.0,1.0,-2,-2,1.0,6627a451a9efe18f4d85e3ee,attackers_domain,attackers_domain
0.0,1.0,1.0,1.0,0.0,1.0,4,115,0.0,6627a45ca9efe18f4d85e40e,shared_domain,shared_domain
1.0,1.0,1.0,1.0,0.0,1.0,115,76,0.0,6627a465a9efe18f4d85e420,shared_domain,shared_domain
1.0,1.0,0.0,1.0,0.0,1.0,15,35,0.0,6627a47da9efe18f4d85e44d,shared_domain,shared_domain
1.0,0.0,0.0,1.0,0.0,0.0,-1,21,1.0,6627a481a9efe18f4d85e459,attackers_domain,attackers_domain
0.0,1.0,1.0,1.0,0.0,1.0,378,150,0.0,6627a484a9efe18f4d85e461,shared_domain,shared_domain
1.0,0.0,0.0,0.0,0.0,1.0,-2,-2,1.0,6627a489a9efe18f4d85e471,attackers_domain,attackers_domain
0.0,1.0,1.0,1.0,0.0,1.0,378,150,0.0,6627a48ca9efe18f4d85e47a,shared_domain,shared_domain
1.0,1.0,0.0,1.0,0.0,0.0,4432,446,0.0,6627a48da9efe18f4d85e47e,shared_domain,shared_domain
1.0,1.0,0.0,1.0,0.0,1.0,1995,187,0.0,6627a48ea9efe18f4d85e481,shared_domain,shared_domain
1.0,1.0,1.0,1.0,0.0,1.0,115,520,0.0,6627aa0ea9efe18f4d85e4aa,shared_domain,shared_domain
0.0,1.0,1.0,1.0,0.0,1.0,4,305,0.0,6627adaaa9efe18f4d85e4b5,shared_domain,shared_domain
1.0,1.0,1.0,1.0,0.0,0.0,0,54,0.0,6627aef1a9efe18f4d85e4c5,shared_domain,shared_domain
0.0,1.0,0.0,1.0,0.0,1.0,42,56,0.0,6627b133a9efe18f4d85e4e7,shared_domain,shared_domain
0.0,1.0,0.0,1.0,0.0,1.0,42,60,0.0,6627b133a9efe18f4d85e4ed,shared_domain,shared_domain
1.0,1.0,1.0,1.0,0.0,1.0,115,44,0.0,6627b4cda9efe18f4d85e4f8,shared_domain,shared_domain
1.0,1.0,1.0,1.0,0.0,1.0,115,48,0.0,6627b4cda9efe18f4d85e4fa,shared_domain,shared_domain
1.0,1.0,1.0,1.0,0.0,1.0,115,48,0.0,6627b869a9efe18f4d85e502,shared_domain,shared_domain
1.0,1.0,1.0,1.0,0.0,1.0,-1,204,0.0,6627bd04a9efe18f4d85e52f,shared_domain,shared_domain
0.0,1.0,1.0,1.0,0.0,1.0,4,197,0.0,6627c35ea9efe18f4d85e555,shared_domain,shared_domain
1.0,1.0,0.0,1.0,0.0,0.0,4432,491,0.0,6627c6f9a9efe18f4d85e56e,shared_domain,shared_domain
1.0,0.0,0.0,0.0,0.0,0.0,-2,-2,1.0,6627d57da9efe18f4d85e58c,attackers_domain,attackers_domain
1.0,1.0,1.0,1.0,0.0,1.0,115,520,0.0,6627dcd4a9efe18f4d85e5be,shared_domain,shared_domain
1.0,0.0,0.0,0.0,0.0,1.0,-2,-2,1.0,6627e40ba9efe18f4d85e5d2,attackers_domain,attackers_domain
1.0,0.0,0.0,0.0,0.0,1.0,-2,-2,1.0,6627e40ba9efe18f4d85e5d6,attackers_domain,attackers_domain
0.0,1.0,1.0,1.0,0.0,1.0,72,113,0.0,6627e40ba9efe18f4d85e5da,shared_domain,shared_domain
1.0,1.0,0.0,1.0,0.0,0.0,4432,464,0.0,6627e7a7a9efe18f4d85e5e0,shared_domain,shared_domain
0.0,1.0,0.0,1.0,0.0,1.0,59,256,0.0,6627eb5ba9efe18f4d85e607,shared_domain,shared_domain
1.0,1.0,1.0,1.0,0.0,1.0,-1,203,0.0,6627eef5a9efe18f4d85e60a,shared_domain,shared_domain
1.0,0.0,0.0,1.0,1.0,0.0,-2,-2,1.0,6627eef5a9efe18f4d85e60b,attackers_domain,attackers_domain
0.0,1.0,1.0,1.0,0.0,1.0,72,113,0.0,6627f5eda9efe18f4d85e62b,shared_domain,shared_domain
0.0,1.0,1.0,1.0,0.0,1.0,378,255,0.0,6627fa9ea9efe18f4d85e664,shared_domain,shared_domain
0.0,1.0,0.0,1.0,0.0,1.0,64,214,0.0,6627fe39a9efe18f4d85e67c,shared_domain,shared_domain
1.0,0.0,0.0,1.0,1.0,0.0,88,743,1.0,662801c2a9efe18f4d85e69c,attackers_domain,attackers_domain
0.0,1.0,0.0,1.0,0.0,1.0,42,62,0.0,6628042fa9efe18f4d85e6ba,shared_domain,shared_domain
1.0,1.0,1.0,1.0,0.0,1.0,652,81,0.0,6628042fa9efe18f4d85e6ca,shared_domain,shared_domain
1.0,0.0,0.0,1.0,1.0,0.0,-2,-2,1.0,6628091ba9efe18f4d85e6d5,attackers_domain,attackers_domain
1.0,0.0,0.0,1.0,1.0,0.0,-2,-2,1.0,6628091ba9efe18f4d85e6db,attackers_domain,attackers_domain
1.0,1.0,0.0,0.0,1.0,0.0,-2,-2,1.0,6628091ba9efe18f4d85e6dd,attackers_domain,attackers_domain
0.0,1.0,1.0,1.0,0.0,1.0,378,190,0.0,66280cb7a9efe18f4d85e6ff,shared_domain,shared_domain
1.0,1.0,1.0,1.0,0.0,1.0,-1,153,0.0,66280cb7a9efe18f4d85e706,shared_domain,shared_domain
1.0,1.0,1.0,1.0,0.0,1.0,115,401,0.0,66281053a9efe18f4d85e71b,shared_domain,shared_domain
0.0,1.0,1.0,1.0,0.0,1.0,72,94,0.0,66281244a9efe18f4d85e726,shared_domain,shared_domain
1.0,1.0,0.0,1.0,0.0,1.0,-1,879,0.0,66281412a9efe18f4d85e746,compromised_domain,shared_domain
0.0,1.0,1.0,1.0,0.0,1.0,54,50,0.0,66281b4aa9efe18f4d85e752,shared_domain,shared_domain
0.0,1.0,1.0,1.0,0.0,1.0,72,127,0.0,66282060a9efe18f4d85e774,shared_domain,shared_domain
1.0,1.0,1.0,1.0,0.0,1.0,481,701,0.0,66282060a9efe18f4d85e784,shared_domain,shared_domain
1.0,1.0,1.0,1.0,0.0,1.0,481,701,0.0,66282060a9efe18f4d85e790,shared_domain,shared_domain
1.0,1.0,1.0,1.0,0.0,1.0,481,701,0.0,66282060a9efe18f4d85e791,shared_domain,shared_domain
1.0,1.0,1.0,1.0,0.0,1.0,115,525,0.0,6628229ca9efe18f4d85e7b1,shared_domain,shared_domain
0.0,1.0,1.0,1.0,0.0,1.0,54,50,0.0,66282e9ea9efe18f4d85e7d0,shared_domain,shared_domain
0.0,1.0,0.0,1.0,0.0,1.0,430,240,0.0,66282e9ea9efe18f4d85e7dc,shared_domain,shared_domain
0.0,1.0,1.0,1.0,0.0,1.0,77,156,0.0,66282e9ea9efe18f4d85e7df,shared_domain,shared_domain
0.0,1.0,1.0,1.0,0.0,1.0,77,157,0.0,66282e9ea9efe18f4d85e7e1,shared_domain,shared_domain
0.0,1.0,0.0,1.0,0.0,1.0,430,241,0.0,66282e9ea9efe18f4d85e7e8,shared_domain,shared_domain
0.0,1.0,0.0,1.0,0.0,1.0,336,68,0.0,66282e9ea9efe18f4d85e7e9,shared_domain,shared_domain
1.0,1.0,1.0,1.0,0.0,1.0,115,525,0.0,6628311aa9efe18f4d85e7f8,shared_domain,shared_domain
1.0,0.0,0.0,1.0,0.0,0.0,-2,-2,1.0,6628311aa9efe18f4d85e7fa,attackers_domain,attackers_domain
0.0,1.0,1.0,1.0,0.0,1.0,378,165,0.0,6628311aa9efe18f4d85e7fb,shared_domain,shared_domain
1.0,1.0,1.0,1.0,0.0,1.0,-1,204,0.0,662834b2a9efe18f4d85e800,shared_domain,shared_domain
1.0,1.0,1.0,1.0,0.0,1.0,-1,204,0.0,66283866a9efe18f4d85e9ad,shared_domain,shared_domain
1.0,1.0,1.0,1.0,0.0,1.0,-1,204,0.0,66283866a9efe18f4d85e9ae,shared_domain,shared_domain
1.0,1.0,1.0,1.0,0.0,1.0,660,32,0.0,66283cc3a9efe18f4d85e9c9,shared_domain,shared_domain
0.0,1.0,0.0,1.0,0.0,1.0,538,6,0.0,66283cc3a9efe18f4d85e9cc,shared_domain,shared_domain
1.0,1.0,0.0,0.0,0.0,1.0,-2,-2,0.0,662846dca9efe18f4d85eaae,shared_domain,shared_domain
1.0,1.0,1.0,1.0,0.0,1.0,115,49,0.0,662846dca9efe18f4d85eab4,shared_domain,shared_domain
1.0,1.0,1.0,1.0,0.0,1.0,-1,204,0.0,66284afda9efe18f4d85eaba,shared_domain,shared_domain
1.0,1.0,0.0,1.0,0.0,1.0,-2,-2,0.0,66284c12a9efe18f4d85eace,attackers_domain,attackers_domain
1.0,1.0,0.0,1.0,0.0,1.0,-2,-2,0.0,66284c13a9efe18f4d85ead1,attackers_domain,attackers_domain
1.0,1.0,0.0,1.0,0.0,1.0,-2,-2,0.0,66284c15a9efe18f4d85ead6,attackers_domain,attackers_domain
1.0,1.0,0.0,1.0,0.0,1.0,-2,-2,0.0,66284c15a9efe18f4d85ead8,attackers_domain,attackers_domain
1.0,1.0,0.0,1.0,0.0,1.0,528,263,0.0,66284c16a9efe18f4d85eadc,compromised_domain,compromised_domain
0.0,1.0,0.0,1.0,0.0,1.0,555,52,0.0,66284c1ca9efe18f4d85eaef,shared_domain,shared_domain
1.0,1.0,1.0,1.0,0.0,1.0,115,404,0.0,66284c20a9efe18f4d85eafa,shared_domain,shared_domain
1.0,1.0,1.0,1.0,0.0,1.0,115,404,0.0,66284c21a9efe18f4d85eafe,shared_domain,shared_domain
1.0,1.0,1.0,1.0,0.0,1.0,115,404,0.0,66284c21a9efe18f4d85eaff,shared_domain,shared_domain
1.0,1.0,1.0,1.0,0.0,1.0,115,404,0.0,66284c23a9efe18f4d85eb06,shared_domain,shared_domain
1.0,1.0,1.0,1.0,0.0,1.0,115,404,0.0,66284c24a9efe18f4d85eb08,shared_domain,shared_domain
1.0,1.0,1.0,1.0,0.0,1.0,115,404,0.0,66284c25a9efe18f4d85eb0c,shared_domain,shared_domain
1.0,1.0,1.0,1.0,0.0,1.0,115,404,0.0,66284c29a9efe18f4d85eb17,shared_domain,shared_domain
1.0,1.0,0.0,1.0,0.0,1.0,-1,22,0.0,66284c2aa9efe18f4d85eb1c,attackers_domain,compromised_domain
1.0,1.0,1.0,1.0,0.0,1.0,115,404,0.0,66284c2da9efe18f4d85eb24,shared_domain,shared_domain
1.0,1.0,1.0,1.0,0.0,1.0,115,404,0.0,66284c33a9efe18f4d85eb3a,shared_domain,shared_domain
1.0,1.0,0.0,1.0,0.0,1.0,1995,141,0.0,66284c34a9efe18f4d85eb3e,shared_domain,shared_domain
0.0,1.0,1.0,1.0,0.0,1.0,54,335,0.0,66284c37a9efe18f4d85eb45,shared_domain,shared_domain
0.0,1.0,1.0,1.0,0.0,1.0,378,190,0.0,66284c37a9efe18f4d85eb48,shared_domain,shared_domain
1.0,0.0,0.0,0.0,1.0,0.0,-2,-2,1.0,66284c39a9efe18f4d85eb4c,attackers_domain,attackers_domain
1.0,1.0,1.0,1.0,0.0,1.0,115,509,0.0,66284c3ea9efe18f4d85eb5c,shared_domain,shared_domain
1.0,1.0,0.0,1.0,0.0,0.0,4432,485,0.0,66284c3ea9efe18f4d85eb5d,shared_domain,shared_domain
0.0,1.0,0.0,1.0,0.0,1.0,21,70,0.0,66284c3fa9efe18f4d85eb60,shared_domain,shared_domain
0.0,0.0,0.0,0.0,0.0,1.0,-2,-2,,66284c40a9efe18f4d85eb62,attackers_domain,attackers_domain
1.0,1.0,0.0,1.0,0.0,1.0,-2,-2,0.0,66284c40a9efe18f4d85eb64,attackers_domain,attackers_domain
1.0,0.0,0.0,1.0,0.0,1.0,-1,14,1.0,66284c45a9efe18f4d85eb74,attackers_domain,attackers_domain
0.0,1.0,0.0,1.0,0.0,1.0,538,6,0.0,66284c47a9efe18f4d85eb7c,shared_domain,shared_domain
0.0,1.0,0.0,1.0,0.0,1.0,538,5,0.0,66284c48a9efe18f4d85eb7d,shared_domain,shared_domain
0.0,1.0,0.0,1.0,0.0,1.0,555,23,0.0,66284c4ba9efe18f4d85eb88,shared_domain,shared_domain
0.0,1.0,0.0,1.0,0.0,1.0,538,6,0.0,66284c4ca9efe18f4d85eb8d,shared_domain,shared_domain
0.0,1.0,0.0,1.0,0.0,1.0,555,36,0.0,66284c4da9efe18f4d85eb8e,shared_domain,shared_domain
0.0,0.0,0.0,0.0,0.0,1.0,-2,-2,1.0,66284c51a9efe18f4d85eb9d,attackers_domain,attackers_domain
0.0,1.0,1.0,1.0,0.0,1.0,4,214,0.0,66284c52a9efe18f4d85eba0,shared_domain,shared_domain
1.0,1.0,1.0,1.0,0.0,1.0,115,94,0.0,66284c5ea9efe18f4d85ebb8,shared_domain,shared_domain
0.0,1.0,0.0,1.0,0.0,1.0,555,84,0.0,66284c60a9efe18f4d85ebc0,shared_domain,shared_domain
0.0,1.0,0.0,1.0,0.0,1.0,555,43,0.0,66284c68a9efe18f4d85ebdb,shared_domain,shared_domain
0.0,1.0,0.0,1.0,0.0,1.0,555,19,0.0,66284c76a9efe18f4d85ec05,shared_domain,shared_domain
1.0,1.0,0.0,1.0,0.0,0.0,4432,476,0.0,66284c7aa9efe18f4d85ec12,shared_domain,shared_domain
0.0,1.0,0.0,1.0,0.0,1.0,555,37,0.0,66284c7ba9efe18f4d85ec14,shared_domain,shared_domain
0.0,1.0,1.0,1.0,0.0,1.0,54,196,0.0,66284c7ea9efe18f4d85ec1e,shared_domain,shared_domain
1.0,1.0,1.0,1.0,0.0,1.0,225,184,0.0,66284c81a9efe18f4d85ec28,shared_domain,shared_domain
1.0,0.0,0.0,0.0,1.0,0.0,-2,-2,1.0,66284c88a9efe18f4d85ec3d,attackers_domain,attackers_domain
0.0,0.0,0.0,0.0,0.0,1.0,-2,-2,1.0,66284c8aa9efe18f4d85ec3f,attackers_domain,attackers_domain
0.0,0.0,0.0,0.0,0.0,1.0,-2,-2,1.0,66284c8aa9efe18f4d85ec41,attackers_domain,attackers_domain
0.0,1.0,1.0,1.0,0.0,1.0,54,407,0.0,66284c8ea9efe18f4d85ec48,shared_domain,shared_domain
0.0,1.0,1.0,1.0,0.0,1.0,4,191,0.0,66284c90a9efe18f4d85ec50,shared_domain,shared_domain
0.0,1.0,0.0,1.0,0.0,1.0,304,197,0.0,66284c93a9efe18f4d85ec56,shared_domain,shared_domain
0.0,0.0,0.0,0.0,0.0,1.0,-2,-2,1.0,66284c93a9efe18f4d85ec58,attackers_domain,attackers_domain
0.0,0.0,0.0,0.0,0.0,1.0,-2,-2,1.0,66284c9da9efe18f4d85ec70,attackers_domain,attackers_domain
1.0,1.0,0.0,1.0,0.0,1.0,2435,253,0.0,66284ca2a9efe18f4d85ec77,shared_domain,shared_domain
1.0,1.0,1.0,1.0,0.0,1.0,115,525,0.0,66284e0ea9efe18f4d85ec7d,shared_domain,shared_domain
1.0,1.0,1.0,1.0,0.0,1.0,115,525,0.0,662858e0a9efe18f4d85ec89,shared_domain,shared_domain
1.0,0.0,0.0,0.0,0.0,0.0,-2,-2,1.0,66285c64a9efe18f4d85ec90,attackers_domain,attackers_domain
1.0,0.0,0.0,0.0,0.0,0.0,-2,-2,1.0,66285c64a9efe18f4d85ec98,attackers_domain,attackers_domain
1.0,0.0,0.0,0.0,0.0,0.0,-2,-2,1.0,662863a5a9efe18f4d85ecb2,attackers_domain,attackers_domain
1.0,0.0,0.0,0.0,0.0,0.0,-2,-2,1.0,662863a6a9efe18f4d85ecb3,attackers_domain,attackers_domain
1.0,1.0,1.0,1.0,0.0,1.0,115,44,0.0,66286af4a9efe18f4d85ecd4,shared_domain,shared_domain
1.0,1.0,1.0,1.0,0.0,1.0,115,51,0.0,66286af4a9efe18f4d85ece0,shared_domain,shared_domain
0.0,0.0,0.0,0.0,0.0,1.0,-2,-2,1.0,6628769ea9efe18f4d85ecf5,attackers_domain,attackers_domain
1.0,1.0,0.0,1.0,0.0,1.0,41,38,0.0,6628769ea9efe18f4d85ed06,shared_domain,shared_domain
1.0,1.0,1.0,1.0,0.0,1.0,115,404,0.0,66287dcfa9efe18f4d85ed09,shared_domain,shared_domain
1.0,0.0,0.0,0.0,0.0,1.0,-2,-2,1.0,66287dcfa9efe18f4d85ed16,attackers_domain,attackers_domain
1.0,1.0,1.0,1.0,0.0,1.0,115,48,0.0,66287dcfa9efe18f4d85ed18,shared_domain,shared_domain
1.0,1.0,1.0,1.0,0.0,1.0,115,48,0.0,66287dcfa9efe18f4d85ed19,shared_domain,shared_domain
1.0,0.0,0.0,0.0,0.0,0.0,-2,-2,1.0,66287dcfa9efe18f4d85ed1c,attackers_domain,attackers_domain
1.0,1.0,1.0,1.0,0.0,1.0,49,32,0.0,66288c79a9efe18f4d85ed93,shared_domain,shared_domain
0.0,1.0,0.0,1.0,0.0,1.0,430,234,0.0,66289202a9efe18f4d85edc0,shared_domain,shared_domain
0.0,1.0,1.0,1.0,0.0,1.0,77,153,0.0,66289202a9efe18f4d85edc3,shared_domain,shared_domain
0.0,1.0,1.0,1.0,0.0,1.0,72,92,0.0,66289202a9efe18f4d85edc4,shared_domain,shared_domain
0.0,1.0,0.0,1.0,0.0,1.0,430,140,0.0,66289202a9efe18f4d85edc8,shared_domain,shared_domain
0.0,1.0,0.0,1.0,0.0,1.0,169,231,0.0,66289202a9efe18f4d85edcf,shared_domain,shared_domain
1.0,1.0,1.0,1.0,0.0,1.0,49,595,0.0,66289b01a9efe18f4d85ede8,shared_domain,shared_domain
1.0,1.0,1.0,1.0,0.0,1.0,49,61,0.0,66289b01a9efe18f4d85ede9,shared_domain,shared_domain
1.0,1.0,0.0,1.0,0.0,0.0,-2,-2,1.0,66289b02a9efe18f4d85edf4,attackers_domain,compromised_domain
0.0,1.0,0.0,1.0,0.0,1.0,387,84,0.0,66289e9ca9efe18f4d85ee05,shared_domain,shared_domain
0.0,1.0,1.0,1.0,0.0,1.0,4,227,0.0,6628a015a9efe18f4d85ee09,shared_domain,shared_domain
0.0,1.0,0.0,1.0,0.0,1.0,387,84,0.0,6628ae32a9efe18f4d85ee3a,shared_domain,shared_domain
1.0,1.0,1.0,1.0,0.0,1.0,49,310,0.0,6628ae32a9efe18f4d85ee3e,shared_domain,shared_domain
1.0,1.0,1.0,1.0,0.0,1.0,115,48,0.0,6628b817a9efe18f4d85ee85,shared_domain,shared_domain
1.0,1.0,1.0,1.0,0.0,1.0,115,48,0.0,6628b817a9efe18f4d85eea3,shared_domain,shared_domain
1.0,1.0,1.0,1.0,0.0,1.0,115,48,0.0,6628c678a9efe18f4d85eebd,shared_domain,shared_domain
1.0,1.0,0.0,0.0,0.0,0.0,-2,-2,1.0,6628cdb2a9efe18f4d85eece,attackers_domain,attackers_domain
1.0,1.0,1.0,1.0,0.0,1.0,115,48,0.0,6628cdb2a9efe18f4d85eed1,shared_domain,shared_domain
1.0,1.0,1.0,1.0,0.0,1.0,652,10,0.0,6628d87da9efe18f4d85eeef,shared_domain,shared_domain
0.0,1.0,1.0,1.0,0.0,1.0,378,165,0.0,6628d87da9efe18f4d85eef0,shared_domain,shared_domain
0.0,0.0,0.0,0.0,0.0,1.0,-2,-2,1.0,6628d87da9efe18f4d85eefa,attackers_domain,attackers_domain
0.0,1.0,1.0,1.0,0.0,1.0,4,198,0.0,6628d9dfa9efe18f4d85ef0a,shared_domain,shared_domain
1.0,0.0,0.0,1.0,1.0,0.0,-1,5,1.0,6628d9dfa9efe18f4d85ef0e,attackers_domain,attackers_domain
1.0,0.0,0.0,0.0,1.0,0.0,-2,-2,1.0,6628d9dfa9efe18f4d85ef15,attackers_domain,attackers_domain
1.0,1.0,0.0,1.0,0.0,1.0,0,35,0.0,6628d9dfa9efe18f4d85ef2a,compromised_domain,compromised_domain
0.0,1.0,1.0,1.0,0.0,1.0,4,48,0.0,6628d9dfa9efe18f4d85ef32,shared_domain,shared_domain
1.0,1.0,1.0,1.0,0.0,1.0,652,40,0.0,6628d9dfa9efe18f4d85ef5d,shared_domain,shared_domain
1.0,1.0,1.0,1.0,0.0,1.0,115,66,0.0,6628d9e0a9efe18f4d85ef70,shared_domain,shared_domain
1.0,1.0,1.0,1.0,0.0,0.0,0,35,0.0,6628d9e0a9efe18f4d85ef7d,shared_domain,shared_domain
1.0,1.0,0.0,1.0,0.0,0.0,0,3,0.0,6628d9e0a9efe18f4d85ef8e,shared_domain,shared_domain
1.0,0.0,0.0,0.0,0.0,1.0,-2,-2,1.0,6628d9e0a9efe18f4d85ef9a,attackers_domain,attackers_domain
1.0,1.0,0.0,1.0,0.0,0.0,0,3,0.0,6628d9e0a9efe18f4d85ef9b,shared_domain,shared_domain
0.0,1.0,1.0,1.0,0.0,1.0,77,168,0.0,6628d9e0a9efe18f4d85efaf,shared_domain,shared_domain
0.0,1.0,1.0,1.0,0.0,1.0,77,159,0.0,6628d9e0a9efe18f4d85efcd,shared_domain,shared_domain
1.0,0.0,0.0,0.0,0.0,1.0,-2,-2,1.0,6628d9e1a9efe18f4d85f018,attackers_domain,attackers_domain
1.0,1.0,1.0,1.0,0.0,1.0,115,55,0.0,6628d9e1a9efe18f4d85f045,shared_domain,shared_domain
1.0,1.0,1.0,1.0,0.0,1.0,115,55,0.0,6628d9e1a9efe18f4d85f04d,shared_domain,shared_domain
1.0,1.0,1.0,1.0,0.0,1.0,115,55,0.0,6628d9e1a9efe18f4d85f04e,shared_domain,shared_domain
1.0,1.0,1.0,1.0,0.0,1.0,115,55,0.0,6628d9e1a9efe18f4d85f055,shared_domain,shared_domain
1.0,1.0,1.0,1.0,0.0,1.0,115,55,0.0,6628d9e1a9efe18f4d85f060,shared_domain,shared_domain
1.0,1.0,1.0,1.0,0.0,1.0,115,55,0.0,6628d9e1a9efe18f4d85f063,shared_domain,shared_domain
1.0,1.0,1.0,1.0,0.0,1.0,115,55,0.0,6628d9e2a9efe18f4d85f06e,shared_domain,shared_domain
1.0,1.0,1.0,1.0,0.0,1.0,115,55,0.0,6628d9e2a9efe18f4d85f071,shared_domain,shared_domain
1.0,0.0,0.0,0.0,0.0,1.0,-2,-2,1.0,6628d9e2a9efe18f4d85f087,attackers_domain,attackers_domain
0.0,0.0,0.0,0.0,0.0,1.0,-2,-2,1.0,6628d9e2a9efe18f4d85f096,attackers_domain,attackers_domain
0.0,0.0,0.0,0.0,0.0,1.0,-2,-2,1.0,6628d9e2a9efe18f4d85f097,attackers_domain,attackers_domain
0.0,0.0,0.0,0.0,0.0,1.0,-2,-2,1.0,6628d9e2a9efe18f4d85f098,attackers_domain,attackers_domain
0.0,0.0,0.0,0.0,0.0,1.0,-2,-2,1.0,6628d9e2a9efe18f4d85f09c,attackers_domain,attackers_domain
0.0,0.0,0.0,1.0,0.0,1.0,-2,-2,1.0,6628d9e2a9efe18f4d85f0a2,attackers_domain,attackers_domain
1.0,0.0,0.0,0.0,0.0,1.0,-2,-2,1.0,6628d9e2a9efe18f4d85f0a9,attackers_domain,attackers_domain
1.0,0.0,0.0,0.0,0.0,1.0,-2,-2,1.0,6628d9e2a9efe18f4d85f0c0,attackers_domain,attackers_domain
1.0,0.0,0.0,0.0,1.0,0.0,-2,-2,1.0,6628d9e2a9efe18f4d85f0cb,attackers_domain,attackers_domain
1.0,0.0,0.0,0.0,1.0,0.0,-2,-2,1.0,6628d9e2a9efe18f4d85f0d1,attackers_domain,attackers_domain
1.0,1.0,0.0,1.0,0.0,1.0,2435,133,0.0,6628d9e2a9efe18f4d85f0d9,shared_domain,shared_domain
1.0,1.0,0.0,0.0,0.0,1.0,-2,-2,0.0,6628d9e2a9efe18f4d85f0db,shared_domain,shared_domain
1.0,1.0,0.0,0.0,0.0,1.0,-2,-2,0.0,6628d9e2a9efe18f4d85f0dd,shared_domain,shared_domain
1.0,1.0,0.0,0.0,0.0,1.0,-2,-2,0.0,6628d9e2a9efe18f4d85f0de,shared_domain,shared_domain
1.0,0.0,0.0,0.0,0.0,1.0,-2,-2,1.0,6628d9e3a9efe18f4d85f0fd,attackers_domain,attackers_domain
1.0,1.0,1.0,1.0,0.0,1.0,115,48,0.0,6628dfc6a9efe18f4d85f111,shared_domain,shared_domain
1.0,0.0,0.0,0.0,1.0,0.0,-2,-2,1.0,6628e361a9efe18f4d85f120,attackers_domain,attackers_domain
1.0,0.0,0.0,1.0,1.0,0.0,-2,-2,1.0,6628e361a9efe18f4d85f12c,attackers_domain,attackers_domain
1.0,0.0,0.0,1.0,1.0,0.0,-1,7,1.0,6628e361a9efe18f4d85f12f,attackers_domain,attackers_domain
1.0,1.0,1.0,1.0,0.0,1.0,115,149,0.0,6628e7fda9efe18f4d85f14a,shared_domain,shared_domain
1.0,1.0,1.0,1.0,0.0,1.0,370,355,0.0,6628e7fda9efe18f4d85f150,shared_domain,shared_domain
1.0,1.0,1.0,1.0,0.0,1.0,115,299,0.0,6628e7fda9efe18f4d85f158,shared_domain,shared_domain
1.0,0.0,0.0,0.0,0.0,1.0,-2,-2,1.0,6628e7fea9efe18f4d85f15e,attackers_domain,attackers_domain
1.0,1.0,0.0,1.0,0.0,0.0,2270,158,0.0,6628e7fea9efe18f4d85f164,shared_domain,shared_domain
1.0,1.0,1.0,1.0,0.0,1.0,115,38,0.0,6628e7fea9efe18f4d85f171,shared_domain,shared_domain
1.0,1.0,1.0,1.0,0.0,1.0,652,91,0.0,6628e7fea9efe18f4d85f17f,shared_domain,shared_domain
1.0,1.0,1.0,1.0,0.0,1.0,652,75,0.0,6628e7fea9efe18f4d85f181,shared_domain,shared_domain
1.0,1.0,1.0,1.0,0.0,1.0,115,552,0.0,6628e7fea9efe18f4d85f18b,shared_domain,shared_domain
0.0,1.0,0.0,0.0,0.0,1.0,-2,-2,0.0,6628e7fea9efe18f4d85f19b,shared_domain,shared_domain
0.0,1.0,0.0,1.0,0.0,1.0,0,68,0.0,6628e7fea9efe18f4d85f1a1,shared_domain,shared_domain
1.0,1.0,1.0,1.0,0.0,1.0,115,118,0.0,6628e7fea9efe18f4d85f1aa,shared_domain,shared_domain
1.0,1.0,1.0,1.0,0.0,1.0,115,88,0.0,6628e7fea9efe18f4d85f1ab,shared_domain,shared_domain
1.0,1.0,1.0,1.0,0.0,1.0,115,88,0.0,6628e7fea9efe18f4d85f1b1,shared_domain,shared_domain
0.0,1.0,1.0,1.0,0.0,1.0,378,190,0.0,6628e7fea9efe18f4d85f1ba,shared_domain,shared_domain
1.0,1.0,1.0,1.0,0.0,1.0,115,101,0.0,6628e7fea9efe18f4d85f1bf,shared_domain,shared_domain
1.0,1.0,1.0,1.0,0.0,1.0,225,73,0.0,6628e7fea9efe18f4d85f1c1,shared_domain,shared_domain
1.0,1.0,0.0,1.0,0.0,1.0,180,3262,0.0,6628e7fea9efe18f4d85f1c8,shared_domain,compromised_domain
1.0,1.0,0.0,1.0,0.0,0.0,2270,140,0.0,6628e7fea9efe18f4d85f1e1,shared_domain,shared_domain
1.0,1.0,1.0,1.0,0.0,1.0,115,270,0.0,6628e7fea9efe18f4d85f1f4,shared_domain,shared_domain
1.0,1.0,1.0,1.0,0.0,1.0,225,263,0.0,6628e7ffa9efe18f4d85f200,shared_domain,shared_domain
0.0,1.0,0.0,1.0,0.0,1.0,336,67,0.0,6628e7ffa9efe18f4d85f205,shared_domain,shared_domain
1.0,1.0,0.0,1.0,0.0,0.0,260,29,0.0,6628e7ffa9efe18f4d85f212,shared_domain,shared_domain
1.0,1.0,1.0,1.0,0.0,1.0,-1,203,0.0,6628e7ffa9efe18f4d85f213,shared_domain,shared_domain
1.0,1.0,1.0,1.0,0.0,1.0,115,48,0.0,6628ee20a9efe18f4d85f224,shared_domain,shared_domain
0.0,1.0,0.0,0.0,0.0,1.0,-2,-2,0.0,6628f51ca9efe18f4d85f243,shared_domain,shared_domain
0.0,1.0,0.0,0.0,0.0,1.0,-2,-2,0.0,6628f51ca9efe18f4d85f245,shared_domain,shared_domain
0.0,0.0,0.0,0.0,0.0,1.0,-2,-2,1.0,6628f51ea9efe18f4d85f24a,attackers_domain,attackers_domain
0.0,0.0,0.0,0.0,0.0,1.0,-2,-2,1.0,6628f520a9efe18f4d85f252,attackers_domain,attackers_domain
1.0,0.0,0.0,0.0,0.0,1.0,-2,-2,1.0,6628f521a9efe18f4d85f253,attackers_domain,attackers_domain
1.0,0.0,0.0,1.0,0.0,1.0,-2,-2,1.0,6628f524a9efe18f4d85f25f,attackers_domain,attackers_domain
1.0,1.0,1.0,1.0,0.0,1.0,-1,58,0.0,6628f539a9efe18f4d85f290,shared_domain,shared_domain
0.0,1.0,0.0,1.0,0.0,1.0,304,96,0.0,6628f544a9efe18f4d85f2aa,shared_domain,shared_domain
0.0,1.0,0.0,1.0,0.0,1.0,304,96,0.0,6628f547a9efe18f4d85f2b5,shared_domain,shared_domain
0.0,1.0,0.0,1.0,0.0,1.0,304,103,0.0,6628f549a9efe18f4d85f2b9,shared_domain,shared_domain
1.0,0.0,0.0,1.0,0.0,1.0,-2,-2,1.0,6628f551a9efe18f4d85f2cf,attackers_domain,attackers_domain
1.0,1.0,1.0,1.0,0.0,1.0,225,73,0.0,6628f559a9efe18f4d85f2e1,shared_domain,shared_domain
1.0,0.0,0.0,0.0,0.0,0.0,-2,-2,1.0,6628f55aa9efe18f4d85f2e5,attackers_domain,attackers_domain
1.0,1.0,0.0,1.0,0.0,1.0,2435,613,0.0,6628f55fa9efe18f4d85f2f5,shared_domain,shared_domain
1.0,1.0,1.0,1.0,0.0,1.0,225,156,0.0,6628f564a9efe18f4d85f2ff,shared_domain,shared_domain
1.0,1.0,1.0,1.0,0.0,1.0,660,822,0.0,6628f56ca9efe18f4d85f30d,shared_domain,shared_domain
1.0,1.0,1.0,1.0,0.0,1.0,652,249,0.0,6628f56fa9efe18f4d85f315,shared_domain,shared_domain
1.0,1.0,1.0,1.0,0.0,1.0,115,60,0.0,6628f571a9efe18f4d85f31b,shared_domain,shared_domain
1.0,1.0,1.0,1.0,0.0,1.0,115,47,0.0,6628f574a9efe18f4d85f320,shared_domain,shared_domain
1.0,1.0,0.0,1.0,1.0,0.0,6,218,0.0,6628f57da9efe18f4d85f331,compromised_domain,attackers_domain
1.0,0.0,0.0,0.0,0.0,0.0,-2,-2,1.0,6628f57ea9efe18f4d85f336,attackers_domain,attackers_domain
1.0,1.0,1.0,1.0,0.0,1.0,115,54,0.0,6628f581a9efe18f4d85f341,shared_domain,shared_domain
0.0,1.0,0.0,1.0,0.0,1.0,555,20,0.0,6628f583a9efe18f4d85f346,shared_domain,shared_domain
1.0,1.0,1.0,1.0,0.0,1.0,652,61,0.0,6628f585a9efe18f4d85f34b,shared_domain,shared_domain
1.0,1.0,1.0,1.0,0.0,1.0,652,52,0.0,6628f587a9efe18f4d85f34f,shared_domain,shared_domain
0.0,0.0,0.0,0.0,0.0,1.0,-2,-2,1.0,6628f58aa9efe18f4d85f352,attackers_domain,attackers_domain
0.0,0.0,0.0,0.0,0.0,1.0,-2,-2,1.0,6628f58aa9efe18f4d85f354,attackers_domain,attackers_domain
0.0,0.0,0.0,0.0,0.0,1.0,-2,-2,1.0,6628f58da9efe18f4d85f35a,attackers_domain,attackers_domain
0.0,0.0,0.0,1.0,0.0,1.0,-2,-2,1.0,6628f58ea9efe18f4d85f35d,attackers_domain,attackers_domain
0.0,1.0,1.0,1.0,0.0,1.0,4,202,0.0,6628f58fa9efe18f4d85f35e,shared_domain,shared_domain
1.0,1.0,1.0,1.0,0.0,1.0,115,42,0.0,6628f592a9efe18f4d85f367,shared_domain,shared_domain
0.0,1.0,1.0,1.0,0.0,1.0,4,197,0.0,6628f594a9efe18f4d85f36c,shared_domain,shared_domain
0.0,1.0,0.0,1.0,0.0,1.0,846,426,0.0,6628f596a9efe18f4d85f373,shared_domain,shared_domain
1.0,1.0,1.0,1.0,0.0,1.0,115,157,0.0,6628f59ba9efe18f4d85f37a,shared_domain,shared_domain
0.0,1.0,0.0,1.0,0.0,1.0,304,565,0.0,6628f59ca9efe18f4d85f37b,shared_domain,shared_domain
1.0,1.0,1.0,1.0,0.0,1.0,652,418,0.0,6628f5a0a9efe18f4d85f382,shared_domain,shared_domain
0.0,1.0,0.0,0.0,0.0,1.0,-2,-2,1.0,6628f5e5a9efe18f4d85f38e,attackers_domain,attackers_domain
1.0,0.0,0.0,0.0,0.0,1.0,-2,-2,1.0,6628f631a9efe18f4d85f39d,attackers_domain,attackers_domain
1.0,1.0,1.0,1.0,0.0,1.0,-1,71,0.0,6628f631a9efe18f4d85f3ae,shared_domain,shared_domain
0.0,0.0,0.0,0.0,0.0,1.0,-2,-2,1.0,662900eaa9efe18f4d85f41c,attackers_domain,attackers_domain
0.0,1.0,1.0,1.0,0.0,1.0,54,201,0.0,66290c8ba9efe18f4d85f438,shared_domain,shared_domain
1.0,1.0,1.0,1.0,0.0,1.0,-1,205,0.0,66290c8ba9efe18f4d85f439,shared_domain,shared_domain
1.0,1.0,1.0,1.0,0.0,1.0,115,49,0.0,66290c8ba9efe18f4d85f43e,shared_domain,shared_domain
1.0,1.0,0.0,0.0,0.0,1.0,-2,-2,0.0,66291022a9efe18f4d85f44a,shared_domain,shared_domain
1.0,1.0,1.0,1.0,0.0,1.0,-1,204,0.0,662913d9a9efe18f4d85f468,shared_domain,shared_domain
1.0,0.0,0.0,0.0,0.0,0.0,-2,-2,1.0,662913d9a9efe18f4d85f473,attackers_domain,attackers_domain
1.0,0.0,0.0,0.0,0.0,0.0,-2,-2,1.0,662913daa9efe18f4d85f476,attackers_domain,attackers_domain
1.0,1.0,1.0,1.0,0.0,1.0,115,44,0.0,662913daa9efe18f4d85f477,shared_domain,shared_domain
1.0,0.0,0.0,0.0,0.0,0.0,-2,-2,1.0,662913daa9efe18f4d85f47d,attackers_domain,attackers_domain
1.0,1.0,0.0,1.0,1.0,0.0,-2,-2,1.0,66291b0ba9efe18f4d85f48f,attackers_domain,attackers_domain
1.0,0.0,0.0,0.0,0.0,1.0,-2,-2,1.0,66291b0ba9efe18f4d85f497,attackers_domain,attackers_domain
1.0,0.0,0.0,1.0,0.0,0.0,-1,19,1.0,66291ec9a9efe18f4d85f4b7,attackers_domain,attackers_domain
1.0,1.0,0.0,1.0,0.0,1.0,-1,1250,0.0,66291ec9a9efe18f4d85f4bb,shared_domain,shared_domain
1.0,1.0,0.0,1.0,0.0,1.0,1073,114,0.0,66291ec9a9efe18f4d85f4bd,shared_domain,shared_domain
1.0,1.0,0.0,1.0,0.0,0.0,4432,441,0.0,662920bca9efe18f4d85f4c6,shared_domain,shared_domain
1.0,1.0,0.0,1.0,0.0,0.0,4432,392,0.0,662920bca9efe18f4d85f4c7,shared_domain,shared_domain
1.0,1.0,1.0,1.0,0.0,1.0,-1,206,0.0,662920bca9efe18f4d85f4d6,shared_domain,shared_domain
0.0,1.0,0.0,1.0,0.0,1.0,42,15,0.0,662925eca9efe18f4d85f4e3,shared_domain,shared_domain
1.0,1.0,1.0,1.0,0.0,1.0,115,44,0.0,662925eca9efe18f4d85f4e6,shared_domain,shared_domain
1.0,1.0,0.0,1.0,0.0,1.0,2435,87,0.0,66292999a9efe18f4d85f4f0,shared_domain,shared_domain
1.0,1.0,0.0,0.0,0.0,1.0,-2,-2,0.0,66292999a9efe18f4d85f4f1,shared_domain,shared_domain
0.0,1.0,0.0,1.0,0.0,1.0,64,214,0.0,66292999a9efe18f4d85f4f3,shared_domain,shared_domain
1.0,1.0,0.0,1.0,1.0,0.0,-2,-2,1.0,66292999a9efe18f4d85f4f7,attackers_domain,attackers_domain
0.0,1.0,0.0,1.0,0.0,1.0,43,104,0.0,66292eeaa9efe18f4d85f517,shared_domain,shared_domain
1.0,1.0,0.0,1.0,0.0,1.0,531,80,0.0,66292eeaa9efe18f4d85f51d,shared_domain,shared_domain
1.0,1.0,1.0,1.0,0.0,1.0,-1,203,0.0,66292eeaa9efe18f4d85f526,shared_domain,shared_domain
1.0,1.0,1.0,1.0,0.0,1.0,-1,203,0.0,662942afa9efe18f4d85f55f,shared_domain,shared_domain
0.0,1.0,1.0,1.0,0.0,1.0,54,50,0.0,66294665a9efe18f4d85f56f,shared_domain,shared_domain
1.0,1.0,1.0,1.0,0.0,1.0,115,57,0.0,662949fca9efe18f4d85f572,shared_domain,shared_domain
1.0,1.0,1.0,1.0,0.0,1.0,225,156,0.0,662949fca9efe18f4d85f573,shared_domain,shared_domain
0.0,1.0,0.0,1.0,0.0,1.0,42,44,0.0,662949fca9efe18f4d85f575,shared_domain,shared_domain
1.0,1.0,0.0,1.0,0.0,0.0,43,20,0.0,662949fca9efe18f4d85f584,shared_domain,shared_domain
0.0,1.0,0.0,1.0,0.0,1.0,304,98,0.0,66294b37a9efe18f4d85f58a,shared_domain,shared_domain
0.0,1.0,0.0,1.0,0.0,1.0,304,196,0.0,66294b37a9efe18f4d85f58b,shared_domain,shared_domain
1.0,1.0,1.0,1.0,0.0,0.0,0,149,0.0,66294b37a9efe18f4d85f58d,shared_domain,shared_domain
1.0,1.0,1.0,1.0,0.0,1.0,-1,203,0.0,66294b37a9efe18f4d85f593,shared_domain,shared_domain
0.0,1.0,0.0,1.0,0.0,1.0,42,14,0.0,66295152a9efe18f4d85f5a2,shared_domain,shared_domain
0.0,1.0,0.0,1.0,0.0,1.0,42,60,0.0,66295152a9efe18f4d85f5a3,shared_domain,shared_domain
1.0,0.0,0.0,1.0,1.0,0.0,-2,-2,1.0,662954eba9efe18f4d85f5b6,attackers_domain,attackers_domain
1.0,0.0,0.0,1.0,1.0,0.0,-2,-2,1.0,662954eba9efe18f4d85f5bc,attackers_domain,attackers_domain
1.0,0.0,0.0,1.0,1.0,0.0,-2,-2,1.0,662954eba9efe18f4d85f5bd,attackers_domain,attackers_domain
1.0,0.0,0.0,1.0,1.0,0.0,-2,-2,1.0,662954eba9efe18f4d85f5c0,attackers_domain,attackers_domain
1.0,0.0,0.0,1.0,1.0,0.0,-2,-2,1.0,662954eba9efe18f4d85f5c1,attackers_domain,attackers_domain
1.0,0.0,0.0,0.0,1.0,0.0,-2,-2,1.0,662954eba9efe18f4d85f5c3,attackers_domain,attackers_domain
0.0,1.0,1.0,1.0,0.0,1.0,4,196,0.0,66295982a9efe18f4d85f5e0,shared_domain,shared_domain
0.0,1.0,1.0,1.0,0.0,1.0,77,146,0.0,66295982a9efe18f4d85f5e3,shared_domain,shared_domain
0.0,1.0,0.0,1.0,0.0,1.0,336,71,0.0,66295982a9efe18f4d85f5ea,shared_domain,shared_domain
0.0,1.0,1.0,1.0,0.0,1.0,77,155,0.0,66295982a9efe18f4d85f5ec,shared_domain,shared_domain
0.0,1.0,1.0,1.0,0.0,1.0,77,151,0.0,66295982a9efe18f4d85f5ee,shared_domain,shared_domain
0.0,1.0,0.0,1.0,0.0,1.0,304,89,0.0,66295982a9efe18f4d85f601,shared_domain,shared_domain
0.0,1.0,0.0,1.0,0.0,1.0,304,92,0.0,66295982a9efe18f4d85f60c,shared_domain,shared_domain
0.0,1.0,0.0,1.0,0.0,1.0,304,94,0.0,66295982a9efe18f4d85f60d,shared_domain,shared_domain
0.0,1.0,0.0,1.0,0.0,1.0,304,222,0.0,66295982a9efe18f4d85f619,shared_domain,shared_domain
0.0,1.0,0.0,1.0,0.0,1.0,304,2511,0.0,66295982a9efe18f4d85f61d,shared_domain,shared_domain
0.0,1.0,0.0,1.0,0.0,1.0,304,98,0.0,66295983a9efe18f4d85f628,shared_domain,shared_domain
0.0,1.0,0.0,1.0,0.0,1.0,304,89,0.0,66295983a9efe18f4d85f629,shared_domain,shared_domain
0.0,1.0,0.0,1.0,0.0,1.0,304,98,0.0,66295983a9efe18f4d85f62f,shared_domain,shared_domain
0.0,1.0,0.0,1.0,0.0,1.0,326,15,0.0,66295983a9efe18f4d85f633,shared_domain,shared_domain
1.0,1.0,0.0,1.0,0.0,1.0,156,157,0.0,66295983a9efe18f4d85f635,shared_domain,shared_domain
1.0,0.0,0.0,1.0,1.0,0.0,-2,-2,1.0,66295c3fa9efe18f4d85f648,attackers_domain,attackers_domain
1.0,1.0,1.0,1.0,0.0,1.0,-1,203,0.0,66296377a9efe18f4d85f65e,shared_domain,shared_domain
1.0,1.0,0.0,1.0,0.0,1.0,-1,4940,0.0,66296713a9efe18f4d85f66f,shared_domain,shared_domain
1.0,1.0,0.0,0.0,1.0,0.0,-2,-2,1.0,66296714a9efe18f4d85f689,attackers_domain,attackers_domain
1.0,1.0,1.0,1.0,0.0,1.0,660,822,0.0,6629679ba9efe18f4d85f699,shared_domain,shared_domain
1.0,1.0,1.0,1.0,0.0,1.0,-1,204,0.0,66296a9aa9efe18f4d85f6ba,shared_domain,shared_domain
1.0,1.0,0.0,1.0,0.0,0.0,155,87,0.0,662971d8a9efe18f4d85f6ca,shared_domain,shared_domain
1.0,1.0,0.0,1.0,0.0,0.0,201,69,0.0,6629756fa9efe18f4d85f6d9,compromised_domain,compromised_domain
1.0,1.0,1.0,1.0,0.0,1.0,115,88,0.0,6629756fa9efe18f4d85f6e1,shared_domain,shared_domain
1.0,1.0,1.0,1.0,0.0,1.0,652,32,0.0,6629756fa9efe18f4d85f6e2,shared_domain,shared_domain
1.0,1.0,0.0,1.0,0.0,0.0,4432,435,0.0,6629756fa9efe18f4d85f6e6,shared_domain,shared_domain
0.0,1.0,0.0,1.0,0.0,1.0,82,110,0.0,662975baa9efe18f4d85f6f5,shared_domain,shared_domain
1.0,1.0,0.0,0.0,0.0,1.0,-2,-2,0.0,662975baa9efe18f4d85f6f6,shared_domain,shared_domain
1.0,1.0,0.0,1.0,0.0,0.0,4432,460,0.0,662975baa9efe18f4d85f6f9,shared_domain,shared_domain
1.0,1.0,0.0,1.0,0.0,0.0,155,87,0.0,662975baa9efe18f4d85f6fb,shared_domain,shared_domain
1.0,1.0,1.0,1.0,0.0,1.0,-1,204,0.0,662975baa9efe18f4d85f701,shared_domain,shared_domain
1.0,1.0,1.0,1.0,0.0,1.0,115,101,0.0,662978fba9efe18f4d85f70c,shared_domain,shared_domain
0.0,1.0,0.0,1.0,0.0,1.0,304,100,0.0,662978fba9efe18f4d85f711,shared_domain,shared_domain
1.0,1.0,0.0,1.0,0.0,1.0,729,934,0.0,662978fba9efe18f4d85f717,compromised_domain,compromised_domain
1.0,1.0,1.0,1.0,0.0,1.0,-1,238,0.0,66298032a9efe18f4d85f72f,shared_domain,shared_domain
0.0,1.0,1.0,1.0,0.0,1.0,378,148,0.0,66298032a9efe18f4d85f739,shared_domain,shared_domain
1.0,1.0,0.0,1.0,0.0,0.0,155,87,0.0,662983cea9efe18f4d85f773,shared_domain,shared_domain
1.0,1.0,1.0,1.0,0.0,1.0,-1,204,0.0,662983cea9efe18f4d85f779,shared_domain,shared_domain
0.0,0.0,0.0,0.0,0.0,1.0,-2,-2,1.0,66298b46a9efe18f4d85f85e,attackers_domain,attackers_domain
0.0,1.0,0.0,1.0,0.0,1.0,211,13,0.0,662991fda9efe18f4d85f871,shared_domain,shared_domain
0.0,1.0,0.0,1.0,0.0,1.0,211,351,0.0,662991fda9efe18f4d85f873,shared_domain,shared_domain
0.0,1.0,0.0,1.0,0.0,1.0,211,21,0.0,662991fda9efe18f4d85f875,shared_domain,shared_domain
0.0,1.0,0.0,1.0,0.0,1.0,12,322,0.0,662991fea9efe18f4d85f87c,shared_domain,shared_domain
0.0,1.0,0.0,1.0,0.0,1.0,211,325,0.0,662991fea9efe18f4d85f87d,shared_domain,shared_domain
0.0,1.0,0.0,1.0,0.0,1.0,12,51,0.0,662991fea9efe18f4d85f886,shared_domain,shared_domain
0.0,1.0,0.0,1.0,0.0,1.0,211,37,0.0,662991fea9efe18f4d85f889,shared_domain,shared_domain
0.0,1.0,0.0,1.0,0.0,1.0,211,13,0.0,662991fea9efe18f4d85f88b,shared_domain,shared_domain
0.0,1.0,0.0,1.0,0.0,1.0,211,20,0.0,662991fea9efe18f4d85f897,shared_domain,shared_domain
0.0,1.0,0.0,1.0,0.0,1.0,211,16,0.0,662991fea9efe18f4d85f8a1,shared_domain,shared_domain
0.0,1.0,0.0,1.0,0.0,1.0,211,55,0.0,662991fea9efe18f4d85f8b6,shared_domain,shared_domain
1.0,1.0,1.0,1.0,0.0,1.0,115,525,0.0,66299310a9efe18f4d85f8bc,shared_domain,shared_domain
1.0,1.0,1.0,1.0,0.0,1.0,115,525,0.0,66299ddda9efe18f4d85f8dd,shared_domain,shared_domain
1.0,1.0,1.0,1.0,0.0,1.0,49,554,0.0,66299ddda9efe18f4d85f8e3,shared_domain,shared_domain
1.0,1.0,0.0,1.0,0.0,0.0,310,415,0.0,66299ddea9efe18f4d85f8ed,shared_domain,shared_domain
0.0,1.0,0.0,1.0,0.0,1.0,555,70,0.0,66299de7a9efe18f4d85f8ff,shared_domain,shared_domain
1.0,1.0,1.0,1.0,0.0,1.0,370,245,0.0,66299dfaa9efe18f4d85f931,shared_domain,shared_domain
1.0,0.0,0.0,0.0,0.0,0.0,-2,-2,1.0,66299e04a9efe18f4d85f94f,attackers_domain,attackers_domain
1.0,0.0,0.0,1.0,0.0,0.0,-2,-2,1.0,66299e07a9efe18f4d85f959,attackers_domain,attackers_domain
0.0,1.0,0.0,1.0,0.0,1.0,169,293,0.0,66299e13a9efe18f4d85f979,shared_domain,shared_domain
0.0,1.0,0.0,1.0,0.0,1.0,304,196,0.0,66299e14a9efe18f4d85f97a,shared_domain,shared_domain
0.0,1.0,0.0,1.0,0.0,1.0,12,17,0.0,66299e20a9efe18f4d85f990,shared_domain,shared_domain
0.0,1.0,0.0,1.0,0.0,1.0,12,7,0.0,66299e27a9efe18f4d85f9a7,shared_domain,shared_domain
0.0,1.0,0.0,1.0,0.0,1.0,555,22,0.0,66299e29a9efe18f4d85f9ae,shared_domain,shared_domain
1.0,0.0,0.0,0.0,0.0,0.0,-2,-2,1.0,66299e2da9efe18f4d85f9bc,attackers_domain,attackers_domain
1.0,0.0,0.0,0.0,0.0,0.0,-2,-2,1.0,66299e2fa9efe18f4d85f9c0,attackers_domain,attackers_domain
1.0,0.0,0.0,0.0,0.0,0.0,-2,-2,1.0,66299e2fa9efe18f4d85f9c1,attackers_domain,attackers_domain
0.0,1.0,0.0,1.0,0.0,1.0,21,70,0.0,66299e34a9efe18f4d85f9d0,shared_domain,shared_domain
1.0,0.0,0.0,0.0,0.0,0.0,-2,-2,1.0,66299e34a9efe18f4d85f9d1,attackers_domain,attackers_domain
1.0,1.0,0.0,1.0,0.0,0.0,155,87,0.0,66299e35a9efe18f4d85f9d5,shared_domain,shared_domain
1.0,0.0,0.0,0.0,0.0,1.0,-2,-2,1.0,66299e38a9efe18f4d85f9de,attackers_domain,attackers_domain
0.0,1.0,0.0,1.0,0.0,1.0,387,99,0.0,66299e3da9efe18f4d85f9e9,shared_domain,shared_domain
1.0,1.0,0.0,1.0,0.0,1.0,531,135,0.0,66299e40a9efe18f4d85f9f2,shared_domain,shared_domain
1.0,1.0,1.0,1.0,0.0,1.0,225,75,0.0,66299e47a9efe18f4d85fa05,shared_domain,shared_domain
1.0,1.0,1.0,1.0,0.0,1.0,652,117,0.0,66299e4fa9efe18f4d85fa19,shared_domain,shared_domain
0.0,1.0,1.0,1.0,0.0,1.0,4,200,0.0,66299e51a9efe18f4d85fa1d,shared_domain,shared_domain
1.0,1.0,1.0,1.0,0.0,1.0,115,87,0.0,66299e5ca9efe18f4d85fa3a,shared_domain,shared_domain
1.0,1.0,0.0,1.0,0.0,0.0,4432,486,0.0,66299e66a9efe18f4d85fa5b,shared_domain,shared_domain
0.0,1.0,0.0,1.0,0.0,1.0,336,69,0.0,66299e67a9efe18f4d85fa5e,shared_domain,shared_domain
1.0,0.0,0.0,1.0,1.0,0.0,-1,2047,1.0,66299e6aa9efe18f4d85fa6a,attackers_domain,attackers_domain
0.0,1.0,0.0,1.0,0.0,1.0,304,217,0.0,66299e71a9efe18f4d85fa7d,shared_domain,shared_domain
0.0,1.0,1.0,1.0,0.0,1.0,54,381,0.0,6629a01da9efe18f4d85fa88,shared_domain,shared_domain
0.0,1.0,0.0,1.0,0.0,1.0,211,295,0.0,6629a176a9efe18f4d85fa95,shared_domain,shared_domain
0.0,1.0,1.0,1.0,0.0,1.0,378,154,0.0,6629a512a9efe18f4d85fa99,shared_domain,shared_domain
0.0,1.0,1.0,1.0,0.0,1.0,378,133,0.0,6629a512a9efe18f4d85fa9d,shared_domain,shared_domain
1.0,1.0,0.0,1.0,0.0,0.0,310,420,0.0,6629a512a9efe18f4d85fa9e,shared_domain,shared_domain
1.0,1.0,1.0,1.0,0.0,1.0,49,61,0.0,6629a512a9efe18f4d85faa1,shared_domain,shared_domain
0.0,1.0,1.0,1.0,0.0,1.0,378,190,0.0,6629a512a9efe18f4d85faa3,shared_domain,shared_domain
0.0,1.0,1.0,1.0,0.0,1.0,378,147,0.0,6629ac49a9efe18f4d85faaa,shared_domain,shared_domain
1.0,1.0,1.0,1.0,0.0,1.0,115,48,0.0,6629ac49a9efe18f4d85faab,shared_domain,shared_domain
0.0,1.0,1.0,1.0,0.0,1.0,4,203,0.0,6629b36aa9efe18f4d85fab6,shared_domain,shared_domain
0.0,1.0,0.0,1.0,0.0,1.0,430,152,0.0,6629bac0a9efe18f4d85facd,shared_domain,shared_domain
1.0,1.0,1.0,1.0,0.0,1.0,115,44,0.0,6629bac0a9efe18f4d85fad1,shared_domain,shared_domain
0.0,1.0,1.0,1.0,0.0,1.0,54,335,0.0,6629bc76a9efe18f4d85fad6,shared_domain,shared_domain
1.0,0.0,0.0,1.0,1.0,0.0,-2,-2,1.0,6629be47a9efe18f4d85fae2,attackers_domain,attackers_domain
1.0,0.0,0.0,1.0,1.0,0.0,-2,-2,1.0,6629be47a9efe18f4d85fae7,attackers_domain,attackers_domain
1.0,0.0,0.0,1.0,1.0,0.0,-2,-2,1.0,6629be47a9efe18f4d85faf0,attackers_domain,attackers_domain
1.0,1.0,0.0,1.0,0.0,0.0,-2,-2,1.0,6629c1e3a9efe18f4d85faf7,attackers_domain,compromised_domain
1.0,0.0,0.0,0.0,0.0,1.0,-2,-2,1.0,6629c91ca9efe18f4d85fb2b,attackers_domain,attackers_domain
1.0,0.0,0.0,0.0,0.0,1.0,-2,-2,1.0,6629c91ca9efe18f4d85fb2c,attackers_domain,attackers_domain
1.0,0.0,0.0,0.0,0.0,1.0,-2,-2,1.0,6629c91ca9efe18f4d85fb2f,attackers_domain,attackers_domain
1.0,0.0,0.0,0.0,0.0,1.0,-2,-2,1.0,6629c91da9efe18f4d85fb32,attackers_domain,attackers_domain
0.0,0.0,0.0,0.0,0.0,1.0,-2,-2,1.0,6629ccaba9efe18f4d85fb39,attackers_domain,attackers_domain
0.0,1.0,0.0,1.0,0.0,1.0,12,42,0.0,6629d047a9efe18f4d85fb41,shared_domain,shared_domain
1.0,1.0,1.0,1.0,0.0,1.0,49,554,0.0,6629d047a9efe18f4d85fb44,shared_domain,shared_domain
1.0,1.0,1.0,1.0,0.0,1.0,115,44,0.0,6629d047a9efe18f4d85fb4a,shared_domain,shared_domain
0.0,1.0,1.0,1.0,0.0,1.0,378,154,0.0,6629d3e2a9efe18f4d85fb4c,shared_domain,shared_domain
1.0,1.0,1.0,1.0,0.0,1.0,115,48,0.0,6629d77da9efe18f4d85fb52,shared_domain,shared_domain
1.0,1.0,1.0,1.0,0.0,1.0,115,48,0.0,6629d77da9efe18f4d85fb5c,shared_domain,shared_domain
1.0,1.0,1.0,1.0,0.0,1.0,115,48,0.0,6629d77da9efe18f4d85fb5d,shared_domain,shared_domain
1.0,1.0,1.0,1.0,0.0,1.0,115,48,0.0,6629d77da9efe18f4d85fb63,shared_domain,shared_domain
1.0,1.0,1.0,1.0,0.0,1.0,49,46,0.0,6629decea9efe18f4d85fb9f,shared_domain,shared_domain
1.0,1.0,0.0,1.0,0.0,0.0,4432,466,0.0,6629e705a9efe18f4d85fbc7,shared_domain,shared_domain
1.0,1.0,0.0,1.0,0.0,0.0,4432,489,0.0,6629e705a9efe18f4d85fbc8,shared_domain,shared_domain
1.0,1.0,0.0,1.0,0.0,0.0,4432,443,0.0,6629e705a9efe18f4d85fbca,shared_domain,shared_domain
0.0,1.0,0.0,1.0,0.0,1.0,211,13,0.0,6629ed26a9efe18f4d85fbf6,shared_domain,shared_domain
1.0,1.0,1.0,1.0,0.0,1.0,-1,59,0.0,6629ed26a9efe18f4d85fbfa,shared_domain,shared_domain
0.0,1.0,0.0,1.0,0.0,1.0,42,110,0.0,6629ed27a9efe18f4d85fbff,shared_domain,shared_domain
1.0,1.0,0.0,1.0,0.0,0.0,-2,-2,1.0,6629ff1da9efe18f4d85fc34,compromised_domain,compromised_domain
0.0,1.0,1.0,1.0,0.0,1.0,378,169,0.0,662a02c2a9efe18f4d85fc44,shared_domain,shared_domain
1.0,1.0,1.0,1.0,0.0,1.0,49,595,0.0,662a1132a9efe18f4d85fc70,shared_domain,shared_domain
1.0,1.0,1.0,1.0,0.0,1.0,660,1275,0.0,662a1bf4a9efe18f4d85fca4,shared_domain,shared_domain
1.0,1.0,0.0,1.0,0.0,1.0,-1,361,0.0,662a2343a9efe18f4d85fcfd,compromised_domain,shared_domain
1.0,1.0,0.0,1.0,0.0,0.0,4432,491,0.0,662a2343a9efe18f4d85fcfe,shared_domain,shared_domain
1.0,1.0,0.0,1.0,0.0,0.0,4432,491,0.0,662a2dd3a9efe18f4d85fd1c,shared_domain,shared_domain
1.0,1.0,0.0,1.0,0.0,0.0,4432,478,0.0,662a4655a9efe18f4d85feae,shared_domain,shared_domain
1.0,1.0,1.0,1.0,0.0,1.0,660,27,0.0,662a5d97a9efe18f4d85ff59,shared_domain,shared_domain
0.0,1.0,0.0,1.0,0.0,1.0,802,306,0.0,662a6856a9efe18f4d85ff7f,shared_domain,shared_domain
1.0,1.0,1.0,1.0,0.0,1.0,49,61,0.0,662a6c10a9efe18f4d85ff92,shared_domain,shared_domain
1.0,1.0,0.0,1.0,0.0,0.0,155,87,0.0,662a74baa9efe18f4d85ffad,shared_domain,shared_domain
1.0,1.0,0.0,1.0,0.0,1.0,2209,1497,0.0,662a76c7a9efe18f4d85ffb4,shared_domain,shared_domain
1.0,1.0,1.0,1.0,0.0,1.0,-1,204,0.0,662a7a62a9efe18f4d85ffbb,shared_domain,shared_domain
1.0,1.0,1.0,1.0,0.0,1.0,-1,205,0.0,662a82e7a9efe18f4d85ffd5,shared_domain,shared_domain
1.0,1.0,1.0,1.0,0.0,1.0,-1,203,0.0,662a88c4a9efe18f4d85ffe8,shared_domain,shared_domain
0.0,1.0,1.0,1.0,0.0,1.0,378,184,0.0,662a9124a9efe18f4d86000e,shared_domain,shared_domain
1.0,1.0,0.0,1.0,1.0,0.0,-1,7,1.0,662a970ca9efe18f4d86001e,attackers_domain,attackers_domain
0.0,1.0,1.0,1.0,0.0,1.0,378,174,0.0,662a9aa6a9efe18f4d860030,shared_domain,shared_domain
0.0,1.0,1.0,1.0,0.0,1.0,378,200,0.0,662a9e3fa9efe18f4d860035,shared_domain,shared_domain
0.0,1.0,1.0,1.0,0.0,1.0,77,168,0.0,662a9f3ea9efe18f4d86005a,shared_domain,shared_domain
1.0,1.0,0.0,1.0,0.0,0.0,65,35,0.0,66299e40a9efe18f4d85f9f0,compromised_domain,compromised_domain
1.0,1.0,0.0,1.0,0.0,0.0,1048,215,0.0,66299e29a9efe18f4d85f9b0,compromised_domain,compromised_domain
1.0,1.0,0.0,1.0,0.0,0.0,231,266,0.0,662983cca9efe18f4d85f750,compromised_domain,compromised_domain
1.0,1.0,0.0,1.0,0.0,0.0,57,110,0.0,66281412a9efe18f4d85e74a,compromised_domain,shared_domain
0.0,1.0,0.0,1.0,0.0,1.0,0,8,0.0,6627cb1aa9efe18f4d85e57f,compromised_domain,compromised_domain
1.0,0.0,0.0,1.0,0.0,0.0,-1,328,0.0,6627b869a9efe18f4d85e518,compromised_domain,compromised_domain
1.0,0.0,0.0,1.0,0.0,0.0,90,217,0.0,6627b869a9efe18f4d85e508,compromised_domain,compromised_domain
1.0,0.0,0.0,1.0,0.0,0.0,-1,151,0.0,6627a677a9efe18f4d85e4a5,compromised_domain,attackers_domain
1.0,1.0,0.0,1.0,0.0,0.0,-1,209,0.0,662765eea9efe18f4d85e0b1,compromised_domain,compromised_domain
1.0,1.0,0.0,1.0,0.0,1.0,13,87,0.0,66273a4fa9efe18f4d85dffe,compromised_domain,compromised_domain
1.0,1.0,0.0,1.0,0.0,0.0,43,270,0.0,6626faada9efe18f4d85de2c,compromised_domain,shared_domain
1.0,1.0,0.0,1.0,0.0,1.0,1048,268,0.0,6626fa3ea9efe18f4d85dcde,compromised_domain,shared_domain
1.0,1.0,0.0,1.0,0.0,1.0,483,201,0.0,662626cea9efe18f4d85d147,compromised_domain,shared_domain
1.0,1.0,0.0,1.0,0.0,0.0,702,26,0.0,66239a74a9efe18f4d85b354,compromised_domain,shared_domain
